chunk_id,source,source_label,num,section_path,titre,texte,etat,date_debut,date_fin,legiarti_id,url
cgi-768,cgi_dettes_defunt,CGI,768,,,"Pour la liquidation des droits de mutation par décès, les dettes à la charge du défunt sont déduites lorsque leur existence au jour de l'ouverture de la succession est dûment justifiée par tous modes de preuve compatibles avec la procédure écrite.",VIGUEUR,1979-07-01,2999-01-01,LEGIARTI000006305392,https://www.legifrance.gouv.fr/codes/article_lc/LEGIARTI000006305392
cgi-769,cgi_dettes_defunt,CGI,769,,,"Les dettes à la charge du défunt, qui ont été contractées pour l'achat de biens compris dans la succession et exonérés des droits de mutation par décès ou dans l'intérêt de tels biens, sont imputées par priorité sur la valeur desdits biens. Il en est de même des dettes garanties par des biens exonérés des droits de mutation par décès, lorsqu'il est établi que le ou les emprunts ont été contractés par le de cujus ou son conjoint en vue de soustraire tout ou partie de son patrimoine à l'application de ces droits.",VIGUEUR,1979-07-01,2999-01-01,LEGIARTI000006305393,https://www.legifrance.gouv.fr/codes/article_lc/LEGIARTI000006305393
cgi-770,cgi_dettes_defunt,CGI,770,,,"Les dettes dont la déduction est demandée sont détaillées, article par article, dans un inventaire certifié par le déposant et annexé à la déclaration de la succession. A l'appui de leur demande, les héritiers ou leurs représentants doivent indiquer, soit la date de l'acte, le nom et la résidence de l'officier public qui l'a reçu, soit la date de la décision judiciaire et la juridiction dont elle émane. Ils doivent représenter les autres titres, actes ou écrits que le créancier ne peut, sous peine de dommages-intérêts, se refuser à communiquer sous récépissé.",VIGUEUR,1979-07-01,2999-01-01,LEGIARTI000006305394,https://www.legifrance.gouv.fr/codes/article_lc/LEGIARTI000006305394
cgi-774,cgi_dettes_defunt,CGI,774,,,"Par dérogation aux dispositions du 2° de l'article 773, l'existence et la sincérité des dettes résultant de l'application des articles L. 321-13 et suivants du code rural et de la pêche maritime sont suffisamment prouvées à l'égard de l'administration par tous actes et écrits, même postérieurs au décès d'un exploitant agricole, susceptibles de faire preuve en justice entre les cohéritiers ou représentants de l'exploitant. L'héritier créancier de la succession est toutefois tenu de fournir, dans les formes et suivant les règles déterminées par l' article L. 20 du livre des procédures fiscales , une attestation, datée et signée par lui, mentionnant le montant de sa créance sur la succession de l'exploitant.",VIGUEUR,2010-05-08,2999-01-01,LEGIARTI000022328750,https://www.legifrance.gouv.fr/codes/article_lc/LEGIARTI000022328750
cgi-773,cgi_dettes_defunt,CGI,773,,,"Toutefois ne sont pas déductibles : 1° Les dettes échues depuis plus de trois mois avant l'ouverture de la succession, à moins qu'il ne soit produit une attestation du créancier en certifiant l'existence à cette époque, dans la forme et suivant les règles déterminées à l'article L. 20 du livre des procédures fiscales ; 2° Les dettes consenties par le défunt au profit de ses héritiers ou de personnes interposées. Sont réputées personnes interposées les personnes désignées dans l'article 911 , dernier alinéa, du code civil. Néanmoins, lorsque la dette a été consentie par un acte authentique ou par un acte sous-seing privé ayant date certaine avant l'ouverture de la succession autrement que par le décès d'une des parties contractantes, les héritiers, donataires et légataires, et les personnes réputées interposées ont le droit de prouver la sincérité de cette dette et son existence au jour de l'ouverture de la succession ; 3° Les dettes reconnues par testament ; 4° Les dettes hypothécaires garanties par une inscription périmée depuis plus de trois mois, à moins qu'il ne s'agisse d'une dette non échue et que l'existence n'en soit attestée par le créancier dans les formes prévues à l'article L. 20 du livre des procédures fiscales ; si l'inscription n'est pas périmée, mais si le chiffre en a été réduit, l'excédent est seul déduit, s'il y a lieu ; 5° Les dettes en capital et intérêts pour lesquelles le délai de prescription est accompli, à moins qu'il ne soit justifié que la prescription a été interrompue.",VIGUEUR,2013-06-07,2999-01-01,LEGIARTI000027517853,https://www.legifrance.gouv.fr/codes/article_lc/LEGIARTI000027517853
cgi-774bis,cgi_dettes_defunt,CGI,774 bis,,,"I.-Ne sont pas déductibles de l'actif successoral les dettes de restitution exigibles qui portent sur une somme d'argent dont le défunt s'était réservé l'usufruit. Le présent I ne s'applique ni aux dettes de restitution contractées sur le prix de cession d'un bien dont le défunt s'était réservé l'usufruit, sous réserve qu'il soit justifié que ces dettes n'ont pas été contractées dans un objectif principalement fiscal, ni aux usufruits qui résultent de l'application des articles 757 ou 1094-1 du code civil. II.-Par dérogation à l'article 1133 du présent code, la valeur correspondant à la dette de restitution non-déductible de l'actif successoral mentionnée au I du présent article donne lieu à la perception de droits de mutation par décès dus par le nu-propriétaire et calculés d'après le degré de parenté existant entre ce dernier et l'usufruitier, au moment de la succession ou de la constitution de l'usufruit, si les droits dus sont inférieurs. Pour la liquidation des droits dus lors de la succession, en application du présent II, l'article 784 ne s'applique ni sur la valeur des sommes d'argent dont le défunt s'était réservé l'usufruit ni sur celle des biens dont le défunt s'était réservé l'usufruit du prix de cession. Les droits acquittés lors de la constitution de l'usufruit sont imputés sur les droits dus par le nu-propriétaire, sans pouvoir donner lieu à restitution.",VIGUEUR,2023-12-31,2999-01-01,LEGIARTI000048777677,https://www.legifrance.gouv.fr/codes/article_lc/LEGIARTI000048777677
ca-l124-1,ca_assurances_responsabilite,Code des assurances,L124-1,,,"Dans les assurances de responsabilité, l'assureur n'est tenu que si, à la suite du fait dommageable prévu au contrat, une réclamation amiable ou judiciaire est faite à l'assuré par le tiers lésé.",VIGUEUR,1976-07-21,2999-01-01,LEGIARTI000006792604,https://www.legifrance.gouv.fr/codes/article_lc/LEGIARTI000006792604
ca-l124-1-1,ca_assurances_responsabilite,Code des assurances,L124-1-1,,,"Au sens du présent chapitre, constitue un sinistre tout dommage ou ensemble de dommages causés à des tiers, engageant la responsabilité de l'assuré, résultant d'un fait dommageable et ayant donné lieu à une ou plusieurs réclamations. Le fait dommageable est celui qui constitue la cause génératrice du dommage. Un ensemble de faits dommageables ayant la même cause technique est assimilé à un fait dommageable unique.",VIGUEUR,2003-08-02,2999-01-01,LEGIARTI000006792605,https://www.legifrance.gouv.fr/codes/article_lc/LEGIARTI000006792605
ca-l124-2,ca_assurances_responsabilite,Code des assurances,L124-2,,,"L'assureur peut stipuler qu'aucune reconnaissance de responsabilité, aucune transaction, intervenues en dehors de lui, ne lui sont opposables. L'aveu de la matérialité d'un fait ne peut être assimilé à la reconnaissance d'une responsabilité.",VIGUEUR,1976-07-21,2999-01-01,LEGIARTI000006792606,https://www.legifrance.gouv.fr/codes/article_lc/LEGIARTI000006792606
ca-l124-4,ca_assurances_responsabilite,Code des assurances,L124-4,,,"Dans le cas prévu par l'article L. 25-1 du Code de la route, comme il est dit à cet article, ""l'assureur du propriétaire du véhicule est tenu de garantir dans les limites du contrat la réparation du dommage causé au tiers sauf recours, s'il y a lieu, contre la collectivité publique qui, par son fait, a causé le dommage ayant donné lieu à la responsabilité de l'assureur et sans qu'une majoration de prime puisse en résulter pour le propriétaire. Il est statué sur ce recours ainsi que sur toute action en responsabilité en cas de non-assurance du véhicule dans les conditions prévues par l' article 1er de la loi n° 57-1424 du 31 décembre 1957 "".",VIGUEUR,1976-07-21,2999-01-01,LEGIARTI000006792608,https://www.legifrance.gouv.fr/codes/article_lc/LEGIARTI000006792608
ca-l124-5,ca_assurances_responsabilite,Code des assurances,L124-5,,,"La garantie est, selon le choix des parties, déclenchée soit par le fait dommageable, soit par la réclamation. Toutefois, lorsqu'elle couvre la responsabilité des personnes physiques en dehors de leur activité professionnelle, la garantie est déclenchée par le fait dommageable. Un décret en Conseil d'Etat peut également imposer l'un de ces modes de déclenchement pour d'autres garanties. Le contrat doit, selon les cas, reproduire le texte du troisième ou du quatrième alinéa du présent article. La garantie déclenchée par le fait dommageable couvre l'assuré contre les conséquences pécuniaires des sinistres, dès lors que le fait dommageable survient entre la prise d'effet initiale de la garantie et sa date de résiliation ou d'expiration, quelle que soit la date des autres éléments constitutifs du sinistre. La garantie déclenchée par la réclamation couvre l'assuré contre les conséquences pécuniaires des sinistres, dès lors que le fait dommageable est antérieur à la date de résiliation ou d'expiration de la garantie, et que la première réclamation est adressée à l'assuré ou à son assureur entre la prise d'effet initiale de la garantie et l'expiration d'un délai subséquent à sa date de résiliation ou d'expiration mentionné par le contrat, quelle que soit la date des autres éléments constitutifs des sinistres. Toutefois, la garantie ne couvre les sinistres dont le fait dommageable a été connu de l'assuré postérieurement à la date de résiliation ou d'expiration que si, au moment où l'assuré a eu connaissance de ce fait dommageable, cette garantie n'a pas été resouscrite ou l'a été sur la base du déclenchement par le fait dommageable. L'assureur ne couvre pas l'assuré contre les conséquences pécuniaires des sinistres s'il établit que l'assuré avait connaissance du fait dommageable à la date de la souscription de la garantie. Le délai subséquent des garanties déclenchées par la réclamation ne peut être inférieur à cinq ans. Le plafond de la garantie déclenchée pendant le délai subséquent ne peut être inférieur à celui de la garantie déclenchée pendant l'année précédant la date de la résiliation du contrat. Un délai plus long et un niveau plus élevé de garantie subséquente peuvent être fixés dans les conditions définies par décret. Lorsqu'un même sinistre est susceptible de mettre en jeu les garanties apportées par plusieurs contrats successifs, la garantie déclenchée par le fait dommageable ayant pris effet postérieurement à la prise d'effet de la loi n° 2003-706 du 1er août 2003 de sécurité financière est appelée en priorité, sans qu'il soit fait application des quatrième et cinquième alinéas de l'article L. 121-4 . Les dispositions du présent article ne s'appliquent pas aux garanties d'assurance pour lesquelles la loi dispose d'autres conditions d'application de la garantie dans le temps.",VIGUEUR,2003-11-02,2999-01-01,LEGIARTI000006792609,https://www.legifrance.gouv.fr/codes/article_lc/LEGIARTI000006792609
ca-l124-3,ca_assurances_responsabilite,Code des assurances,L124-3,,,"Le tiers lésé dispose d'un droit d'action directe à l'encontre de l'assureur garantissant la responsabilité civile de la personne responsable. L'assureur ne peut payer à un autre que le tiers lésé tout ou partie de la somme due par lui, tant que ce tiers n'a pas été désintéressé, jusqu'à concurrence de ladite somme, des conséquences pécuniaires du fait dommageable ayant entraîné la responsabilité de l'assuré.",VIGUEUR,2007-12-19,2999-01-01,LEGIARTI000017735449,https://www.legifrance.gouv.fr/codes/article_lc/LEGIARTI000017735449
ord45-2590-1,ord_45_2590,Ordonnance n° 45-2590,1,,,"Les notaires sont les officiers publics, établis pour recevoir tous les actes et contrats auxquels les parties doivent ou veulent faire donner le caractère d'authenticité attaché aux actes de l'autorité publique, et pour en assurer la date, en conserver le dépôt, en délivrer des grosses et expéditions.",VIGUEUR,1945-11-03,2999-01-01,LEGIARTI000006915175,https://www.legifrance.gouv.fr/codes/article_lc/LEGIARTI000006915175
ord45-2590-2,ord_45_2590,Ordonnance n° 45-2590,2,,,"Il y a, dans chaque département, une chambre des notaires, dans chaque cour d'appel un conseil régional des notaires, et auprès du garde des sceaux, ministre de la justice, un conseil supérieur du notariat (1). Chaque chambre des notaires, chaque conseil régional, et le conseil supérieur, en adjoignant à leur bureau un nombre égal de clerc ou d'employés, siège en comité mixte. (1) Premier alinéa abrogé, en tant qu'il concerne dans les départements du Bas-Rhin, du Haut-Rhin, du Haut-Rhin et de la Moselle, le conseil régional des notaires, D. n° 73-51, 10 janvier 1973, art. 1er et 21.",VIGUEUR,1945-11-03,2999-01-01,LEGIARTI000006915205,https://www.legifrance.gouv.fr/codes/article_lc/LEGIARTI000006915205
ord45-2590-3,ord_45_2590,Ordonnance n° 45-2590,3,,,"Les chambres des notaires, les conseils régionaux et le conseil supérieur sont des établissements d'utilité publique.",VIGUEUR,1945-11-03,2999-01-01,LEGIARTI000006915212,https://www.legifrance.gouv.fr/codes/article_lc/LEGIARTI000006915212
ord45-2590-9,ord_45_2590,Ordonnance n° 45-2590,9,,,"Un décret déterminera l'organisation et les conditions de fonctionnement des chambres des notaires, des conseils régionaux et du conseil supérieur du notariat.",VIGUEUR,1945-11-03,2999-01-01,LEGIARTI000006915316,https://www.legifrance.gouv.fr/codes/article_lc/LEGIARTI000006915316
ord45-2590-10,ord_45_2590,Ordonnance n° 45-2590,10,,,"Sont abrogés les articles 1er et 50 de la loi du 25 ventôse an XI, l'article 42, alinéas 4 et 5 de la même loi, modifié par la loi du 12 août 1902, en ce qu'il a de contraire aux dispositions de la présente ordonnance, et l'article 4, alinéas 2, 3 et 4, de la loi du 25 janvier 1934.",VIGUEUR,1945-11-03,2999-01-01,LEGIARTI000006915332,https://www.legifrance.gouv.fr/codes/article_lc/LEGIARTI000006915332
ord45-2590-11,ord_45_2590,Ordonnance n° 45-2590,11,,,"est expressément constatée la nullité de l'acte du loi du 16 juin 1941 relative au statut du notariat. Toutefois, la constatation de cette nullité ne porte pas atteinte aux effets découlant de son application antérieure à la publication de la présente ordonnance.",VIGUEUR,1945-11-03,2999-01-01,LEGIARTI000006915352,https://www.legifrance.gouv.fr/codes/article_lc/LEGIARTI000006915352
ord45-2590-12,ord_45_2590,Ordonnance n° 45-2590,12,,,"La présente ordonnance, qui entrera en vigueur le même jour que le décret prévu par l'article 9 ci-dessus, sera publiée au Journal officiel de la République française et exécutée comme loi.",VIGUEUR,1945-11-03,2999-01-01,LEGIARTI000006915362,https://www.legifrance.gouv.fr/codes/article_lc/LEGIARTI000006915362
ord45-2590-préambule,ord_45_2590,Ordonnance n° 45-2590,Préambule,,,"En 1939, le Gouvernement avait entrepris et mené près de leur terme les études nécessaires pour introduire dans la législation des réformes demandées depuis plusieurs années par les associations de notaires, d'avoués, d'huissiers, de commissaires priseurs et d'agréés afin de compléter leur statut professionnels qui dataient des premières années du XIXème siècle ou qui même, pour les agréés, étaient restés purement coutumier. L'autorité de fait, en 1941 et en 1942, publia une série de textes qui réalisa les réformes ainsi envisagées, mais en les modifiant pour se réserver, tout au moins à titre temporaire, le droit de désigner les représentants des professions et pour refuser aux officiers ministériels le droit de se grouper en associations professionnellles. Les ordonnances publiées ci-après ont pour objet, conformément aux voeux manifestés par les intéressés, de valider la réforme ainsi intervenue, mais en recourant à l'élection comme mode unique de désignation, et en rétablissant le droit d'association. En outre, les différents statuts ont été coordonnés et complétés sur les points dont l'expérience avait montré la nécessité. Des décrets en conseil d'Etat précisent les détails d'application de chacune de ces ordonnances.",VIGUEUR,1945-11-03,2999-01-01,LEGIARTI000006915392,https://www.legifrance.gouv.fr/codes/article_lc/LEGIARTI000006915392
ord45-2590-1quater,ord_45_2590,Ordonnance n° 45-2590,1 quater,,,La formation professionnelle continue est obligatoire pour les notaires en exercice. Un décret en Conseil d'Etat détermine la nature et la durée des activités susceptibles d'être validées au titre de l'obligation de formation professionnelle continue. Le Conseil supérieur du notariat détermine les modalités selon lesquelles elle s'accomplit.,VIGUEUR,2010-12-24,2999-01-01,LEGIARTI000023275132,https://www.legifrance.gouv.fr/codes/article_lc/LEGIARTI000023275132
ord45-2590-7,ord_45_2590,Ordonnance n° 45-2590,7,,,Les notaires peuvent former entre eux des associations régies par la loi du 1er juillet 1901 relative au contrat d'association et des syndicats professionnels au sens de l' article L. 2131-1 du code du travail .,VIGUEUR,2010-12-24,2999-01-01,LEGIARTI000023276593,https://www.legifrance.gouv.fr/codes/article_lc/LEGIARTI000023276593
ord45-2590-6-2,ord_45_2590,Ordonnance n° 45-2590,6-2,,,La responsabilité civile professionnelle des notaires est garantie par un contrat d'assurance souscrit par le Conseil supérieur du notariat. Les conseils régionaux de notaires peuvent souscrire des garanties complémentaires.,VIGUEUR,2011-03-30,2999-01-01,LEGIARTI000023777969,https://www.legifrance.gouv.fr/codes/article_lc/LEGIARTI000023777969
ord45-2590-6-1,ord_45_2590,Ordonnance n° 45-2590,6-1,,,"Dans des conditions fixées par décret en Conseil d'Etat, le conseil supérieur du notariat centralise et diffuse les données visées à l'article 6 de la loi du 25 ventôse an XI contenant organisation du notariat. La mise en œuvre de cette mission de service public peut être déléguée par le conseil supérieur du notariat à tout organisme de droit privé placé sous son contrôle.",VIGUEUR,2011-03-30,2999-01-01,LEGIARTI000023780882,https://www.legifrance.gouv.fr/codes/article_lc/LEGIARTI000023780882
ord45-2590-5-2,ord_45_2590,Ordonnance n° 45-2590,5-2,,,"Le président du conseil régional ou du conseil interrégional des notaires, ou le président de l'établissement d'utilité publique faisant fonction de conseil régional, ou leurs délégués, peuvent être désignés par le ministre des affaires étrangères et le garde des sceaux, ministre de la justice, après avis du président du conseil supérieur du notariat, pour accomplir les formalités de la légalisation et de l'apostille sur les actes publics établis par une autorité française et destinés à être produits à l'étranger, dans les conditions fixées par un décret en Conseil d'Etat.",VIGUEUR,2020-03-06,2999-01-01,LEGIARTI000041687535,https://www.legifrance.gouv.fr/codes/article_lc/LEGIARTI000041687535
ord45-2590-13,ord_45_2590,Ordonnance n° 45-2590,13,,,"Les articles 1er à 7 de la présente ordonnance sont applicables aux collectivités territoriales de Saint-Pierre-et-Miquelon et de Mayotte. Un décret en Conseil d'Etat fixe la date d'entrée en vigueur et les modalités d'application du présent article. Les attributions dévolues aux établissements d'utilité publique visés par les articles 4 et 5 sont exercées, en ce qui concerne la collectivité territoriale de Saint-Pierre-et-Miquelon, par les établissements d'utilité publique existant dans le département de la Martinique et dans le ressort de la cour d'appel de Fort-de-France et, en ce qui concerne la collectivité territoriale de Mayotte, par ceux existant dans le département de la Réunion et dans le ressort de la cour d'appel de Saint-Denis. Les attributions prévues à l'article 5-2 sont exercées, à Saint-Pierre-et-Miquelon, par le président de l'établissement d'utilité publique existant dans le ressort de la cour d'appel de Fort-de-France et, à Mayotte, par le président de l'établissement d'utilité publique existant dans le ressort de la cour d'appel de Saint-Denis, ou par leurs délégués.",VIGUEUR,2020-03-06,2999-01-01,LEGIARTI000041689028,https://www.legifrance.gouv.fr/codes/article_lc/LEGIARTI000041689028
ord45-2590-6-3,ord_45_2590,Ordonnance n° 45-2590,6-3 ,,,"Le conseil supérieur du notariat veille à l'accès aux prestations notariales sur l'ensemble du territoire national, notamment dans les zones géographiques où la rentabilité des offices ne serait pas suffisante. A ce titre, il est habilité à percevoir auprès des notaires une contribution pour le financement d'aides à l'installation ou au maintien de professionnels, dont l'assiette et le taux sont fixés, sur sa proposition, par arrêté du ministre de la justice. Cette contribution, nonobstant son caractère obligatoire, a la nature d'une créance de droit privé. Le conseil supérieur du notariat rend compte chaque année au Gouvernement et au Parlement de l'usage fait du produit de ladite contribution.",VIGUEUR,2020-12-27,2999-01-01,LEGIARTI000042744693,https://www.legifrance.gouv.fr/codes/article_lc/LEGIARTI000042744693
ord45-2590-6-4,ord_45_2590,Ordonnance n° 45-2590,6-4,,,"Les sanctions énumérées aux 3° et 4° de l'article 16 de l'ordonnance n° 2022-544 du 13 avril 2022 relative à la déontologie et à la discipline des officiers ministériels entraînent, à titre accessoire, l'inéligibilité aux instances et organismes professionnels.",VIGUEUR,2022-07-01,2999-01-01,LEGIARTI000045575394,https://www.legifrance.gouv.fr/codes/article_lc/LEGIARTI000045575394
ord45-2590-6-5,ord_45_2590,Ordonnance n° 45-2590,6-5,,,"En cas de manquement grave à leurs devoirs, le conseil supérieur du notariat et les conseils régionaux et interrégionaux des notaires peuvent être suspendus ou dissous par arrêté du garde des sceaux, ministre de la justice, après avis, pour le conseil supérieur, de la chambre compétente de la Cour de cassation et pour les conseils régionaux et interrégionaux, de la cour d'appel siégeant en chambre du conseil.",VIGUEUR,2022-07-01,2999-01-01,LEGIARTI000045575404,https://www.legifrance.gouv.fr/codes/article_lc/LEGIARTI000045575404
ord45-2590-6-6,ord_45_2590,Ordonnance n° 45-2590,6-6,,,"La suspension ne peut être prononcée pour plus de six mois. Pendant la durée de la suspension, les attributions du conseil supérieur et des conseils régionaux et interrégionaux sont transférées à la première chambre civile de la Cour de cassation, laquelle peut désigner un ou plusieurs notaires honoraires ou en exercice chargés d'agir conformément à ce qui aura été délibéré. Néanmoins, les poursuites disciplinaires ne peuvent être exercées que par le ministère public.",VIGUEUR,2022-07-01,2999-01-01,LEGIARTI000045575414,https://www.legifrance.gouv.fr/codes/article_lc/LEGIARTI000045575414
ord45-2590-6-7,ord_45_2590,Ordonnance n° 45-2590,6-7,,,"En cas de dissolution, les attributions du conseil supérieur du notariat sont exercées comme il est dit à l'article précédent. A l'expiration du délai fixé par l'arrêté de dissolution, délai qui ne peut excéder trois années, le corps électoral convoqué par le premier président, procède à l'élection d'un nouveau conseil.",VIGUEUR,2022-07-01,2999-01-01,LEGIARTI000045575424,https://www.legifrance.gouv.fr/codes/article_lc/LEGIARTI000045575424
ord45-2590-8,ord_45_2590,Ordonnance n° 45-2590,8,,,"Par dérogation aux dispositions de l'article 1er de la présente ordonnance, dans le ressort de la Cour d'appel de Paris, la chambre départementale des notaires de Paris remplira, pour ces notaires, le rôle de conseil régional, indépendamment du conseil régional qui est constitué pour le reste du ressort. Un décret en Conseil d'Etat fixe les conditions d'application du présent article.",VIGUEUR,2022-07-01,2999-01-01,LEGIARTI000045579224,https://www.legifrance.gouv.fr/codes/article_lc/LEGIARTI000045579224
ord45-2590-6,ord_45_2590,Ordonnance n° 45-2590,6,,,"Le conseil supérieur représente l'ensemble de la profession auprès des pouvoirs publics. Il prévient ou concilie tous différends d'ordre professionnel entre les chambres des notaires ou entre les notaires ne relevant pas du même conseil régional, il tranche, en cas de non-conciliation, ces litiges par des décisions qui sont exécutoires immédiatement ; il organise et règle le budget de toutes les oeuvres sociales intéressant les notaires. Le conseil supérieur peut, devant toutes les juridictions, exercer tous les droits réservés à la partie civile relativement aux faits portant un préjudice direct ou indirect à l'intérêt collectif de la profession. Le conseil supérieur établit son budget et en répartit les charges entre les conseils régionaux. Le conseil supérieur et les syndicats professionnels ou groupements d'employeurs représentatifs négocient et concluent les conventions et accords collectifs de travail. Le conseil supérieur, siégeant en comité mixte, règle les questions d'ordre général concernant la création, le fonctionnement et le budget des œuvres sociales intéressant le personnel des études. Le conseil supérieur, siégeant en l'une ou l'autre de ses formations, donne son avis chaque fois qu'il en est requis par le garde des sceaux, ministre de la justice, sur les questions professionnelles entrant dans ses attributions. Le conseil supérieur peut assister les chambres des notaires dans leur mission de contrôle du respect, par les notaires, des obligations prévues aux chapitres Ier et II du titre VI du livre V du code monétaire et financier, des dispositions européennes directement applicables en matière de lutte contre le blanchiment des capitaux et le financement du terrorisme, y compris celles des règlements européens portant mesures restrictives pris en application des articles 75 ou 215 du traité sur le fonctionnement de l'Union européenne, ainsi que celles prises en application du même article 215 à d'autres fins. Le conseil supérieur prépare un code de déontologie édicté par décret en Conseil d'Etat énonçant les principes et devoirs professionnels permettant le bon exercice des fonctions de notaire. Il précise par voie de règlement, approuvé par arrêté du garde des sceaux, ministre de la justice, les règles professionnelles propres à assurer le respect de ce code. Le conseil supérieur assure l'organisation de la formation professionnelle initiale et continue des membres des services d'enquête et des juridictions disciplinaires institués par l'ordonnance n° 2022-544 du 13 avril 2022 relative à la déontologie et à la discipline des officiers ministériels. Le conseil supérieur exerce l'action disciplinaire dans les conditions prévues par l'ordonnance n° 2022-544 du 13 avril 2022 relative à la déontologie et à la discipline des officiers ministériels.",VIGUEUR,2022-07-01,2999-01-01,LEGIARTI000045579228,https://www.legifrance.gouv.fr/codes/article_lc/LEGIARTI000045579228
ord45-2590-5,ord_45_2590,Ordonnance n° 45-2590,5,,,"Le conseil régional des notaires représente l'ensemble des notaires du ressort de la cour d'appel en ce qui touche à leurs droits droits et intérêts communs. Il prévient ou concilie tous différends d'ordre professionnel entre les chambres des notaires des notaires du ressort de la cour d'appel ou entre les notaires du ressort n'exerçant pas dans le même département et tranche, en cas de non-conciliation, ces litiges par des décisions qui sont immédiatement exécutoires. Il donne son avis : a) Sur les règlements établis par les chambres des notaires du ressort de la cour d'appel ; b) texte abrogé. Il désigne : a) Cinq notaires pour faire partie de la commission chargée, au chef-lieu de la cour d'appel, de faire subir l'examen professionnel de notaire à tous les aspirants du ressort ; b) Les membres composant le conseil d'administration de la caisse régionale de garantie instituée par la loi du 25 janvier 1934 ; c) Le délégué appelé à faire partie du conseil supérieur. Il procède : a) A l'examen de toutes réclamations formulées à l'encontre d'un professionnel relevant de sa compétence dans les conditions prévues par décret en Conseil d'Etat ; b) A la vérification de la tenue de la comptabilité, ainsi que de l'organisation et du fonctionnement des offices de notaires du ressort ; c) A l'action disciplinaire dans les conditions prévues par l'ordonnance n° 2022-544 du 13 avril 2022 relative à la déontologie et à la discipline des officiers ministériels. Les attributions mentionnées aux trois alinéas précédents sont mises en œuvre par le président du conseil régional ou interrégional. Le conseil régional remplit en outre les fonctions réservées à la commission de contrôle de la comptabilité des notaires. Le conseil régional, siégeant en commité mixte, règle toutes questions concernant les institutions et oeuvres sociales intéressant le personnel des études. Le conseil régional siégeant en l'une ou l'autre de ses formations est chargé, en outre, d'assurer dans le ressort l'exécution des décisions prises par le conseil supérieur.",VIGUEUR,2022-07-01,2999-01-01,LEGIARTI000045579231,https://www.legifrance.gouv.fr/codes/article_lc/LEGIARTI000045579231
ord45-2590-4,ord_45_2590,Ordonnance n° 45-2590,4,,,"La chambre des notaires a pour attributions : 1° D'établir, en ce qui concerne les usages de la profession et les rapports des notaires tant entre eux qu'avec la clientèle, un règlement qui sera soumis à l'approbation du garde des sceaux, ministre de la justice ; 2° De faire connaître aux instances compétentes les infractions disciplinaires dont elle a connaissance ; 3° De prévenir ou de concilier tous différends d'ordre professionnel entre notaires du département, de trancher, en cas de non-conciliation, ces litiges par des décisions qui seront exécutoires immédiatement ; 4° (Abrogé) ; 5° De vérifier la tenue de la comptabilité, ainsi que l'organisation et le fonctionnement des offices de notaires de la compagnie ; 6° De donner son avis, lorsqu'elle en est requise : a) Sur les actions en dommages-intérêts intentées contre les notaires en raison d'actes de leurs fonctions ; b) Sur les difficultés concernant le règlement des honoraires et vacations des notaires, ainsi que sur tous différends soumis à cet égard à la juridiction compétente ; 7° De délivrer ou de refuser par une décision motivée tous certificats de bonnes moeurs et capacité à elles demandés par les aspirants aux fonctions de notaire ; 8° De recevoir en dépôt les états des minutes dépendant des études de notaires supprimées ; 9° De préparer le budget de la compagnie et d'en proposer le vote à l'assemblée générale, de gérer la bourse commune et de poursuivre le recouvrement des cotisations ; 10° De vérifier le respect par les notaires de leurs obligations prévues par le chapitre Ier du titre VI du livre V du code monétaire et financier en matière de lutte contre le blanchiment des capitaux et le financement du terrorisme et de se faire communiquer, dans des conditions fixées par décret en Conseil d'Etat, les documents relatifs au respect de ces obligations. La chambre des notaires, siégeant en comité mixte, est chargée d'assurer dans le département les décisions prises en matière d'œuvres sociales par le conseil supérieur et le conseil régional siégeant tous deux en comité mixte. La chambre des notaires est chargée en outre d'assurer dans le département l'exécution des décisions prises par le conseil supérieur et le conseil régional.",VIGUEUR,2022-07-01,2999-01-01,LEGIARTI000045579234,https://www.legifrance.gouv.fr/codes/article_lc/LEGIARTI000045579234
ord45-2590-1ter,ord_45_2590,Ordonnance n° 45-2590,1 ter,,,"Une personne physique titulaire d'un office notarial ne peut pas employer plus de quatre notaires salariés. Une personne morale titulaire d'un office de notaire ne peut pas employer un nombre de notaires salariés supérieur au quadruple de celui des notaires associés qui y exercent la profession. A compter du 1er janvier 2020, le nombre de recrutements de notaires salariés est limité à deux pour une personne physique titulaire d'un office notarial et au double de celui des notaires associés y exerçant la profession pour les personnes morales titulaires d'un office de notaire. En aucun cas le contrat de travail du notaire salarié ne peut porter atteinte au code de déontologie édicté par décret en Conseil d'Etat et aux règles professionnelles des notaires. Nonobstant toute clause du contrat de travail, le notaire salarié peut refuser à son employeur de recevoir un acte ou d'accomplir une mission lorsque cet acte ou cette mission lui paraissent contraires à sa conscience ou susceptibles de porter atteinte à son indépendance. Toute clause de non-concurrence est réputée non écrite. Un décret en Conseil d'Etat fixe les modalités d'application du présent article, et notamment les règles applicables au règlement des litiges nés à l'occasion de l'exécution d'un contrat de travail après médiation du président de la chambre des notaires, celles relatives au licenciement du notaire salarié et, dans ce cas, les conditions dans lesquelles il peut être mis fin aux fonctions d'officier public du notaire salarié.",VIGUEUR,2022-07-01,2999-01-01,LEGIARTI000045579236,https://www.legifrance.gouv.fr/codes/article_lc/LEGIARTI000045579236
ord45-2590-1bisa,ord_45_2590,Ordonnance n° 45-2590,1 bis A,,,"Le notaire peut également exercer sa profession dans le cadre d'une société pluri-professionnelle d'exercice, prévue au titre IV bis de la loi n° 90-1258 du 31 décembre 1990 relative à l'exercice sous forme de sociétés des professions libérales soumises à un statut législatif ou réglementaire ou dont le titre est protégé et aux sociétés de participations financières de professions libérales, ayant pour objet l'exercice en commun de la profession de notaire et d'une ou plusieurs autres professions prévues à ce titre. Les dispositions des troisième et quatrième alinéas de l'article 1er bis sont applicables à une telle société. Un décret en Conseil d'Etat fixe notamment les conditions de la nomination de la société dans un ou plusieurs offices de notaire, de son interdiction temporaire et de sa destitution, ainsi que les règles applicables en cas d'empêchement, de retrait ou de décès d'un associé exerçant la profession.",VIGUEUR,2022-07-01,2999-01-01,LEGIARTI000045579238,https://www.legifrance.gouv.fr/codes/article_lc/LEGIARTI000045579238
ord45-2590-1bis,ord_45_2590,Ordonnance n° 45-2590,1 bis,,,"Le notaire peut exercer sa profession soit à titre individuel, soit dans le cadre d'une entité dotée de la personnalité morale, à l'exception des formes juridiques qui confèrent à leurs associés la qualité de commerçant, soit en qualité de salarié d'une personne physique ou morale titulaire d'un office notarial. Il peut également être membre d'un groupement d'intérêt économique ou d'un groupement européen d'intérêt économique ou associé d'une société en participation régie par le titre II de la loi n° 90-1258 du 31 décembre 1990 relative à l'exercice sous forme de sociétés des professions libérales soumises à un statut législatif ou réglementaire ou dont le titre est protégé et aux sociétés de participations financières de professions libérales. Lorsque la forme juridique d'exercice est une société à responsabilité limitée, une société anonyme, une société par actions simplifiée ou une société en commandite par actions régies par les dispositions du livre II du code de commerce, celle-ci est également soumise aux dispositions du livre III de l'ordonnance n° 2023-77 du 8 février 2023 relative à l'exercice en société des professions libérales réglementées à l'exception des obligations de dénomination prévues au premier alinéa de l'article 41 de cette ordonnance qui deviennent facultatives.",VIGUEUR,2024-09-01,2999-01-01,LEGIARTI000047110035,https://www.legifrance.gouv.fr/codes/article_lc/LEGIARTI000047110035
d73-609-1,decret_73_609,Décret n° 73-609,1,,,Sont abrogés les articles 35 à 50 de la loi du 25 ventôse an XI.,VIGUEUR,1973-10-01,2999-01-01,LEGIARTI000006271712,https://www.legifrance.gouv.fr/codes/article_lc/LEGIARTI000006271712
d73-609-135,decret_73_609,Décret n° 73-609,135,,,"Le garde des sceaux, ministre de la justice, et le ministre de l'éducation nationale sont chargés, chacun en ce qui le concerne, de l'exécution du présent décret, qui sera publié au Journal officiel de la République française.",VIGUEUR,1973-10-01,2999-01-01,LEGIARTI000006920581,https://www.legifrance.gouv.fr/codes/article_lc/LEGIARTI000006920581
d73-609-2,decret_73_609,Décret n° 73-609,2,,,La préparation aux fonctions et emplois de la profession notariale et la nomination aux fonctions de notaire sont régies par les dispositions du présent décret.,VIGUEUR,1973-10-01,2999-01-01,LEGIARTI000006920582,https://www.legifrance.gouv.fr/codes/article_lc/LEGIARTI000006920582
d73-609-43-5,decret_73_609,Décret n° 73-609,43-5,,,"L'examen de contrôle des connaissances se déroule devant un jury composé comme suit : 1° Un professeur, en activité ou émérite, chargé d'un enseignement en rapport avec la spécialisation revendiquée, président du jury, désigné par arrêté du garde des sceaux, ministre de la justice, sur proposition du ministre chargé de l'enseignement supérieur ; 2° Selon la spécialisation en cause, un magistrat de l'ordre judiciaire ou un membre du corps des tribunaux administratifs et des cours administratives d'appel, désignés par l'arrêté prévu au 1° du présent article ; 3° Un notaire admis à faire usage de la mention de spécialisation demandée ou, à défaut, justifiant d'une qualification suffisante dans cette spécialisation, désigné par l'arrêté précité, après avis du Conseil supérieur du notariat. Un nombre égal de suppléants est désigné dans les mêmes conditions. Le président et les membres du jury sont désignés pour une période de trois ans renouvelable deux fois. Toutefois, si un membre du jury vient à cesser ses fonctions avant l'expiration de la durée normale de son mandat, il est pourvu, dans le délai de trois mois, à son remplacement. En ce cas, les fonctions du nouveau membre expirent à la date à laquelle auraient cessé celles du membre qu'il a remplacé.",VIGUEUR,1999-07-31,2999-01-01,LEGIARTI000006920718,https://www.legifrance.gouv.fr/codes/article_lc/LEGIARTI000006920718
d73-609-43-7,decret_73_609,Décret n° 73-609,43-7,,,Le notaire qui entend faire usage d'une mention de spécialisation en informe préalablement la chambre des notaires devant laquelle il justifie qu'il possède le certificat de spécialisation.,VIGUEUR,1995-10-13,2999-01-01,LEGIARTI000006920721,https://www.legifrance.gouv.fr/codes/article_lc/LEGIARTI000006920721
d73-609-44,decret_73_609,Décret n° 73-609,44,,,"Les nominations de notaires sont prononcées par arrêté du garde des sceaux, ministre de la justice, dans les conditions définies au présent chapitre.",VIGUEUR,1973-10-01,2999-01-01,LEGIARTI000006920722,https://www.legifrance.gouv.fr/codes/article_lc/LEGIARTI000006920722
d73-609-45,decret_73_609,Décret n° 73-609,45,,,"Le candidat à la succession d'un notaire sollicite l'agrément du garde des sceaux, ministre de la justice, dans les formes prévues aux articles suivants.",VIGUEUR,1973-10-01,2999-01-01,LEGIARTI000006920723,https://www.legifrance.gouv.fr/codes/article_lc/LEGIARTI000006920723
d73-609-98,decret_73_609,Décret n° 73-609,98,,,"Dans les délibérations du conseil d'administration, en cas de partage égal des voix, celle du président est prépondérante. Le conseil d'administration peut s'adjoindre, avec voix consultative, des personnes étrangères à la profession.",VIGUEUR,1973-10-01,2999-01-01,LEGIARTI000006920885,https://www.legifrance.gouv.fr/codes/article_lc/LEGIARTI000006920885
d73-609-112,decret_73_609,Décret n° 73-609,112,,,"Il est ouvert au moins un concours par an. La date et le lieu des épreuves sont fixés par arrêté du garde des sceaux, ministre de la justice, publié au moins deux mois à l'avance. L'arrêté détermine le nombre de places mises au concours, ce nombre ne pouvant excéder deux fois le nombre moyen des offices devenus vacants pendant les trois dernières années. Il ne peut toutefois, être offert moins de deux places à chaque concours.",VIGUEUR,1973-10-01,2999-01-01,LEGIARTI000006920912,https://www.legifrance.gouv.fr/codes/article_lc/LEGIARTI000006920912
d73-609-114,decret_73_609,Décret n° 73-609,114,,,Le concours comporte des épreuves écrites et des épreuves orales. Les épreuves écrites sont organisées de manière à assurer l'anonymat des candidats. Les épreuves orales sont publiques.,VIGUEUR,1973-10-01,2999-01-01,LEGIARTI000006920915,https://www.legifrance.gouv.fr/codes/article_lc/LEGIARTI000006920915
d73-609-115,decret_73_609,Décret n° 73-609,115,,,"Un arrêté du garde des sceaux, ministre de la justice, fixe le programme et les modalités du concours.",VIGUEUR,1973-10-01,2999-01-01,LEGIARTI000006920916,https://www.legifrance.gouv.fr/codes/article_lc/LEGIARTI000006920916
d73-609-116,decret_73_609,Décret n° 73-609,116,,,"A l'issue des épreuves, le jury arrête, par ordre de mérite, la liste des candidats reçus. Cette liste est adressée au garde des sceaux, ministre de la justice, et publiée au Journal officiel.",VIGUEUR,1973-10-01,2999-01-01,LEGIARTI000006920917,https://www.legifrance.gouv.fr/codes/article_lc/LEGIARTI000006920917
d73-609-117,decret_73_609,Décret n° 73-609,117,,,"Les candidats reçus au concours sont radiés du registre du stage et inscrits sur un registre des candidats notaires. Les candidats éliminés en application de l'article 113, dernier alinéa, sont radiés du registre du stage.",VIGUEUR,1973-10-01,2999-01-01,LEGIARTI000006920918,https://www.legifrance.gouv.fr/codes/article_lc/LEGIARTI000006920918
d73-609-119,decret_73_609,Décret n° 73-609,119,,,"Pour chaque office à pourvoir, la commission propose les candidats par ordre de préférence à l'agrément du garde des sceaux, ministre de la justice. Les propositions doivent porter sur deux noms au moins lorsque le nombre total des candidatures qui se sont manifestées est inférieur ou égal à quatre, et sur trois noms lorsque le nombre total de ces candidatures est supérieur à quatre. En aucun cas les propositions ne peuvent porter sur plus de trois noms. En l'absence de toute candidature ou s'il ne se manifeste qu'une seule candidature, la commission peut, pour tout office à pourvoir, proposer, dans les limites fixées ci-dessus, des personnes choisies parmi celles qui sont inscrites sur le registre des candidats notaires. Les candidats reçus au concours perdent le bénéfice de leur admission par le refus simultané ou successif de trois offices.",VIGUEUR,1973-10-01,2999-01-01,LEGIARTI000006920921,https://www.legifrance.gouv.fr/codes/article_lc/LEGIARTI000006920921
d73-609-120,decret_73_609,Décret n° 73-609,120,,,"Si le garde des sceaux, ministre de la justice, ne retient aucune des candidatures proposées par la commission, celle-ci peut être saisie de nouvelles candidatures et formuler de nouvelles propositions.",VIGUEUR,1973-10-01,2999-01-01,LEGIARTI000006920922,https://www.legifrance.gouv.fr/codes/article_lc/LEGIARTI000006920922
d73-609-122,decret_73_609,Décret n° 73-609,122,,,"Un décret en Conseil d'Etat détermine la date et les modalités d'application du présent décret aux départements de la Guadeloupe, de la Guyane, de la Martinique et de la Réunion.",VIGUEUR,1990-09-01,2999-01-01,LEGIARTI000006920927,https://www.legifrance.gouv.fr/codes/article_lc/LEGIARTI000006920927
d73-609-127,decret_73_609,Décret n° 73-609,127,,,"Pour l'application des dispositions du présent décret, la réussite à l'examen de premier clerc prévu par l'article 41 de la loi du 25 ventôse an XI susvisée est assimilée, sous réserve des dispositions de l'article 128 (3°), à la possession du diplôme de premier clerc institué par le présent décret.",VIGUEUR,1973-10-01,2999-01-01,LEGIARTI000006920932,https://www.legifrance.gouv.fr/codes/article_lc/LEGIARTI000006920932
d73-609-128,decret_73_609,Décret n° 73-609,128,,,"Après le 1er octobre 1973 pourront être nommés notaire, dans un office situé dans un département autre que le Haut-Rhin, le Bas-Rhin ou la Moselle : 1° Les anciens notaires ; 2° Les personnes remplissant au 1er octobre 1973 les conditions requises jusqu'alors pour exercer les fonctions de notaire ; 3° Les personnes mentionnées aux articles 123 et 124 si elles ont subi avec succès l'examen professionnel dans les conditions prévues à l'article 126 et si elles ont accompli un stage de la durée ci-après : Trois ans si les intéressés remplissent la condition prévue à l'article 3 (5°) ou s'ils sont titulaires du diplôme de premier clerc du nouveau régime ; Quatre ans si les intéressés sont titulaires du diplôme d'un institut des métiers du notariat prévue par le décret du 1er mai 1905 ; Six ans dans les autres cas. Le stage accompli avant l'entrée en vigueur du présent décret doit, pour être pris en considération, remplir les conditions exigées par la réglementation en vigueur à cette époque.",VIGUEUR,2007-08-22,2999-01-01,LEGIARTI000006920934,https://www.legifrance.gouv.fr/codes/article_lc/LEGIARTI000006920934
d73-609-129,decret_73_609,Décret n° 73-609,129,,,"Après le 1er octobre 1973, pourront être nommées notaire dans un office du Haut-Rhin, du Bas-Rhin ou de la Moselle : 1° Les personnes mentionnées aux 1° et 2° de l'article 128 qui auront accompli dans un office de ces départements le stage de deux années et réussi au concours professionnel prévus par l'article 110 ; 2° Les personnes reçues au concours professionnel prévu à l'article 50 (3°) de la loi du 25 ventôse an XI, si elles ont subi avec succès, à l'issue des quatre ans de stage requis, l'examen professionnel de notaire de l'ancien ou du nouveau régime.",VIGUEUR,1973-10-01,2999-01-01,LEGIARTI000006920935,https://www.legifrance.gouv.fr/codes/article_lc/LEGIARTI000006920935
d73-609-130,decret_73_609,Décret n° 73-609,130,,,"Les titulaires du diplôme d'un institut des métiers du notariat prévue par le décret du 1er mai 1905 sont admis à se présenter à l'examen de premier clerc institué par le présent décret, à la condition qu'ils aient suivi l'enseignement du deuxième cycle de l'institut des métiers du notariat institué par le présent décret. Les titulaires de la licence en droit qui ont obtenu ce diplôme sous le régime antérieur à l'entrée en vigueur du décret n° 54-343 du 27 mars 1954 sont considérés, pour l'application du présent décret, comme titulaires d'une maîtrise en droit. Il en est de même pour les licenciés en droit ayant obtenu ce titre lorsque la licence a été organisée sur quatre années.",VIGUEUR,2007-08-22,2999-01-01,LEGIARTI000006920937,https://www.legifrance.gouv.fr/codes/article_lc/LEGIARTI000006920937
d73-609-133,decret_73_609,Décret n° 73-609,133,,,"Sont abrogés : Le décret du 1er mai 1905 concernant les écoles de notariat ; Les articles 28,28 A à 28 F et 29 du décret du 19 décembre 1945 susvisé ; Le décret n° 55-1075 du 8 août 1955 pris pour l'application des articles 50,51 et 52 de la loi du 25 ventôse an XI relatifs au statut des notaires dans les départements du Haut-Rhin, du Bas-Rhin et de la Moselle ; Les articles 17 à 23 du décret n° 71-942 du 26 novembre 1971 relatif aux créations, transferts et suppressions d'offices de notaire, à la compétence d'instrumentation et à la résidence des notaires, à la garde et à la transmission des minutes et registres professionnels des notaires ; Les articles 6 et 7 du décret n° 73-51 du 10 janvier 1973 relatifs aux avocats, notaires, huissiers de justice et syndics administrateurs judiciaires du ressort des Cours d'appel de Colmar et de Metz. Sont abrogés en tant qu'ils concernent les notaires : Le décret du 5 avril 1852 relatif à la prestation de serment des greffiers et commis greffiers, des avocats au Conseil d'Etat et à la Cour de cassation, des avoués, des notaires, des commissaires-priseurs, des huissiers, des gardes de commerce et des gardes champêtres ; Le décret n° 50-97 du 20 janvier 1950 concernant certains offices publics et ministériels vacants.",VIGUEUR,1973-10-01,2999-01-01,LEGIARTI000006920941,https://www.legifrance.gouv.fr/codes/article_lc/LEGIARTI000006920941
d73-609-134,decret_73_609,Décret n° 73-609,134,,,Le présent décret ne pourra être modifié que par décret en Conseil d'Etat.,VIGUEUR,1973-10-01,2999-01-01,LEGIARTI000006920942,https://www.legifrance.gouv.fr/codes/article_lc/LEGIARTI000006920942
d73-609-118,decret_73_609,Décret n° 73-609,118,,,"Les nominations aux offices de notaires dans les départements du Bas-Rhin, du Haut-Rhin et de la Moselle ont lieu sur les propositions formulées par la commission prévue au chapitre VI du titre II du décret n° 73-1202 du 28 décembre 1973 relatif à la discipline et au statut des officiers publics et ministériels.",VIGUEUR,2009-12-14,2999-01-01,LEGIARTI000021480509,https://www.legifrance.gouv.fr/codes/article_lc/LEGIARTI000021480509
d73-609-43-9,decret_73_609,Décret n° 73-609,43-9,,,"Les notaires déclarent, au plus tard le 31 janvier de chaque année civile, auprès de la chambre dont ils relèvent les conditions dans lesquelles ils ont satisfait à leur obligation de formation continue au cours de l'année écoulée. Les justificatifs utiles à la vérification du respect de cette obligation sont joints à cette déclaration. La chambre des notaires contrôle l'accomplissement effectif de l'obligation de formation continue des notaires en vérifiant les critères des formations suivies ainsi que leur lien nécessaire avec l'activité de notaire.",VIGUEUR,2012-01-01,2999-01-01,LEGIARTI000024629980,https://www.legifrance.gouv.fr/codes/article_lc/LEGIARTI000024629980
d73-609-46,decret_73_609,Décret n° 73-609,46,,,"La demande de nomination est présentée au garde des sceaux, ministre de la justice, par téléprocédure sur le site internet du ministère de la justice. Elle est accompagnée de toutes pièces justificatives et notamment des conventions intervenues entre le titulaire de l'office ou ses ayants droit et le candidat. Lorsque ce dernier doit contracter un emprunt, elle est en outre accompagnée des éléments permettant d'apprécier ses possibilités financières au regard des engagements contractés.",VIGUEUR,2016-05-26,2999-01-01,LEGIARTI000032586274,https://www.legifrance.gouv.fr/codes/article_lc/LEGIARTI000032586274
d73-609-55,decret_73_609,Décret n° 73-609,55,,,Le délai de deux mois mentionné au point III de l'article 52 de la loi n° 2015-990 du 6 août 2015 susmentionnée ne court qu'à compter du dépôt d'un dossier de demande complet. Les avis de l'Autorité de la concurrence rendus dans ce cadre sont publiés sur le site internet du ministère de la justice.,VIGUEUR,2016-05-26,2999-01-01,LEGIARTI000032586328,https://www.legifrance.gouv.fr/codes/article_lc/LEGIARTI000032586328
d73-609-54,decret_73_609,Décret n° 73-609,54,,,L'appel à manifestation d'intérêt prévu au deuxième alinéa du II de l'article 52 de la loi n° 2015-990 du 6 août 2015 susmentionnée est publié sur le site internet du ministère de la justice et transmis au Conseil supérieur du notariat en vue de sa diffusion aux conseils régionaux des notaires. L'enregistrement et l'instruction des demandes de création d'office dans les zones ainsi signalées sont réalisés dans les conditions prévues par les articles 49 et suivants du présent décret.,VIGUEUR,2016-05-26,2999-01-01,LEGIARTI000032586331,https://www.legifrance.gouv.fr/codes/article_lc/LEGIARTI000032586331
d73-609-51-1,decret_73_609,Décret n° 73-609,51-1,,,Les demandes qui ne satisfont pas aux conditions de forme et de délai prévues par le présent paragraphe ne sont pas recevables.,VIGUEUR,2016-05-26,2999-01-01,LEGIARTI000032586344,https://www.legifrance.gouv.fr/codes/article_lc/LEGIARTI000032586344
d73-609-117-1,decret_73_609,Décret n° 73-609,117-1,,,"Lorsqu'une vacance vient à se produire, celle-ci est immédiatement publiée par les soins du procureur général, qui indique le délai qui est imparti aux candidats, à peine de forclusion, pour adresser leur dossier au parquet du procureur de la République du ressort. Ce délai ne peut être inférieur à trente jours. Tous les notaires déjà en fonction, dans les ressorts des cours d'appel de Colmar et de Metz ainsi que les autres candidats remplissant les conditions d'aptitude requises, peuvent présenter leur candidature.",VIGUEUR,2016-07-01,2999-01-01,LEGIARTI000032842383,https://www.legifrance.gouv.fr/codes/article_lc/LEGIARTI000032842383
d73-609-122-1,decret_73_609,Décret n° 73-609,122-1,,,"Le présent décret est applicable à Saint-Pierre-et-Miquelon sous réserve des adaptations suivantes : 1° Les mots : “ tribunal de grande instance ” sont remplacés par les mots : “ tribunal de première instance ” ; 2° Les attributions dévolues par le présent décret aux chambres des notaires sont exercées, s'agissant de Saint-Pierre-et-Miquelon, par l'établissement d'utilité publique existant pour les notaires du département de Martinique.",VIGUEUR,2017-05-05,2999-01-01,LEGIARTI000034576802,https://www.legifrance.gouv.fr/codes/article_lc/LEGIARTI000034576802
d73-609-49,decret_73_609,Décret n° 73-609,49,,,"Peuvent demander leur nomination sur un office à créer les personnes qui remplissent les conditions générales d'aptitude aux fonctions de notaire. Les personnes physiques titulaires d'un office au jour de leur demande ne peuvent être nommées dans l'office créé qu'après ou concomitamment à leur démission. Celle-ci est présentée au garde des sceaux, ministre de la justice, avec la demande de nomination dans un office à créer, sous condition suspensive de nomination dans ce nouvel office. Les associés exerçant dans une société titulaire d'un office au jour de leur demande ne peuvent être nommés dans l'office créé qu'après ou concomitamment à leur retrait de cette société, dans les conditions prévues par les textes applicables à cette forme de société. La demande de retrait, sous condition suspensive de nomination dans le nouvel office, doit être présentée au garde des sceaux, ministre de la justice, avec la demande de nomination dans l'office à créer. Le présent alinéa n'est pas applicable si la création de l'office dans lequel l'associé demande sa nomination est demandée par la société dans laquelle l'associé exerce déjà.",VIGUEUR,2017-05-11,2999-01-01,LEGIARTI000034792969,https://www.legifrance.gouv.fr/codes/article_lc/LEGIARTI000034792969
d73-609-76,decret_73_609,Décret n° 73-609,76,,,"Les travaux de pratique professionnelle, réalisés sous la direction et la responsabilité d'un maître de stage et dans les conditions définies par l'Institut national des formations notariales, après consultation du Conseil supérieur du notariat, doivent correspondre à la durée normale du travail, telle qu'elle résulte des règlements, conventions collectives, accords ou usages en vigueur pour la catégorie professionnelle considérée. Pour être pris en considération, les travaux de pratique professionnelle doivent avoir été rémunérés conformément aux règlements, conventions collectives, accords ou usages mentionnés à l'alinéa précédent, sous réserve des dispositions du code du travail relatives à la promotion individuelle et au congé de formation des salariés. La pratique est d'une durée d'un an. Ces travaux de pratique professionnelle peuvent être accomplis à mi-temps. La période durant laquelle ils ont été ainsi accomplis ne compte que pour la moitié de sa durée. La pratique professionnelle est acquise à concurrence de huit mois au moins dans un office de notaire. Elle peut être acquise pour le reste de la durée exigée : - soit auprès d'un avocat, d'un expert-comptable, d'un commissaire aux comptes, d'un administrateur judiciaire ou d'un mandataire judiciaire ; - soit auprès d'une administration publique ou dans le service juridique ou fiscal d'une entreprise ; - soit dans un organisme professionnel notarial d'enseignement, de documentation, de recherche ou d'assistance technique ; - soit dans un pays étranger, auprès d'un membre d'une profession réglementée correspondant à celle de notaire.",VIGUEUR,2018-10-01,2999-01-01,LEGIARTI000037256486,https://www.legifrance.gouv.fr/codes/article_lc/LEGIARTI000037256486
d73-609-43-4,decret_73_609,Décret n° 73-609,43-4,,,"Pour être prise en considération, la pratique professionnelle doit avoir été effective et accomplie dans les conditions suivantes : 1° Correspondre à une durée normale de travail, telle qu'elle résulte des règlements, conventions collectives, accords ou usages en vigueur pour la catégorie professionnelle considérée ; 2° Avoir été rémunérée conformément aux règlements, conventions collectives, accords ou usages visés au 1° du présent article ; 3° Ne pas avoir été suspendue pendant plus de trois mois, sauf exception admise par le conseil d'administration de l'Institut national des formations notariales. L'exercice de la pratique professionnelle doit être justifiée par une ou plusieurs attestations mentionnant la durée des activités exercées et la nature des fonctions occupées.",VIGUEUR,2018-10-01,2999-01-01,LEGIARTI000037256537,https://www.legifrance.gouv.fr/codes/article_lc/LEGIARTI000037256537
d73-609-43-1,decret_73_609,Décret n° 73-609,43-1,,,"L'Institut national des formations notariales délivre aux notaires qui lui en font la demande, après vérification qu'ils remplissent les conditions prévues aux articles suivants, des certificats de spécialisation. La liste des certificats de spécialisation est fixée par arrêté du garde des sceaux, ministre de la justice, après avis du Conseil supérieur du notariat. Le contenu des spécialisations est arrêté par le garde des sceaux, ministre de la justice, sur proposition du conseil d'administration de l'Institut national des formations notariales.",VIGUEUR,2018-10-01,2999-01-01,LEGIARTI000037256568,https://www.legifrance.gouv.fr/codes/article_lc/LEGIARTI000037256568
d73-609-43-2,decret_73_609,Décret n° 73-609,43-2,,,"La spécialisation est acquise par une pratique professionnelle de quatre années au moins dans la spécialité, sanctionnée par un examen de contrôle des connaissances organisé par l'Institut national des formations notariales. Le dossier de candidature est instruit par l'Institut national des formations notariales, selon les modalités fixées par arrêté du garde des sceaux, ministre de la justice, après avis du Conseil supérieur du notariat et de l'Institut national des formations notariales.",VIGUEUR,2018-10-01,2999-01-01,LEGIARTI000037256570,https://www.legifrance.gouv.fr/codes/article_lc/LEGIARTI000037256570
d73-609-43-6,decret_73_609,Décret n° 73-609,43-6,,,"Sont dispensés de l'examen de contrôle des connaissances prévu à l'article 43-2 : 1° Les membres ou anciens membres du Conseil d'Etat, les magistrats ou anciens magistrats de la Cour des comptes, de l'ordre judiciaire, des tribunaux administratifs, des cours administratives d'appel et des chambres régionales des comptes justifiant d'un total de quatre années au moins d'attributions, au cours de leur carrière, en rapport avec la spécialisation considérée ; 2° Les professeurs d'enseignement supérieur et maîtres de conférences ayant effectué, en cette qualité, un total de quatre années au moins d'enseignement dans la spécialisation considérée ; 3° Les fonctionnaires et anciens fonctionnaires de catégorie A ou les personnes assimilées aux fonctionnaires de cette catégorie ayant accompli, en cette qualité, quatre années au moins de services effectifs au sein d'une administration, un service public ou une organisation internationale, dans une activité en rapport avec la spécialisation considérée ; 4° Les docteurs en droit dont la thèse a porté sur un sujet en rapport avec la spécialisation considérée et justifiant de quatre années de pratique professionnelle acquise dans les conditions indiquées aux articles 43-3 et 43-4 ; 5° Les anciens conseils juridiques pour la ou les mentions de spécialisation dont ils pouvaient se prévaloir dans l'exercice de leur ancienne profession.",VIGUEUR,2018-10-01,2999-01-01,LEGIARTI000037256572,https://www.legifrance.gouv.fr/codes/article_lc/LEGIARTI000037256572
d73-609-43-8,decret_73_609,Décret n° 73-609,43-8,,,"La formation professionnelle continue prévue par l'article 1er quater de l' ordonnance du 2 novembre 1945 susvisée assure la mise à jour et le perfectionnement des connaissances nécessaires à l'exercice de sa profession par le notaire. La durée de la formation continue est de trente heures au cours d'une année civile ou de soixante heures au cours de deux années consécutives. L'obligation de formation continue est satisfaite : 1° Par la participation à des actions de formation, à caractère juridique ou professionnel, dispensées par l'Institut national des formations notariales ou les établissements universitaires ; 2° Par la participation à des formations, habilitées par le Conseil supérieur du notariat, après avis de l'Institut national des formations notariales, dispensées par des notaires ou des établissements d'enseignement ; 3° Par l'assistance à des colloques ou à des conférences à caractère juridique ayant un lien avec l'activité professionnelle de notaire, notamment ceux organisés à l'initiative des conseils régionaux de notaires ; 4° Par le fait de dispenser des enseignements à caractère juridique ayant un lien avec l'activité professionnelle de notaire, dans un cadre universitaire ou professionnel ; 5° Par la publication de travaux à caractère juridique. Au cours des deux premières années d'exercice professionnel, cette formation inclut vingt heures au moins portant sur la gestion d'un office, la déontologie et le statut professionnel. Toutefois, au cours de cette même période, les personnes mentionnées à l'article 4 consacrent la totalité de leur obligation de formation à ces matières. A l'issue d'une période de quatre ans d'exercice professionnel, les titulaires d'une ou plusieurs mentions de spécialisation prévues à l'article 43-1 doivent avoir consacré le quart de la durée de leur formation continue à ce ou ces domaines de spécialisation. Les décisions déterminant les modalités de mise en œuvre des dispositions du présent article prises par le Conseil supérieur du notariat sont notifiées au garde des sceaux, ministre de la justice, et aux conseils régionaux des notaires dans le délai de trente jours.",VIGUEUR,2018-10-01,2999-01-01,LEGIARTI000037256578,https://www.legifrance.gouv.fr/codes/article_lc/LEGIARTI000037256578
d73-609-61,decret_73_609,Décret n° 73-609,61,,,"L'Institut national des formations notariales peut participer aux enseignements dispensés au sein des universités en vue du diplôme universitaire de technologie ""carrières juridiques"".",VIGUEUR,2018-10-01,2999-01-01,LEGIARTI000037256587,https://www.legifrance.gouv.fr/codes/article_lc/LEGIARTI000037256587
d73-609-62,decret_73_609,Décret n° 73-609,62,,,"L'Institut national des formations notariales admet à suivre tout ou partie de ses enseignements : 1° Du brevet de technicien supérieur ""notariat"", les personnes titulaires du baccalauréat ou d'un titre ou diplôme inscrit au niveau IV du répertoire national des certifications professionnelles, ou du diplôme d'accès aux études universitaires ou d'un diplôme reconnu équivalent ; 2° Du diplôme des métiers du notariat, les personnes titulaires d'une licence professionnelle ""métiers du notariat"" ou de tout autre diplôme reconnu équivalent par arrêté conjoint du garde des sceaux, ministre de la justice, et du ministre chargé de l'enseignement supérieur. L'Institut national des formations notariales peut admettre comme auditeurs libres, outre les membres du personnel des offices de notaire, les membres et le personnel des professions judiciaires et juridiques ainsi que les membres et le personnel d'autres professions dont les activités sont en rapport avec celles de la profession notariale.",VIGUEUR,2018-10-01,2999-01-01,LEGIARTI000037256589,https://www.legifrance.gouv.fr/codes/article_lc/LEGIARTI000037256589
d73-609-63,decret_73_609,Décret n° 73-609,63,,,"Il peut être fait appel, pour les enseignements, à la collaboration de l'université et des magistrats. Les conditions d'une coopération entre les universités et l'Institut national des formations notariales sont définies par des conventions de coopération passées conformément aux dispositions de l'article L. 718-16 du code de l'éducation. Des conventions peuvent aussi intervenir entre l'Institut national des formations notariales et d'autres organismes d'enseignement professionnel publics ou privés.",VIGUEUR,2018-10-01,2999-01-01,LEGIARTI000037256591,https://www.legifrance.gouv.fr/codes/article_lc/LEGIARTI000037256591
d73-609-74,decret_73_609,Décret n° 73-609,74,,,"Les personnes titulaires d'une licence professionnelle ""métiers du notariat"" ou de tout autre diplôme reconnu équivalent par arrêté conjoint du garde des sceaux, ministre de la justice, et du ministre chargé de l'enseignement supérieur, ou d'une licence en droit et qui ont suivi l'année de formation prévue au 3° de l'article 60 dispensée par l'Institut national des formations notariales sont admises à se présenter aux épreuves de l'examen du diplôme des métiers du notariat.",VIGUEUR,2018-10-01,2999-01-01,LEGIARTI000037256609,https://www.legifrance.gouv.fr/codes/article_lc/LEGIARTI000037256609
d73-609-75,decret_73_609,Décret n° 73-609,75,,,"Les modalités d'application des dispositions réglementaires relatives au régime de l'année de formation prévue au 3° de l'article 60 sont précisées par le règlement intérieur de l'Institut national des formations notariales approuvé par le garde des sceaux, ministre de la justice.",VIGUEUR,2018-10-01,2999-01-01,LEGIARTI000037256611,https://www.legifrance.gouv.fr/codes/article_lc/LEGIARTI000037256611
d73-609-77,decret_73_609,Décret n° 73-609,77,,,"Les épreuves du diplôme des métiers du notariat ont lieu au moins une fois par an dans le site d'enseignement où les enseignements ont été suivis ou dans un site situé à proximité désigné comme centre d'examen par le conseil d'administration de l'Institut national des formations notariales. Les personnes ayant suivi la formation à distance, en application de l'article 89, subissent l'examen dans le centre d'examen désigné par le conseil d'administration de l'Institut national des formations notariales. Le programme et les modalités de ces épreuves sont fixés par l'Institut national des formations notariales sous réserve de l'approbation du garde des sceaux, ministre de la justice. Dans chaque centre d'examen, les épreuves sont subies devant un jury prévu à l'article 78.",VIGUEUR,2018-10-01,2999-01-01,LEGIARTI000037256614,https://www.legifrance.gouv.fr/codes/article_lc/LEGIARTI000037256614
d73-609-79,decret_73_609,Décret n° 73-609,79,,,L'organisation matérielle des épreuves du diplôme des métiers du notariat est assurée par l'Institut national des formations notariales. Le succès à l'examen donne droit à la délivrance du diplôme des métiers du notariat par l'Institut national des formations notariales.,VIGUEUR,2018-10-01,2999-01-01,LEGIARTI000037256618,https://www.legifrance.gouv.fr/codes/article_lc/LEGIARTI000037256618
d73-609-87,decret_73_609,Décret n° 73-609,87,,,L'Institut national des formations notariales organise un enseignement à distance dans le cadre de la formation professionnelle initiale et continue des notaires et des collaborateurs des offices de notaires. Les modalités de cet enseignement à distance sont précisées dans le règlement intérieur de l'Institut national des formations notariales prévu à l'article 102.,VIGUEUR,2018-10-01,2999-01-01,LEGIARTI000037256622,https://www.legifrance.gouv.fr/codes/article_lc/LEGIARTI000037256622
d73-609-89,decret_73_609,Décret n° 73-609,89,,,Les personnes qui désirent suivre à distance tout ou partie des enseignements de la formation professionnelle initiale doivent y être autorisées par le directeur général de l'Institut national des formations notariales. Cette autorisation est accordée aux personnes qui justifient ne pas pouvoir suivre régulièrement les enseignements dans les sites dédiés.,VIGUEUR,2018-10-01,2999-01-01,LEGIARTI000037256625,https://www.legifrance.gouv.fr/codes/article_lc/LEGIARTI000037256625
d73-609-91,decret_73_609,Décret n° 73-609,91,,,L'Institut national des formations notariales peut admettre à suivre certains de ses enseignements à distance les membres et le personnel des autres professions judiciaires et juridiques ainsi que les membres et le personnel d'autres professions dont les activités sont en rapport avec celles de la profession notariale.,VIGUEUR,2018-10-01,2999-01-01,LEGIARTI000037256627,https://www.legifrance.gouv.fr/codes/article_lc/LEGIARTI000037256627
d73-609-106,decret_73_609,Décret n° 73-609,106,,,"L'Institut national des formations notariales peut recevoir, en vertu de conventions, des sommes provenant de versements faits par les notaires au titre de l'article 14 de la loi susvisée du 16 juillet 1971. Ces sommes ne peuvent être affectées qu'aux actions de formation continue des notaires et de leurs collaborateurs.",VIGUEUR,2018-10-01,2999-01-01,LEGIARTI000037256666,https://www.legifrance.gouv.fr/codes/article_lc/LEGIARTI000037256666
d73-609-50,decret_73_609,Décret n° 73-609,50,,,"Les demandes portant sur des zones mentionnées au I de l'article 52 de la loi n° 2015-990 du 6 août 2015 pour la croissance, l'activité et l'égalité des chances économiques peuvent être déposées à compter du premier jour ouvré du deuxième mois suivant la publication de la carte prévue à cet article, à 14 heures (heure de Paris), et durant un délai de dix-huit mois à compter de cette date. Les demandes portant sur des zones mentionnées au III de l'article 52 de la loi n° 2015-990 du 6 août 2015 susmentionnée peuvent être déposées à compter du premier jour ouvré du huitième mois suivant la publication de la carte prévue à cet article, à 14 heures (heure de Paris), et durant un délai de douze mois à compter de cette date.",VIGUEUR,2018-11-12,2999-01-01,LEGIARTI000037602125,https://www.legifrance.gouv.fr/codes/article_lc/LEGIARTI000037602125
d73-609-7-2,decret_73_609,Décret n° 73-609,7-2,,,"Les demandes de dispense et d'admission prévues aux articles 4, 5, 7 et 7-1 sont adressées à l'Institut national des formations notariales, par téléprocédure. L'Institut national des formations notariales en informe le bureau du Conseil supérieur du notariat qui peut formuler des observations.",VIGUEUR,2021-01-01,2999-01-01,LEGIARTI000042180850,https://www.legifrance.gouv.fr/codes/article_lc/LEGIARTI000042180850
d73-609-7,decret_73_609,Décret n° 73-609,7,,,"I.-Les personnes titulaires du diplôme de premier clerc de notaire ou du diplôme des métiers du notariat depuis au moins six ans sont dispensées des conditions prévues aux 5° et 6° de l'article 3 dès lors qu'elles ont exercé pendant neuf années au moins des activités professionnelles auprès d'un notaire ou pendant cinq années au moins des activités professionnelles auprès d'un notaire et pendant quatre années au moins, des activités professionnelles dans un organisme statutaire du notariat, ou dans un organisme notarial d'enseignement ou de recherche. Les personnes titulaires de l'un des diplômes prévus au 5° de l'article 3 ainsi que du diplôme de premier clerc de notaire ou du diplôme des métiers du notariat depuis au moins quatre ans sont dispensées de la condition prévue au 6° de l'article 3, dès lors qu'elles ont exercé pendant quatre années au moins des activités professionnelles auprès d'un notaire ou pendant deux années au moins des activités professionnelles auprès d'un notaire et pendant deux années au moins, des activités professionnelles dans un organisme statutaire du notariat, ou dans un organisme notarial d'enseignement ou de recherche. Sont également dispensées de la condition prévue au 6° de l'article 3 les personnes remplissant la condition prévue au 5° du même article, qui ont effectué au moins six ans de stage dans un office de notaire et qui ont subi avec succès les épreuves écrites de la partie finale de l'examen d'aptitude aux fonctions de notaire prévu par les articles 35 à 40 du présent décret dans la rédaction antérieure à celle que lui a donnée le décret n° 89-399 du 20 juin 1989 modifiant le décret n° 73-609 du 5 juillet 1973 relatif à la formation professionnelle dans le notariat et aux conditions d'accès aux fonctions de notaire. Les personnes visées aux alinéas précédents doivent, en outre, avoir subi avec succès les épreuves d'un examen de contrôle des connaissances techniques devant le jury national prévu à l'article 6. Le programme et les modalités de cet examen sont arrêtés par l'Institut national des formations notariales après consultation du bureau du Conseil supérieur du notariat et de l'Institut national des formations notariales. Cet examen comporte notamment une épreuve permettant d'évaluer les connaissances de l'intéressé en matière de gestion d'un office de notaire, de déontologie et de discipline notariales. II.-Nul ne peut se présenter aux épreuves de l'examen de contrôle des connaissances techniques s'il n'a suivi la préparation dispensée à cette fin par l'Institut national des formations notariales dont les modalités et le programme pédagogique d'enseignement sont définis par arrêté du garde des sceaux après avis du bureau du Conseil supérieur du notariat et de l'Institut national des formations notariales. Ce programme d'enseignement inclut un module consacré à la gestion d'un office de notaire, la déontologie et la discipline notariales. La préparation mentionnée au premier alinéa du présent II peut être suivie dans les deux ans qui précèdent la possibilité pour les candidats de se présenter à l'examen de contrôle des connaissances techniques. Une préparation acquise demeure valable jusqu'à l'expiration de la troisième année civile qui suit celle de sa validation. L'admission à subir les épreuves de l'examen est prononcée par le garde des sceaux, ministre de la justice. Nul ne peut se présenter plus de trois fois à l'examen de contrôle des connaissances techniques. Un certificat d'aptitude aux fonctions de notaire est décerné aux personnes ayant subi avec succès l'examen de contrôle des connaissances prévu au présent article. III.-Pour l'application de l'avant-dernier alinéa du II, les présentations à l'examen de contrôle des connaissances techniques antérieures au 11 juin 2008 ne sont prises en compte que si elles sont intervenues au cours de trois sessions consécutives.",VIGUEUR,2021-01-01,2999-01-01,LEGIARTI000042180856,https://www.legifrance.gouv.fr/codes/article_lc/LEGIARTI000042180856
d73-609-5,decret_73_609,Décret n° 73-609,5,,,"La durée de pratique professionnelle prévue à l'article précédent est fixée par le garde des sceaux, ministre de la justice. Elle ne peut être inférieure à un an. L'Institut national des formations notariales peut, après avis du bureau du Conseil supérieur du notariat, décider qu'il y a lieu de faire subir à l'intéressé un examen de contrôle des connaissances techniques. Le programme et les modalités de cet examen sont arrêtés par le garde des sceaux, ministre de la justice, qui consulte préalablement le bureau du Conseil supérieur du notariat et l'Institut national des formations notariales. Cet examen comporte notamment une épreuve permettant d'évaluer les connaissances de l'intéressé en matière de gestion d'un office de notaire, de déontologie et de discipline notariales. Nul ne peut se présenter plus de trois fois à l'examen de contrôle des connaissances techniques.",VIGUEUR,2021-01-01,2999-01-01,LEGIARTI000042180860,https://www.legifrance.gouv.fr/codes/article_lc/LEGIARTI000042180860
d73-609-53,decret_73_609,Décret n° 73-609,53,,,"Dans les zones mentionnées au I de l'article 52 de la loi n° 2015-990 du 6 août 2015 susmentionnée, le garde des sceaux, ministre de la justice, nomme les demandeurs au regard des recommandations dont est assortie la carte et suivant l'ordre d'enregistrement de leur demande. Toutefois, lorsque le nombre des demandes de création d'office enregistrées dans les vingt-quatre heures suivant la date d'ouverture du dépôt des demandes précisée à l'article 50 du présent décret est supérieur, pour une même zone, aux recommandations, l'ordre de ces demandes est déterminé par tirage au sort en présence d'un représentant du Conseil supérieur du notariat dans les conditions prévues par un arrêté du garde des sceaux, ministre de la justice. Ces tirages au sort ne peuvent être effectués qu'à l'issue du délai de deux mois après la date d'ouverture des candidatures prévu au cinquième alinéa de l'article 52. Lorsqu'une demande est tirée au sort, le demandeur indique, par téléprocédure sur le site internet du ministère de la justice, selon des modalités fixées par arrêté du garde des sceaux, s'il maintient sa demande dans un délai de dix jours francs suivant la publication du procès-verbal du tirage au sort. Passé ce délai, il est réputé avoir y avoir renoncé. Cette renonciation entraîne la caducité de l'ensemble des demandes de création d'office déposées par l'intéressé en application du I de l'article 52 de la loi n° 2015-990 du 6 août 2015 susmentionnée.",VIGUEUR,2021-08-27,2999-01-01,LEGIARTI000042198433,https://www.legifrance.gouv.fr/codes/article_lc/LEGIARTI000042198433
d73-609-113,decret_73_609,Décret n° 73-609,113,,,"La liste des candidats admis à concourir est arrêtée par le garde des sceaux, ministre de la justice, et publiée au Journal officiel. Seuls peuvent être admis à se présenter au concours les candidats qui remplissent la condition prévue au 6° de l'article 3 ou qui en sont dispensés et qui ont en outre accompli les deux années de stage ou de pratique professionnelle dans un office de notaire des Cours d'appel de Colmar ou de Metz. Nul ne peut être admis à se présenter après trois échecs.",VIGUEUR,2020-12-13,2999-01-01,LEGIARTI000042663860,https://www.legifrance.gouv.fr/codes/article_lc/LEGIARTI000042663860
d73-609-55-1,decret_73_609,Décret n° 73-609,55-1,,,"Lorsque le demandeur nommé à un office créé est déclaré démissionnaire en application au I de l'article 61 du décret n° 2022-900 du 17 juin 2022 relatif à la déontologie et à la discipline des officiers ministériels, l'office créé auquel il avait été nommé est supprimé par arrêté du garde des sceaux, ministre de la justice.",VIGUEUR,2022-07-01,2999-01-01,LEGIARTI000045937315,https://www.legifrance.gouv.fr/codes/article_lc/LEGIARTI000045937315
d73-609-3,decret_73_609,Décret n° 73-609,3,,,"Nul ne peut être nommé notaire s'il ne remplit les conditions suivantes : 1° Etre français ou ressortissant d'un autre Etat membre de l'Union européenne ou d'un autre Etat partie à l'accord sur l'Espace économique européen ; 2° N'avoir pas été l'auteur de faits contraires à l'honneur et à la probité ; 3° N'avoir pas été l'auteur d'agissements de même nature ayant donné lieu à mise à la retraite d'office ou à une sanction disciplinaire ou administrative de destitution, radiation, révocation, retrait d'agrément ou d'autorisation ; 4° N'avoir pas été frappé de faillite personnelle ou de l'interdiction prévue à l'article L. 653-8 du code de commerce ; 5° Avoir obtenu un diplôme national de master en droit ou l'un des diplômes admis en dispense pour l'exercice de la profession de notaire par arrêté conjoint du garde des sceaux, ministre de la justice, et du ministre chargé de l'enseignement supérieur ; 6° Etre titulaire du diplôme d'études supérieures de notariat, du diplôme de notaire ou du diplôme supérieur de notariat.",VIGUEUR,2022-10-09,2999-01-01,LEGIARTI000046387343,https://www.legifrance.gouv.fr/codes/article_lc/LEGIARTI000046387343
d73-609-6,decret_73_609,Décret n° 73-609,6,,,"Les épreuves de l'examen de contrôle sont subies devant un jury national composé ainsi qu'il suit : Un magistrat de l'ordre judiciaire en activité ou honoraire, président ; Un professeur des universités ou un maître de conférences chargé d'un enseignement juridique, en activité ou émérite ; Deux notaires exerçant à titre individuel ou en qualité d'associé ; Un notaire salarié ou un collaborateur des offices de notaire, qu'il soit ou non en activité, remplissant les conditions d'aptitude exigées pour être nommé notaire. En cas de partage égal des voix, celle du président est prépondérante. Les membres du jury sont désignés par arrêté du garde des sceaux, ministre de la justice, sur proposition, en ce qui concerne le professeur ou le maître de conférences, du ministre chargé de l'enseignement supérieur et après avis, en ce qui concerne respectivement les notaires exerçant à titre individuel ou en qualité d'associé, le notaire salarié ou le collaborateur, du conseil supérieur du notariat et des organisations syndicales les plus représentatives. Des membres suppléants sont désignés en nombre égal dans les mêmes conditions. Le président et les membres du jury sont nommés pour une durée de trois ans, renouvelable deux fois. Toutefois, si un membre du jury vient à cesser ses fonctions avant l'expiration de la durée normale de son mandat, il est pourvu, dans le délai de trois mois, à son remplacement. En ce cas, les fonctions du nouveau membre expirent à la date à laquelle auraient cessé celles du membre qu'il a remplacé.",VIGUEUR,2022-10-09,2999-01-01,LEGIARTI000046387348,https://www.legifrance.gouv.fr/codes/article_lc/LEGIARTI000046387348
d73-609-7-1,decret_73_609,Décret n° 73-609,7-1,,,"Peuvent être nommées notaires sans remplir les conditions de diplôme, de stage ou d'examens professionnels prévues à l'article 3 les personnes qui ont suivi avec succès un cycle d'études postsecondaires d'une durée minimale de trois ans, ou d'une durée équivalente à temps partiel dans une université ou dans un établissement d'enseignement supérieur ou dans un autre établissement d'un niveau équivalent de formation et, le cas échéant, la formation professionnelle requise en plus de ce cycle d'études et qui justifient : 1° De diplômes, certificats ou autres titres permettant l'exercice de la profession dans un Etat membre de l'Union européenne ou dans un autre Etat partie à l'accord sur l'Espace économique européen délivrés : a) Soit par l'autorité compétente de cet Etat et sanctionnant une formation acquise de façon prépondérante dans l'Espace économique européen ; b) Soit par un pays tiers, à condition que soit fournie une attestation émanant de l'autorité compétente de l'Etat membre ou partie qui a reconnu les diplômes, certificats ou autres titres certifiant que leur titulaire a une expérience professionnelle de trois ans au moins dans cet Etat ; 2° Ou de l'exercice à plein temps de la profession pendant deux ans au moins au cours des dix années précédentes dans un Etat membre ou partie qui ne réglemente pas l'accès ou l'exercice de cette profession à condition que cet exercice soit attesté par l'autorité compétente de cet Etat. Toutefois, la condition d'une expérience professionnelle de deux ans n'est pas exigée lorsque le ou les titres de formation détenus par le demandeur sanctionnent une formation réglementée directement orientée vers l'exercice de la profession. Sauf si les connaissances qu'il a acquises au cours de son expérience professionnelle sont de nature à rendre cette vérification inutile, l'intéressé doit subir devant le jury prévu à l'article 6 un examen d'aptitude dont le programme et les modalités sont fixés par arrêté du garde des sceaux, ministre de la justice : 1° Lorsque sa formation porte sur des matières substantiellement différentes de celles qui figurent aux programmes des diplômes et des examens professionnels mentionnés à l'article 3 ; 2° Ou lorsqu'une ou plusieurs des activités professionnelles dont l'exercice est subordonné à la possession de ces diplômes et examens ne sont pas réglementées dans l'Etat membre d'origine ou de provenance ou sont réglementées de manière différente et que cette différence est caractérisée par une formation spécifique requise dans l'Etat membre d'accueil portant sur des matières substantiellement différentes de celles couvertes par le diplôme dont le demandeur fait état. La liste des candidats admis à se présenter à cet examen est, après avis du bureau du Conseil supérieur du notariat, établie par l'Institut national des formations notariales. Sa décision précise, le cas échéant, les matières sur lesquelles les candidats doivent être interrogés compte tenu de leur formation initiale et de leur expérience professionnelle. Nul ne peut se présenter plus de trois fois à l'examen d'aptitude.",VIGUEUR,2022-10-09,2999-01-01,LEGIARTI000046387351,https://www.legifrance.gouv.fr/codes/article_lc/LEGIARTI000046387351
d73-609-25,decret_73_609,Décret n° 73-609,25,,,"Les personnes titulaires d'un des diplômes mentionnés au 6° de l'article 3 qui exercent une activité dans un office de notaire, sans avoir été nommées notaire, portent le titre de notaire assistant.",VIGUEUR,2024-09-01,2999-01-01,LEGIARTI000046387359,https://www.legifrance.gouv.fr/codes/article_lc/LEGIARTI000046387359
d73-609-24,decret_73_609,Décret n° 73-609,24,,,"Le conseil d'administration de l'Institut national des formations notariales siégeant en commission disciplinaire peut, saisi par le directeur général, infliger à l'élève notaire une des sanctions suivantes : 1° L'avertissement ; 2° Le blâme ; 3° L'exclusion temporaire de la formation pour une durée maximum de deux ans ; 4° L'exclusion définitive de l'établissement. Le président de la commission disciplinaire informe l'intéressé des faits qui lui sont reprochés et assure le contradictoire en lui remettant l'intégralité des pièces composant le dossier de saisine et en l'invitant à produire, dans un délai qui ne peut être inférieur à quinze jours, ses observations écrites. Il convoque l'intéressé devant la commission afin qu'il puisse présenter ses observations orales. Cette convocation est reçue sept jours au moins avant la date à laquelle se tient la séance. Elle mentionne le droit, pour l'intéressé, de présenter des observations orales pendant la séance, le cas échéant par le conseil de son choix. Le règlement intérieur de l'Institut national des formations notariales prévu à l'article 102 précise, en tant que de besoin, la procédure prévue au présent article. La procédure prévue au présent article ne peut être engagée lorsque la procédure disciplinaire prévue au titre Ier du livre VIII de la troisième partie du code de l'éducation est mise en œuvre pour les mêmes faits.",VIGUEUR,2024-09-01,2999-01-01,LEGIARTI000046387361,https://www.legifrance.gouv.fr/codes/article_lc/LEGIARTI000046387361
d73-609-23,decret_73_609,Décret n° 73-609,23,,,"Le directeur général de l'Institut national des formations notariales peut suspendre le déroulement du stage dans le cas où le stagiaire méconnaît gravement ses obligations ou commet des faits qui mettent en cause sa probité. Il en avise sans délai le stagiaire, son maître de stage, ainsi que le conseil d'administration de l'Institut national des formations notariales. Cette suspension est prise pour une durée maximale de deux mois ou, lorsqu'une procédure disciplinaire a été engagée, jusqu'au terme de celle-ci.",VIGUEUR,2024-09-01,2999-01-01,LEGIARTI000046387365,https://www.legifrance.gouv.fr/codes/article_lc/LEGIARTI000046387365
d73-609-22,decret_73_609,Décret n° 73-609,22,,,"I.-Lors de leur stage, les étudiants portent le titre de notaire stagiaire. Ils sont inscrits sur un registre de stage, tenu à jour par l'Institut national des formations notariales. Le garde des sceaux, ministre de la justice, peut à tout moment demander communication de ce registre. II.-Le stagiaire participe à l'activité du maître de stage sous la direction et la responsabilité de celui-ci, sans pouvoir se substituer à lui pour les actes de sa profession, dans les conditions définies par l'Institut national des formations notariales, après consultation du Conseil supérieur du notariat.",VIGUEUR,2024-09-01,2999-01-01,LEGIARTI000046387369,https://www.legifrance.gouv.fr/codes/article_lc/LEGIARTI000046387369
d73-609-21,decret_73_609,Décret n° 73-609,21,,,"L'Institut national des formations notariales organise l'affectation, le cas échéant avec le concours du Conseil supérieur du notariat, des étudiants qui n'ont pas trouvé de stage, prévu à l'article 20, dans un office de notaire.",VIGUEUR,2024-09-01,2999-01-01,LEGIARTI000046387373,https://www.legifrance.gouv.fr/codes/article_lc/LEGIARTI000046387373
d73-609-20,decret_73_609,Décret n° 73-609,20,,,"Les étudiants effectuent leur formation en alternance avec un stage en étude de notaire sur une durée de vingt-quatre mois dans les conditions fixées par l'arrêté mentionné à l'article 9. Ce stage peut, à la demande du stagiaire et pour six mois au maximum, être effectué : 1° Auprès d'un avocat, d'un commissaire de justice, d'un administrateur judiciaire, d'un mandataire judiciaire à la liquidation des entreprises, d'un expert-comptable ou d'un commissaire aux comptes ; 2° Auprès d'une administration publique ou dans le service juridique ou fiscal d'une entreprise ; 3° Dans un organisme professionnel notarial d'enseignement, de documentation, de recherche ou d'assistance technique ; 4° Dans un pays étranger auprès d'une personne exerçant une profession judiciaire ou juridique réglementée. Sur dérogation du conseil d'administration de l'Institut national des formations notariales, la durée des travaux de pratique professionnelle effectués dans un pays étranger peut être portée de six mois à un an au maximum.",VIGUEUR,2024-09-01,2999-01-01,LEGIARTI000046387377,https://www.legifrance.gouv.fr/codes/article_lc/LEGIARTI000046387377
d73-609-19,decret_73_609,Décret n° 73-609,19,,,"Les étudiants peuvent bénéficier d'une période de césure dans les conditions déterminées par l'arrêté prévu à l'article 9. Sous réserve des dispositions de cet arrêté, les dispositions des articles D. 611-13 et suivants du code de l'éducation lui sont applicables. Lors de la période de césure prévue au premier alinéa, l'Institut national des formations notariales peut proposer et mettre en œuvre, notamment par la voie de partenariats, des activités dites de spécialisation, qui peuvent notamment prendre la forme, en France ou à l'étranger, d'expériences professionnelles ou de formations, destinées à apporter aux étudiants des expériences ou compétences complémentaires à la formation.",VIGUEUR,2024-09-01,2999-01-01,LEGIARTI000046387381,https://www.legifrance.gouv.fr/codes/article_lc/LEGIARTI000046387381
d73-609-18,decret_73_609,Décret n° 73-609,18,,,"Le jury des examens est ainsi composé : 1° Deux professeurs des universités ou maîtres de conférences, en activité ou émérites, chargés d'un enseignement juridique ; 2° Deux notaires en activité. En cas de partage égal des voix, celle du président est prépondérante. Le président de l'établissement public d'enseignement supérieur dans le ressort duquel se situe le site d'enseignement et avec lequel l'Institut national des formations notariales a passé convention nomme les personnes mentionnées au 1°. Il désigne parmi elles le président du jury. Les personnes mentionnées au 2° sont nommées par une délibération du conseil d'administration de l'Institut national des formations notariales. La durée du mandat des membres du jury est de trois ans, renouvelable une fois. Toutefois, si un membre du jury vient à cesser ses fonctions avant l'expiration de la durée normale de son mandat, il est pourvu, dans le délai de trois mois, à son remplacement. En ce cas, les fonctions du nouveau membre expirent à la date à laquelle auraient cessé celles du membre qu'il a remplacé. Des suppléants sont désignés en nombre égal et dans les mêmes conditions. Il peut être institué plusieurs jurys pour un même centre d'examen dans des conditions déterminées par les conventions mentionnées à l'article 8. Une même personne ne peut être simultanément membre du jury et de la commission nationale de sélection prévue à l'article 15.",VIGUEUR,2024-09-01,2999-01-01,LEGIARTI000046387385,https://www.legifrance.gouv.fr/codes/article_lc/LEGIARTI000046387385
d73-609-17,decret_73_609,Décret n° 73-609,17,,,"Le directeur général de l'Institut national des formations notariales répartit les candidats admis entre les différents sites d'enseignement, dans la limite des capacités d'accueil définies dans les conventions mentionnées à l'article 8 et en tenant compte des souhaits exprimés par les étudiants.",VIGUEUR,2024-09-01,2999-01-01,LEGIARTI000046387389,https://www.legifrance.gouv.fr/codes/article_lc/LEGIARTI000046387389
d73-609-16,decret_73_609,Décret n° 73-609,16,,,"La commission nationale de sélection prévue à l'article 15 comprend trois collèges composés comme suit : 1° Douze professeurs des universités ou maîtres de conférences chargés d'un enseignement juridique, en activité ou émérites, nommés sur proposition du ministre chargé de l'enseignement supérieur, dont l'un est le président ; 2° Douze notaires exerçant à titre individuel ou en qualité d'associé, nommés parmi les notaires figurant sur la liste prévue au second alinéa de l'article 11 sur proposition du Conseil supérieur du notariat ; 3° Quatre notaires salariés ou collaborateurs des offices de notaire remplissant les conditions d'aptitude exigées pour être nommé notaire, nommés sur proposition des organisations syndicales les plus représentatives. Des suppléants sont nommés en nombre égal et dans les mêmes conditions. Les membres de la commission nationale de sélection et, parmi eux, le président sont nommés par arrêté du garde des sceaux, ministre de la justice, pour une durée de quatre ans, renouvelable une fois. Toutefois, si un membre de la commission vient à cesser ses fonctions avant l'expiration de la durée normale de son mandat, il est pourvu, dans le délai de trois mois, à son remplacement. En ce cas, les fonctions du nouveau membre expirent à la date à laquelle auraient cessé celles du membre qu'il a remplacé. Si le nombre de candidats le justifie, chacun des collèges peut être complété, respectivement, par des professeurs des universités ou maîtres de conférence chargés d'un enseignement juridique, en activité ou émérites, des notaires exerçant à titre individuel ou en qualité d'associé et des notaires salariés ou collaborateurs d'office de notaire, proposés dans les conditions prévues aux 1° à 3° et nommés par arrêté du garde des sceaux, ministre de la justice. Le président de la commission peut décider de constituer, au sein de la commission, des sous-commissions chargées d'examiner les dossiers de candidature et de procéder à l'audition des candidats. Chaque sous-commission comprend des membres des trois collèges selon les proportions figurant aux 1° à 3°. Dans ce cas, le président désigne le professeur ou, à défaut, le maître de conférence, pour présider la ou les sous-commissions qu'il ne préside pas lui-même. La voix du président de chaque sous-commission est prépondérante en cas d'égalité. Le président de la commission est chargé d'organiser les travaux des sous-commissions et de veiller, afin d'assurer l'égalité des candidats, à l'harmonisation des critères de sélection et à la péréquation des appréciations. Il organise et procède à la délibération finale avec tous les membres de la commission. Il a voix prépondérante en cas d'égalité. Les membres de la commission nationale de sélection sont indemnisés dans les conditions fixées par le conseil d'administration de l'Institut national des formations notariales.",VIGUEUR,2023-09-01,2999-01-01,LEGIARTI000046387392,https://www.legifrance.gouv.fr/codes/article_lc/LEGIARTI000046387392
d73-609-15,decret_73_609,Décret n° 73-609,15,,,"Les candidats ne bénéficiant pas de l'admission de plein droit font l'objet d'une sélection effectuée par une commission nationale de sélection. Les modalités de cette sélection sont définies par un arrêté du garde des sceaux, ministre de la justice, et du ministre chargé de l'enseignement supérieur après avis de l'Institut national des formations notariales. Cette sélection tient compte de la nécessité de garantir la formation d'un nombre de professionnels suffisant pour couvrir les besoins prévisibles en services notariaux.",VIGUEUR,2024-09-01,2999-01-01,LEGIARTI000046387395,https://www.legifrance.gouv.fr/codes/article_lc/LEGIARTI000046387395
d73-609-14,decret_73_609,Décret n° 73-609,14,,,"Un arrêté du garde des sceaux, ministre de la justice, et du ministre chargé de l'enseignement supérieur fixe le cahier des charges du diplôme national de master mentionné à l'article 13.",VIGUEUR,2024-09-01,2999-01-01,LEGIARTI000046387399,https://www.legifrance.gouv.fr/codes/article_lc/LEGIARTI000046387399
d73-609-13,decret_73_609,Décret n° 73-609,13,,,"Sont admis de plein droit à cette formation les candidats titulaires d'un diplôme national de master mention “ droit notarial ” délivré au terme d'une formation qui a fait l'objet d'une convention conclue entre l'établissement public d'enseignement supérieur et l'Institut national des formations notariales dans des conditions fixées par arrêté du garde des sceaux, ministre de la justice, et du ministre de l'enseignement supérieur.",VIGUEUR,2024-09-01,2999-01-01,LEGIARTI000046387403,https://www.legifrance.gouv.fr/codes/article_lc/LEGIARTI000046387403
d73-609-9,decret_73_609,Décret n° 73-609,9,,,"Le diplôme d'études supérieures de notariat est délivré par les établissements publics d'enseignement supérieur mentionnés à l'article 8, dans des conditions fixées par arrêté du garde des sceaux, ministre de la justice, et du ministre chargé de l'enseignement supérieur.",VIGUEUR,2024-09-01,2999-01-01,LEGIARTI000046387407,https://www.legifrance.gouv.fr/codes/article_lc/LEGIARTI000046387407
d73-609-8,decret_73_609,Décret n° 73-609,8,,,"Les études supérieures de notariat sont assurées par l'Institut national des formations notariales et par les établissements publics d'enseignement supérieur qui ont conclu avec lui une convention à cette fin. Cette convention prévoit les modalités d'organisation et d'exercice des compétences partagées entre ces établissements dans des conditions fixées par arrêté du garde des sceaux, ministre de la justice, et du ministre chargé de l'enseignement supérieur.",VIGUEUR,2024-09-01,2999-01-01,LEGIARTI000046387409,https://www.legifrance.gouv.fr/codes/article_lc/LEGIARTI000046387409
d73-609-12,decret_73_609,Décret n° 73-609,12,,,"Pour être admis à la formation conduisant à la délivrance du diplôme de notaire d'études supérieures de notariat, les candidats doivent être titulaires de l'un des diplômes prévus au 5° de l'article 3.",VIGUEUR,2023-09-01,2999-01-01,LEGIARTI000046387411,https://www.legifrance.gouv.fr/codes/article_lc/LEGIARTI000046387411
d73-609-11,decret_73_609,Décret n° 73-609,11,,,"Le directeur du diplôme d'études supérieures de notariat et le directeur du site d'enseignement de l'Institut national des formations notariales désignent les membres de l'équipe enseignante selon les modalités fixées par la convention mentionnée à l'article 8. Sur proposition de l'Institut national des formations notariales, le Conseil supérieur du notariat dresse chaque année et tient à jour la liste des notaires habilités à faire partie de l'équipe enseignante.",VIGUEUR,2023-09-01,2999-01-01,LEGIARTI000046387414,https://www.legifrance.gouv.fr/codes/article_lc/LEGIARTI000046387414
d73-609-10,decret_73_609,Décret n° 73-609,10,,,"Le président de l'établissement signataire de la convention mentionnée à l'article 8 nomme le directeur du diplôme d'études supérieures de notariat, après avis du directeur général de l'Institut national des formations notariales.",VIGUEUR,2023-09-01,2999-01-01,LEGIARTI000046387416,https://www.legifrance.gouv.fr/codes/article_lc/LEGIARTI000046387416
d73-609-43-3,decret_73_609,Décret n° 73-609,43-3,,,"La pratique professionnelle visée à l'article précédent peut avoir été acquise en France ou à l'étranger : 1° Dans un office notarial, dans un organisme statutaire du notariat ou dans un centre de recherches, d'information et de documentation notariale à condition que les fonctions occupées correspondent à la spécialisation demandée ; 2° Dans une autre profession juridique ou judiciaire réglementée ou dans celle d'expert-comptable, dès lors que le contenu des activités exercées correspond à la spécialisation demandée ; 3° Dans une université ou un autre établissement d'enseignement supérieur public ou privé reconnu par l'Etat, en qualité de professeur ou maître de conférences chargé d'un enseignement en rapport avec la spécialisation considérée ; 4° Dans le service juridique d'une administration, d'un service public, d'une entreprise, d'une organisation professionnelle ou d'une organisation internationale comportant au moins trois juristes travaillant dans la spécialisation revendiquée. Elle peut avoir été acquise dans une ou plusieurs des activités mentionnées à l'alinéa précédent, dès lors que leur durée totale est au moins égale à quatre ans. Elle ne peut être acquise pendant la durée du stage prévu à l'article 20 et à l'article 110 du présent décret. Elle peut l'être pendant la durée de pratique professionnelle prévue aux articles 4 et 5. Elle peut aussi résulter, à titre exceptionnel, de travaux ou de publications relatifs à la spécialisation demandée, sur décision prise par le conseil d'administration de l'Institut national des formations notariales.",VIGUEUR,2024-09-01,2999-01-01,LEGIARTI000046387456,https://www.legifrance.gouv.fr/codes/article_lc/LEGIARTI000046387456
d73-609-59,decret_73_609,Décret n° 73-609,59,,,"Les membres du personnel des offices de notaire titulaires de l'un des diplômes mentionnés à l'article 3 (5°) et se préparant soit au diplôme d'études supérieures de notariat, soit au diplôme de notaire, soit au diplôme supérieur de notariat, reçoivent la formation professionnelle prévue au chapitre II du titre Ier. Les membres du personnel des offices de notaire titulaires du diplôme de premier clerc de notaire ou du diplôme des métiers du notariat et se préparant à l'examen de contrôle des connaissances prévu à l'article 7 suivent la préparation obligatoire prévue au même article. Les autres membres du personnel ainsi que les personnes qui se destinent aux emplois de la profession notariale reçoivent la formation professionnelle dispensée soit par l'Institut national des formations notariales, soit par les instituts universitaires de technologie, dans les conditions définies au présent titre.",VIGUEUR,2022-10-09,2999-01-01,LEGIARTI000046387461,https://www.legifrance.gouv.fr/codes/article_lc/LEGIARTI000046387461
d73-609-60,decret_73_609,Décret n° 73-609,60,,,"L'Institut national des formations notariales : 1° Assure un enseignement à plein temps dispensé en deux années d'études théoriques et pratiques préparant au brevet de technicien supérieur ""notariat"" ; 2° Concourt, dans le cadre de conventions passées avec les universités et tout organisme d'enseignement public ou privé à la ou aux formations qu'ils sont appelés à dispenser et notamment aux filières de la licence professionnelle ""métiers du notariat"" ; 3° Assure une formation dispensée en une année d'étude et sanctionnée par le diplôme des métiers du notariat ; 4° (Abrogé) ; 5° Participe à la formation professionnelle permanente des collaborateurs des offices de notaire ; 6° Organise, le cas échéant, tous enseignements techniques répondant aux besoins de la profession. L'enseignement et les formations visés à cet article sont dispensés dans les sites d'enseignement de l'Institut national des formations notariales prévus à l'article 102. La répartition des étudiants entre les différents sites d'enseignement de l'Institut national des formations notariales est décidée par son directeur général en considération des capacités d'accueil des sites et des souhaits exprimés par les étudiants.",VIGUEUR,2024-09-01,2999-01-01,LEGIARTI000046387463,https://www.legifrance.gouv.fr/codes/article_lc/LEGIARTI000046387463
d73-609-109,decret_73_609,Décret n° 73-609,109,,,"Les conditions dans lesquelles sont financées les activités d'enseignement assurées par les établissements publics d'enseignement supérieur en vue de la délivrance d'un diplôme dont l'une des finalités est l'exercice de fonctions notariales, tels que le master mention ou spécialité ""droit notarial"", la licence professionnelle ""métiers du notariat"" et le diplôme d'études supérieures de notariat sont définies par voie de conventions passées entre l'établissement public d'enseignement supérieur intéressé et l'Institut national des formations notariales. Les conditions dans lesquelles sont financées les activités d'enseignement assurées par les universités ou par des organismes d'enseignement ou de formation professionnelle, publics ou privés, sont définies par voie de conventions passées entre l'université et les organismes intéressés et l'Institut national des formations notariales.",VIGUEUR,2022-10-09,2999-01-01,LEGIARTI000046387476,https://www.legifrance.gouv.fr/codes/article_lc/LEGIARTI000046387476
d73-609-110,decret_73_609,Décret n° 73-609,110,,,"Nul ne peut être nommé notaire dans les départements du Haut-Rhin, du Bas-Rhin et de la Moselle s'il ne remplit, outre les conditions générales d'aptitude prévues au chapitre Ier du titre Ier, les conditions particulières suivantes : 1° Avoir accompli : a) Soit trois années du stage selon les modalités prévues à l'article 20 dont au moins deux années de stage dans un ou plusieurs offices de notaire du ressort de la cour d'appel de Colmar ou de Metz ; b) Soit deux années de pratique professionnelle dans un ou plusieurs offices de notaire du ressort de la cour d'appel de Colmar ou de Metz ; 2° Avoir été reçu au concours professionnel défini aux articles suivants sous réserve des dispositions de l'article 24 du décret n° 93-82 du 15 janvier 1993 portant application de l'article 1er ter de l'ordonnance n° 45-2590 du 2 novembre 1945 et relatif aux notaires salariés. Les dispenses de stage accordées en application de l'article 4 ne s'étendent pas aux années de stage devant être accomplies dans un office du ressort de la Cour d'appel de Colmar ou de Metz.",VIGUEUR,2024-09-01,2999-01-01,LEGIARTI000046387478,https://www.legifrance.gouv.fr/codes/article_lc/LEGIARTI000046387478
d73-609-4,decret_73_609,Décret n° 73-609,4,,,"Sont dispensés de la condition de l'article 3 (6°) sous réserve d'une certaine durée de pratique professionnelle dans un office de notaire et, le cas échéant, d'un contrôle de connaissances techniques : 1° Les membres et anciens membres du Conseil d'Etat et de la Cour des comptes, des tribunaux administratifs et des cours administratives d'appel, des chambres régionales des comptes, ainsi que les magistrats et anciens magistrats de l'ordre judiciaire régis par l'ordonnance n° 58-1270 du 22 décembre 1958 ; 2° Les professeurs et anciens professeurs ainsi que les maîtres de conférences et anciens maîtres de conférences de droit ou de sciences économiques ; 3° Les anciens maîtres-assistants, docteurs en droit, ayant accompli postérieurement à leur doctorat cinq années au moins d'enseignement juridique dans un établissement d'enseignement du second degré ou supérieur ; 4° Les anciens avocats à la Cour de cassation et au Conseil d'Etat ayant au moins deux ans de fonctions ; 5° Les anciens avocats et anciens avocats défenseurs ayant été inscrits pendant deux ans au moins au tableau d'un barreau de la métropole, d'un département d'outre-mer, d'une collectivité d'outre-mer ou d'un Etat lié à la France par un accord de coopération ; 6° Les anciens avoués près les cours d'appel ayant au moins deux ans de fonctions ; 7° Les personnes ayant été inscrites pendant au moins deux ans sur une liste de conseils juridiques, ainsi que celles qui, ayant été inscrites sur une telle liste ou le tableau d'un barreau pour une durée inférieure à deux ans, ont bénéficié des dispositions de l'article 49 de la loi n° 71-1130 du 31 décembre 1971 susvisée, dès lors qu'en imputant cette durée d'inscription sur la durée de fonctions exigée par le présent article au titre de la profession dans laquelle elles ont été admises en vertu dudit article 49 elles satisfont à cette dernière condition de durée. 8° Les fonctionnaires de la catégorie A et anciens fonctionnaires de cette catégorie ou les personnes assimilées aux fonctionnaires de cette catégorie ayant exercé pendant au moins cinq ans des activités juridiques ou fiscales dans une administration ou un service public. 9° Les personnes ayant accompli huit années au moins d'exercice professionnel dans le service juridique ou fiscal d'une entreprise publique ou privée employant au moins trois juristes ou dans un centre de recherches, d'information et de documentation notariale. 10° Les anciens syndics et administrateurs judiciaires, les anciens administrateurs judiciaires et mandataires liquidateurs ayant exercé leurs fonctions pendant deux ans au moins. 11° Les anciens commissaires de justice et les anciens greffiers des tribunaux de commerce ayant exercé leurs fonctions pendant au moins cinq ans.",VIGUEUR,2022-10-09,2999-01-01,LEGIARTI000046387484,https://www.legifrance.gouv.fr/codes/article_lc/LEGIARTI000046387484
d73-609-78,decret_73_609,Décret n° 73-609,78,,,"Le jury est composé comme suit : 1° Un magistrat de l'ordre judiciaire, président ; 2° Un professeur des universités ou un maître de conférences chargé d'un enseignement juridique, en activité ou émérite ; 3° Deux notaires exerçant à titre individuel ou en qualité d'associé ; 4° Deux notaires salariés ou collaborateurs des offices de notaire, qu'ils soient ou non en activité, titulaires du diplôme de premier clerc de notaire ou du diplôme des métiers du notariat ou d'un diplôme permettant l'accès aux fonctions de notaire. Le magistrat de l'ordre judiciaire est nommé sur proposition conjointe du premier président de la cour d'appel dans le ressort de laquelle est situé le site d'enseignement et du procureur général près cette même cour. Le professeur des universités en activité ou émérite ou le maître de conférences est nommé sur proposition du président de l'établissement public d'enseignement supérieur dans le ressort duquel se situe le site d'enseignement et avec lequel l'Institut national des formations notariales a passé convention. Lorsque, dans le ressort d'une académie, plusieurs conventions ont été passées avec l'Institut national des formations notariales, le professeur de droit ou le maître de conférences est nommé sur proposition conjointe des présidents des établissements publics d'enseignement supérieur signataires. Les notaires exerçant à titre individuel ou en qualité d'associé sont nommés parmi les notaires figurant sur la liste prévue au second alinéa de l'article 11. Les notaires salariés ou les collaborateurs des offices de notaire sont nommés sur proposition des organisations syndicales les plus représentatives. Le président et les membres du jury sont nommés par une délibération du conseil d'administration de l'Institut national des formations notariales pour une durée de trois ans, renouvelable deux fois. Toutefois, si un membre du jury vient à cesser ses fonctions avant l'expiration de la durée normale de son mandat, il est pourvu, dans le délai de trois mois, à son remplacement. En ce cas, les fonctions du nouveau membre expirent à la date à laquelle auraient cessé celles du membre qu'il a remplacé. Des suppléants sont désignés en nombre égal dans les mêmes conditions. En cas de partage égal des voix, celle du président est prépondérante. Le jury peut s'adjoindre, pour les épreuves orales, des examinateurs spécialisés avec voix consultative. Il peut être institué plusieurs jurys pour un même centre d'examen.",VIGUEUR,2024-09-01,2999-01-01,LEGIARTI000046387532,https://www.legifrance.gouv.fr/codes/article_lc/LEGIARTI000046387532
d73-609-57,decret_73_609,Décret n° 73-609,57,,,"Dans le mois de leur nomination, les notaires prêtent serment, devant la cour d'appel, en ces termes : "" Je jure de loyalement remplir mes fonctions avec exactitude et probité et d'observer en tout les devoirs qu'elles m'imposent "". Ils ne peuvent exercer leurs fonctions qu'à compter du jour de leur prestation de serment. Le conseil régional ou interrégional des notaires du ressort informe le Conseil supérieur du notariat de cette prestation de serment.",VIGUEUR,2023-01-01,2999-01-01,LEGIARTI000046912683,https://www.legifrance.gouv.fr/codes/article_lc/LEGIARTI000046912683
d73-609-58-1,decret_73_609,Décret n° 73-609,58-1,,,"La demande d'autorisation de prolongation d'activité prévue à l'article 2 de la loi du 25 ventôse an XI susvisée est présentée au garde des sceaux, ministre de la justice, par téléprocédure sur le site internet du ministère de la justice, au plus tard deux mois avant le soixante-dixième anniversaire du demandeur, accompagnée de la copie d'une pièce justificative d'identité. En l'absence de décision expresse d'opposition ou de non-opposition du garde des sceaux, ministre de la justice, portée à la connaissance de l'intéressé avant l'expiration d'un délai de deux mois, la demande d'autorisation est réputée avoir fait l'objet d'une décision de non-opposition et l'autorisation est accordée à la date d'expiration de ce délai. Ce délai court à compter de la réception d'une demande dûment complétée et accompagnée de la pièce mentionnée au premier alinéa. Le délai de douze mois prévu pour la prolongation d'activité court à compter du soixante-dixième anniversaire de l'intéressé.",VIGUEUR,2023-03-01,2999-01-01,LEGIARTI000046912686,https://www.legifrance.gouv.fr/codes/article_lc/LEGIARTI000046912686
d73-609-56,decret_73_609,Décret n° 73-609,56,,,"Lorsqu'il n'a pas été ou qu'il ne peut être pourvu par l'exercice du droit de présentation à un office de notaire dépourvu de titulaire, cet office est déclaré vacant par arrêté du garde des sceaux, ministre de la justice. Cet arrêté ouvre la procédure de candidature aux date et heure qu'il précise. L'article 49 du présent décret est applicable. Les candidatures sont enregistrées dans les formes et accompagnées des pièces mentionnées à l'article 51 du présent décret. La candidature doit être accompagnée d'un engagement de payer l'indemnité fixée par le garde des sceaux, ministre de la justice. Lorsque le candidat doit contracter un emprunt, la demande est accompagnée des éléments permettant d'apprécier ses possibilités financières au regard des engagements contractés. Le garde des sceaux, ministre de la justice, peut solliciter du bureau du Conseil supérieur du notariat toute information dont il dispose permettant d'apprécier les capacités professionnelles et l'honorabilité du candidat. Le bureau fournit ces informations dans un délai de vingt jours suivant réception de la demande. Sous réserve de l'examen des pièces mentionnées au cinquième alinéa du présent article, le garde des sceaux, ministre de la justice, nomme à l'office vacant un candidat suivant l'ordre d'enregistrement des candidatures. Toutefois, lorsque plusieurs candidatures sont enregistrées dans les vingt-quatre heures suivant l'ouverture de la procédure de candidature, l'ordre de ces candidatures est déterminé par tirage au sort en présence d'un représentant du Conseil supérieur du notariat dans les conditions prévues par un arrêté du garde des sceaux, ministre de la justice. En l'absence de candidature ou si aucun candidat ne remplit les conditions de nomination, l'office vacant est intégré au prochain appel à manifestation d'intérêt utile, conformément au II de l'article 52 de la loi n° 2015-990 du 6 août 2015 susmentionnée.",VIGUEUR,2023-01-01,2999-01-01,LEGIARTI000046912688,https://www.legifrance.gouv.fr/codes/article_lc/LEGIARTI000046912688
d73-609-52,decret_73_609,Décret n° 73-609,52,,,"Pour chaque zone fixée par la carte, les demandes sont instruites suivant leur ordre d'enregistrement. En cas de demandes formées par une même personne et portant sur plusieurs zones, l'une quelconque de ses demandes est susceptible de donner lieu à la nomination de son auteur, sans possibilité pour lui d'exprimer un ordre de préférence. Le garde des sceaux, ministre de la justice, peut solliciter du bureau du Conseil supérieur du notariat toute information dont il dispose permettant d'apprécier les capacités professionnelles et l'honorabilité du demandeur. Le bureau fournit ces informations dans un délai de vingt jours suivant réception de la demande. La nomination en qualité de titulaire d'un office ou en qualité d'associé d'une société titulaire d'un office à tout moment de la procédure entraîne la caducité de toute autre demande de nomination sur un office à créer formée par l'intéressé. Les candidats peuvent librement renoncer à une ou plusieurs de leurs demandes de création d'office portant sur les zones mentionnées au I de l'article 52 de la loi n° 2015-990 du 6 août 2015 susmentionnée dans un délai de deux mois suivant la date d'ouverture du dépôt des candidatures prévue au premier alinéa de l'article 50. Passé ce délai, toute renonciation à une ou plusieurs demandes de création d'office portant sur l'une de ces zones entraîne la caducité de l'ensemble des demandes de création d'office déposées par l'intéressé dans lesdites zones. De la même façon, les candidats peuvent librement renoncer à une ou plusieurs de leurs demandes de création d'office portant sur les zones mentionnées au III de l'article 52 de la loi n° 2015-990 du 6 août 2015 susmentionnée dans un délai de deux mois suivant la date d'ouverture du dépôt des candidatures prévue au second alinéa de l'article 50. Passé ce délai, toute renonciation à une ou plusieurs demandes de création d'office portant sur l'une de ces zones entraîne la caducité de l'ensemble des demandes de création d'office déposées par l'intéressé dans lesdites zones. La publication d'une nouvelle carte conformément au cinquième alinéa du I de l'article 52 de la loi n° 2015-990 du 6 août 2015 susmentionnée entraîne la caducité des demandes formées antérieurement.",VIGUEUR,2023-01-01,2999-01-01,LEGIARTI000046912693,https://www.legifrance.gouv.fr/codes/article_lc/LEGIARTI000046912693
d73-609-51,decret_73_609,Décret n° 73-609,51,,,"Les demandes sont enregistrées par téléprocédure sur le site internet du ministère de la justice. Elles sont horodatées. La demande mentionne la zone choisie parmi celles figurant sur la carte susmentionnée et, au sein de cette zone, la commune dans laquelle le demandeur souhaite être nommé. Chaque demandeur, personne physique ou morale, ne peut déposer qu'une seule demande par zone. Une personne physique ne peut demander sa nomination, que ce soit à titre individuel ou en qualité d'associé, qu'une seule fois par zone. Un arrêté du garde des sceaux, ministre de la justice, précise les pièces à produire dans le délai de dix jours à compter de l'enregistrement de la demande. En cas de demande incomplète, le garde des sceaux, ministre de la justice, sollicite les éléments manquants. Si le demandeur ne produit pas ces éléments dans un délai de dix jours à compter de l'envoi de la demande de complément, toutes ses demandes de création d'office présentées en application du I de l'article 52 de la loi du 6 août 2015 susvisée sont caduques.",VIGUEUR,2023-01-01,2999-01-01,LEGIARTI000046912698,https://www.legifrance.gouv.fr/codes/article_lc/LEGIARTI000046912698
d73-609-47,decret_73_609,Décret n° 73-609,47,,,"Le garde des sceaux, ministre de la justice, peut solliciter du bureau du Conseil supérieur du notariat toute information dont il dispose permettant d'apprécier les capacités professionnelles et l'honorabilité de l'intéressé. Le bureau fournit ces informations dans un délai de vingt jours suivant réception de la demande.",VIGUEUR,2023-01-01,2999-01-01,LEGIARTI000046912701,https://www.legifrance.gouv.fr/codes/article_lc/LEGIARTI000046912701
d73-609-58,decret_73_609,Décret n° 73-609,58,,,"Avant d'entrer en fonctions, les notaires déposent leur signature et leur paraphe au secrétariat-greffe de la cour d'appel du siège de l'office.",VIGUEUR,2024-11-24,2999-01-01,LEGIARTI000050659116,https://www.legifrance.gouv.fr/codes/article_lc/LEGIARTI000050659116
d73-609-94,decret_73_609,Décret n° 73-609,94,,,"L'Institut national des formations notariales est chargé d'exercer, outre les attributions particulières énoncées aux titres Ier, II, III et V, les attributions générales ci-après : 1° Assurer, diriger, coordonner et contrôler les actions de formation initiale des étudiants qui se destinent aux métiers du notariat ; 2° Participer aux concertations relatives à la formation notariale avec les pouvoirs publics, la profession notariale, les universités et les professions dont les activités sont en rapport avec celles de la profession notariale ; 3° Délivrer les diplômes et assurer les enseignements conduisant à la délivrance des diplômes nationaux ; 4° Développer l'enseignement à distance et le recours à de nouveaux modes de formation ; 5° Organiser et contrôler le stage prévu à l'article 20 en liaison avec les employeurs des stagiaires ; 6° Proposer, en accord avec le Conseil supérieur du notariat, les mesures propres à améliorer la formation et l'enseignement professionnel ; 7° Organiser l'enseignement professionnel en vue de la préparation à l'examen de contrôle des connaissances prévu aux articles 5 et 7, soit directement, soit par convention avec d'autres organismes d'enseignement ou de formation, publics ou privés ; 8° Dispenser des formations en droit notarial et techniques professionnelles notariales au profit des notaires et collaborateurs en exercice ainsi que de tout public extérieur à la profession ; 9° Définir et conduire des actions de recherche scientifique et technologique donnant lieu à des publications et à des productions scientifiques et pédagogiques ; 10° Entreprendre des actions de collaboration avec des organismes de recherche ou d'enseignement supérieur français ou étrangers. L'Institut national des formations notariales peut passer toutes conventions utiles en application de la loi du 16 juillet 1971 susvisée.",VIGUEUR,2025-01-01,2999-01-01,LEGIARTI000050922212,https://www.legifrance.gouv.fr/codes/article_lc/LEGIARTI000050922212
d73-609-96,decret_73_609,Décret n° 73-609,96,,,"I. Sont membres du conseil d'administration, nommés par arrêté du garde des sceaux, ministre de la justice : 1° Un membre du Conseil d'Etat, sur proposition du vice-président du Conseil d'Etat ; 2° Un magistrat de la Cour de cassation, sur proposition du premier président de la Cour de cassation et du procureur général près ladite Cour ; 3° Deux professeurs de droit des universités, en activité ou émérites, sur proposition du ministre chargé de l'enseignement supérieur et de la recherche ; 4° Six notaires exerçant à titre individuel ou en qualité d'associés, dont un au moins est membre du Conseil supérieur du notariat, sur proposition du Conseil supérieur du notariat ; 5° Quatre notaires salariés ou collaborateurs des offices de notaire, qu'ils soient ou non en activité, remplissant les conditions d'aptitude exigées pour être nommés notaires, sur proposition des organisations syndicales les plus représentatives, d'après le nombre de voix recueillies lors des dernières élections ; 6° Un représentant des étudiants, désigné par un conseil de la vie étudiante dont les missions sont définies par le règlement intérieur de l'Institut. Un représentant des directeurs de site, désigné par les directeurs de sites selon les conditions prévues par le règlement intérieur de l'Institut, assiste aux délibérations du conseil d'administration. II. − Nul ne peut être désigné membre du conseil d'administration ni voir son mandat renouvelé s'il est âgé de plus de 70 ans à la date de cette désignation ou de ce renouvellement. III. − Le président du conseil d'administration est nommé par arrêté du garde des sceaux, ministre de la justice, parmi les membres mentionnés aux 1° à 5°. Des membres suppléants sont désignés en nombre égal dans les mêmes conditions. Il peut être mis fin, le cas échéant, dans les mêmes conditions, aux fonctions des membres titulaires et suppléants.",VIGUEUR,2025-01-01,2999-01-01,LEGIARTI000050922214,https://www.legifrance.gouv.fr/codes/article_lc/LEGIARTI000050922214
d73-609-97,decret_73_609,Décret n° 73-609,97,,,"La durée des fonctions des membres du conseil d'administration est de quatre années, renouvelable à l'exception du représentant des étudiants, dont le mandat est d'un an, renouvelable une fois. Ces fonctions prennent fin de plein droit lorsque leur titulaire cesse d'appartenir à la catégorie au titre de laquelle il a été désigné. Si un membre du conseil d'administration vient à cesser ses fonctions avant l'expiration de la durée normale de son mandat, il est pourvu, dans le délai de trois mois, à son remplacement. En ce cas, les fonctions du nouveau membre expirent à la date à laquelle auraient cessé celles du membre qu'il a remplacé.",VIGUEUR,2025-01-01,2999-01-01,LEGIARTI000050922217,https://www.legifrance.gouv.fr/codes/article_lc/LEGIARTI000050922217
d73-609-99,decret_73_609,Décret n° 73-609,99,,,Le conseil d'administration désigne parmi ses membres un secrétaire et un trésorier.,VIGUEUR,2025-01-01,2999-01-01,LEGIARTI000050922220,https://www.legifrance.gouv.fr/codes/article_lc/LEGIARTI000050922220
d73-609-100,decret_73_609,Décret n° 73-609,100,,,"Le conseil d'administration de l'Institut national des formations notariales adopte au nom de celui-ci les avis prévus par le présent décret. Il définit la politique générale de l'Institut et délibère sur : 1° Les projets en matière de formation initiale et continue ainsi que le projet de recherche scientifique de l'Institut ; 2° La création en son sein de comités spécialisés et de commissions consultatives ainsi que, le cas échéant, l'institution d'un comité scientifique ; 3° Les programmes d'investissement ; 4° Le rapport d'activité ; 5° Le budget et les décisions budgétaires modificatives ; 6° Les comptes financiers et les décisions d'affectation des résultats ; 7° L'organisation générale des services de l'Institut ; 8° L'approbation d'accords de coopération et de coordination avec d'autres établissements d'enseignement supérieur ; 9° Les acquisitions, aliénations, échanges d'immeubles et leur affectation et les conditions de conclusion des baux ; 10° Les emprunts, au-delà d'un seuil fixé par délibération du conseil d'administration ; 11° Le règlement intérieur de l'Institut, approuvé par arrêté du garde des sceaux, ministre de la justice ; 12° L'acceptation et le refus des dons et legs ; 13° Les actions en justice et les transactions, sans préjudice des compétences du directeur général mentionnées à l'article 104. Par dérogation aux dispositions prévues au premier alinéa de l'article 98, le conseil d'administration délibère à la majorité des deux tiers des membres présents ou représentés pour les décisions prises sur les sujets mentionnés aux 6°, 9° et 10° du présent article.",VIGUEUR,2025-01-01,2999-01-01,LEGIARTI000050922222,https://www.legifrance.gouv.fr/codes/article_lc/LEGIARTI000050922222
d73-609-101,decret_73_609,Décret n° 73-609,101,,,"Le conseil d'administration se réunit sur la convocation de son président aussi souvent qu'il est nécessaire et au moins deux fois par an. La convocation est de droit si elle est demandée soit par la majorité des membres, soit par le garde des sceaux, ministre de la justice. Le Conseil supérieur du notariat peut demander au président du conseil d'administration d'inscrire un point à l'ordre du jour. Cette inscription est alors de droit.",VIGUEUR,2025-01-01,2999-01-01,LEGIARTI000050922225,https://www.legifrance.gouv.fr/codes/article_lc/LEGIARTI000050922225
d73-609-104,decret_73_609,Décret n° 73-609,104,,,"Le directeur général veille au bon fonctionnement de l'Institut national des formations notariales. Il est nommé par le conseil d'administration. Il met en œuvre la mission pédagogique de l'Institut. Il prend toutes les mesures nécessaires à l'exécution des délibérations du conseil d'administration, au fonctionnement de l'établissement et à la discipline intérieure. Il peut représenter l'Institut en France et à l'étranger et négocie les partenariats. Il peut représenter l'établissement dans tous les actes de la vie civile. Il peut entreprendre toute action en justice, à condition d'en informer le conseil d'administration. Il constate et recouvre les recettes et ordonne les dépenses. Il rend compte au conseil d'administration de tous les engagements pris au nom de celui-ci. Il rédige le rapport mentionné au 4° de l'article 100. La fonction de directeur général est incompatible avec celle de membre du conseil d'administration.",VIGUEUR,2025-01-01,2999-01-01,LEGIARTI000050922228,https://www.legifrance.gouv.fr/codes/article_lc/LEGIARTI000050922228
d73-609-105,decret_73_609,Décret n° 73-609,105,,,Les recettes de l'Institut national des formations notariales comprennent : 1° Le montant des droits de scolarité et d'examen ; 2° Les subventions et participations des collectivités publiques et de tous organismes ou institutions de droit public ou de droit privé ; 3° Les dons et legs ; 4° Les produits des rétributions perçues pour services rendus ; 5° Les revenus des biens. Les charges de fonctionnement non couvertes par ces recettes sont inscrites au budget du Conseil supérieur du notariat.,VIGUEUR,2025-01-01,2999-01-01,LEGIARTI000050922230,https://www.legifrance.gouv.fr/codes/article_lc/LEGIARTI000050922230
d73-609-107,decret_73_609,Décret n° 73-609,107,,,"Le Conseil supérieur du notariat se prononce sur le budget prévisionnel de l'Institut national des formations notariales et procède à son contrôle financier. Il adresse un rapport annuel au garde des sceaux, ministre de la justice.",VIGUEUR,2025-01-01,2999-01-01,LEGIARTI000050922232,https://www.legifrance.gouv.fr/codes/article_lc/LEGIARTI000050922232
d73-609-95,decret_73_609,Décret n° 73-609,95,,,"L'Institut national des formations notariales est un établissement d'utilité publique placé sous le contrôle du garde des sceaux, ministre de la justice. Le conseil d'administration assure par ses délibérations l'administration de l'Institut national des formations notariales, qui est dirigé par un directeur général.",VIGUEUR,2025-01-01,2999-01-01,LEGIARTI000050923711,https://www.legifrance.gouv.fr/codes/article_lc/LEGIARTI000050923711
d73-609-108,decret_73_609,Décret n° 73-609,108,,,"L'Institut national des formations notariales fixe le montant des droits de scolarité et d'examen, ainsi que les conditions dans lesquelles certaines personnes peuvent en être dispensées, pour les formations qu'il assure et pour les examens organisés, notamment, pour la délivrance des certificats de spécialisation en application de la section II. Le montant des droits de scolarité universitaires ainsi que les conditions dans lesquelles certaines personnes peuvent en être dispensées sont fixés par un arrêté du garde des sceaux, ministre de la justice, du ministre chargé de l'enseignement supérieur, et du ministre chargé du budget pris après avis du Conseil supérieur du notariat.",VIGUEUR,2025-01-01,2999-01-01,LEGIARTI000050923713,https://www.legifrance.gouv.fr/codes/article_lc/LEGIARTI000050923713
d73-609-111,decret_73_609,Décret n° 73-609,111,,,"Les épreuves du concours prévu à l'article précédent sont subies devant un jury composé ainsi qu'il suit : 1° Un magistrat appartenant au moins au deuxième grade de la hiérarchie judiciaire, président ; 2° Un professeur de droit des universités ; 3° Un fonctionnaire de catégorie A des services déconcentrés de la direction générale des impôts (enregistrement) ; 4° Trois notaires du ressort de la Cour d'appel de Colmar ou du ressort de la Cour d'appel de Metz, dont un au moins établi dans le département de la Moselle. Les membres du jury sont désignés chaque année par arrêté du garde des sceaux, ministre de la justice. Des suppléants sont désignés en nombre égal dans les mêmes conditions. Toutefois, si un membre vient à cesser ses fonctions avant l'expiration de la durée normale de son mandat, il est pourvu, dans le délai de trois mois, à son remplacement. En ce cas, les fonctions du nouveau membre expirent à la date à laquelle auraient cessé celles du membre qu'il a remplacé.",VIGUEUR,2025-12-01,2999-01-01,LEGIARTI000052490205,https://www.legifrance.gouv.fr/codes/article_lc/LEGIARTI000052490205
