chunk_id,source,source_label,num,section_path,titre,texte,etat,date_debut,date_fin,legiarti_id,url
cc-720,cc_successions,Code civil,720,"Livre III : Des différentes manières dont on acquiert la propriété > Titre Ier : Des successions > Chapitre Ier : De l'ouverture des successions, du titre universel et de la saisine",,"Les successions s'ouvrent par la mort, au dernier domicile du défunt.",VIGUEUR,2002-07-01,2999-01-01,LEGIARTI000006430690,https://www.legifrance.gouv.fr/codes/article_lc/LEGIARTI000006430690
cc-721,cc_successions,Code civil,721,"Livre III : Des différentes manières dont on acquiert la propriété > Titre Ier : Des successions > Chapitre Ier : De l'ouverture des successions, du titre universel et de la saisine",,Les successions sont dévolues selon la loi lorsque le défunt n'a pas disposé de ses biens par des libéralités. Elles peuvent être dévolues par les libéralités du défunt dans la mesure compatible avec la réserve héréditaire.,VIGUEUR,2002-07-01,2999-01-01,LEGIARTI000006430700,https://www.legifrance.gouv.fr/codes/article_lc/LEGIARTI000006430700
cc-722,cc_successions,Code civil,722,"Livre III : Des différentes manières dont on acquiert la propriété > Titre Ier : Des successions > Chapitre Ier : De l'ouverture des successions, du titre universel et de la saisine",,Les conventions qui ont pour objet de créer des droits ou de renoncer à des droits sur tout ou partie d'une succession non encore ouverte ou d'un bien en dépendant ne produisent effet que dans les cas où elles sont autorisées par la loi.,VIGUEUR,2002-07-01,2999-01-01,LEGIARTI000006430718,https://www.legifrance.gouv.fr/codes/article_lc/LEGIARTI000006430718
cc-724,cc_successions,Code civil,724,"Livre III : Des différentes manières dont on acquiert la propriété > Titre Ier : Des successions > Chapitre Ier : De l'ouverture des successions, du titre universel et de la saisine",,"Les héritiers désignés par la loi sont saisis de plein droit des biens, droits et actions du défunt. Les légataires et donataires universels sont saisis dans les conditions prévues au titre II du présent livre. A leur défaut, la succession est acquise à l'Etat, qui doit se faire envoyer en possession.",VIGUEUR,2002-07-01,2999-01-01,LEGIARTI000006430730,https://www.legifrance.gouv.fr/codes/article_lc/LEGIARTI000006430730
cc-724-1,cc_successions,Code civil,724-1,"Livre III : Des différentes manières dont on acquiert la propriété > Titre Ier : Des successions > Chapitre Ier : De l'ouverture des successions, du titre universel et de la saisine",,"Les dispositions du présent titre, notamment celles qui concernent l'option, l'indivision et le partage, s'appliquent en tant que de raison aux légataires et donataires universels ou à titre universel, quand il n'y est pas dérogé par une règle particulière.",VIGUEUR,2002-07-01,2999-01-01,LEGIARTI000006430746,https://www.legifrance.gouv.fr/codes/article_lc/LEGIARTI000006430746
cc-725,cc_successions,Code civil,725,Livre III : Des différentes manières dont on acquiert la propriété > Titre Ier : Des successions > Chapitre II : Des qualités requises pour succéder - De la preuve de la qualité d'héritier. > Section 1 : Des qualités requises pour succéder.,,"Pour succéder, il faut exister à l'instant de l'ouverture de la succession ou, ayant déjà été conçu, naître viable. Peut succéder celui dont l'absence est présumée selon l'article 112 .",VIGUEUR,2002-07-01,2999-01-01,LEGIARTI000006430764,https://www.legifrance.gouv.fr/codes/article_lc/LEGIARTI000006430764
cc-726,cc_successions,Code civil,726,Livre III : Des différentes manières dont on acquiert la propriété > Titre Ier : Des successions > Chapitre II : Des qualités requises pour succéder - De la preuve de la qualité d'héritier. > Section 1 : Des qualités requises pour succéder.,,"Sont indignes de succéder et, comme tels, exclus de la succession : 1° Celui qui est condamné, comme auteur ou complice, à une peine criminelle pour avoir volontairement donné ou tenté de donner la mort au défunt ; 2° Celui qui est condamné, comme auteur ou complice, à une peine criminelle pour avoir volontairement porté des coups ou commis des violences ou voies de fait ayant entraîné la mort du défunt sans intention de la donner.",VIGUEUR,2002-07-01,2999-01-01,LEGIARTI000006430775,https://www.legifrance.gouv.fr/codes/article_lc/LEGIARTI000006430775
cc-728,cc_successions,Code civil,728,Livre III : Des différentes manières dont on acquiert la propriété > Titre Ier : Des successions > Chapitre II : Des qualités requises pour succéder - De la preuve de la qualité d'héritier. > Section 1 : Des qualités requises pour succéder.,,"N'est pas exclu de la succession le successible frappé d'une cause d'indignité prévue aux articles 726 et 727 , lorsque le défunt, postérieurement aux faits et à la connaissance qu'il en a eue, a précisé, par une déclaration expresse de volonté en la forme testamentaire, qu'il entend le maintenir dans ses droits héréditaires ou lui a fait une libéralité universelle ou à titre universel.",VIGUEUR,2002-07-01,2999-01-01,LEGIARTI000006430795,https://www.legifrance.gouv.fr/codes/article_lc/LEGIARTI000006430795
cc-729,cc_successions,Code civil,729,Livre III : Des différentes manières dont on acquiert la propriété > Titre Ier : Des successions > Chapitre II : Des qualités requises pour succéder - De la preuve de la qualité d'héritier. > Section 1 : Des qualités requises pour succéder.,,L'héritier exclu de la succession pour cause d'indignité est tenu de rendre tous les fruits et tous les revenus dont il a eu la jouissance depuis l'ouverture de la succession.,VIGUEUR,2002-07-01,2999-01-01,LEGIARTI000006430804,https://www.legifrance.gouv.fr/codes/article_lc/LEGIARTI000006430804
cc-730,cc_successions,Code civil,730,Livre III : Des différentes manières dont on acquiert la propriété > Titre Ier : Des successions > Chapitre II : Des qualités requises pour succéder - De la preuve de la qualité d'héritier. > Section 2 : De la preuve de la qualité d'héritier.,,La preuve de la qualité d'héritier s'établit par tous moyens. Il n'est pas dérogé aux dispositions ni aux usages concernant la délivrance de certificats de propriété ou d'hérédité par des autorités judiciaires ou administratives.,VIGUEUR,2002-07-01,2999-01-01,LEGIARTI000006430815,https://www.legifrance.gouv.fr/codes/article_lc/LEGIARTI000006430815
cc-725-1,cc_successions,Code civil,725-1,Livre III : Des différentes manières dont on acquiert la propriété > Titre Ier : Des successions > Chapitre II : Des qualités requises pour succéder - De la preuve de la qualité d'héritier. > Section 1 : Des qualités requises pour succéder.,,"Lorsque deux personnes, dont l'une avait vocation à succéder à l'autre, périssent dans un même événement, l'ordre des décès est établi par tous moyens. Si cet ordre ne peut être déterminé, la succession de chacune d'elles est dévolue sans que l'autre y soit appelée. Toutefois, si l'un des codécédés laisse des descendants, ceux-ci peuvent représenter leur auteur dans la succession de l'autre lorsque la représentation est admise.",VIGUEUR,2002-07-01,2999-01-01,LEGIARTI000006430838,https://www.legifrance.gouv.fr/codes/article_lc/LEGIARTI000006430838
cc-729-1,cc_successions,Code civil,729-1,Livre III : Des différentes manières dont on acquiert la propriété > Titre Ier : Des successions > Chapitre II : Des qualités requises pour succéder - De la preuve de la qualité d'héritier. > Section 1 : Des qualités requises pour succéder.,,"Les enfants de l'indigne ne sont pas exclus par la faute de leur auteur, soit qu'ils viennent à la succession de leur chef, soit qu'ils y viennent par l'effet de la représentation ; mais l'indigne ne peut, en aucun cas, réclamer, sur les biens de cette succession, la jouissance que la loi accorde aux père et mère sur les biens de leurs enfants.",VIGUEUR,2002-07-01,2999-01-01,LEGIARTI000006430854,https://www.legifrance.gouv.fr/codes/article_lc/LEGIARTI000006430854
cc-730-2,cc_successions,Code civil,730-2,Livre III : Des différentes manières dont on acquiert la propriété > Titre Ier : Des successions > Chapitre II : Des qualités requises pour succéder - De la preuve de la qualité d'héritier. > Section 2 : De la preuve de la qualité d'héritier.,,"L'affirmation contenue dans l'acte de notoriété n'emporte pas, par elle-même, acceptation de la succession.",VIGUEUR,2002-07-01,2999-01-01,LEGIARTI000006430879,https://www.legifrance.gouv.fr/codes/article_lc/LEGIARTI000006430879
cc-730-3,cc_successions,Code civil,730-3,Livre III : Des différentes manières dont on acquiert la propriété > Titre Ier : Des successions > Chapitre II : Des qualités requises pour succéder - De la preuve de la qualité d'héritier. > Section 2 : De la preuve de la qualité d'héritier.,,L'acte de notoriété ainsi établi fait foi jusqu'à preuve contraire. Celui qui s'en prévaut est présumé avoir des droits héréditaires dans la proportion qui s'y trouve indiquée.,VIGUEUR,2002-07-01,2999-01-01,LEGIARTI000006430887,https://www.legifrance.gouv.fr/codes/article_lc/LEGIARTI000006430887
cc-730-4,cc_successions,Code civil,730-4,Livre III : Des différentes manières dont on acquiert la propriété > Titre Ier : Des successions > Chapitre II : Des qualités requises pour succéder - De la preuve de la qualité d'héritier. > Section 2 : De la preuve de la qualité d'héritier.,,"Les héritiers désignés dans l'acte de notoriété ou leur mandataire commun sont réputés, à l'égard des tiers détenteurs de biens de la succession, avoir la libre disposition de ces biens et, s'il s'agit de fonds, la libre disposition de ceux-ci dans la proportion indiquée à l'acte.",VIGUEUR,2002-07-01,2999-01-01,LEGIARTI000006430899,https://www.legifrance.gouv.fr/codes/article_lc/LEGIARTI000006430899
cc-730-5,cc_successions,Code civil,730-5,Livre III : Des différentes manières dont on acquiert la propriété > Titre Ier : Des successions > Chapitre II : Des qualités requises pour succéder - De la preuve de la qualité d'héritier. > Section 2 : De la preuve de la qualité d'héritier.,,"Celui qui, sciemment et de mauvaise foi, se prévaut d'un acte de notoriété inexact, encourt les pénalités de recel prévues à l'article 778 , sans préjudice de dommages et intérêts.",VIGUEUR,2007-01-01,2999-01-01,LEGIARTI000006430909,https://www.legifrance.gouv.fr/codes/article_lc/LEGIARTI000006430909
cc-731,cc_successions,Code civil,731,Livre III : Des différentes manières dont on acquiert la propriété > Titre Ier : Des successions > Chapitre III : Des héritiers.,,La succession est dévolue par la loi aux parents et au conjoint successibles du défunt dans les conditions définies ci-après.,VIGUEUR,2002-07-01,2999-01-01,LEGIARTI000006430924,https://www.legifrance.gouv.fr/codes/article_lc/LEGIARTI000006430924
cc-732,cc_successions,Code civil,732,Livre III : Des différentes manières dont on acquiert la propriété > Titre Ier : Des successions > Chapitre III : Des héritiers.,,Est conjoint successible le conjoint survivant non divorcé.,VIGUEUR,2007-01-01,2999-01-01,LEGIARTI000006430936,https://www.legifrance.gouv.fr/codes/article_lc/LEGIARTI000006430936
cc-733,cc_successions,Code civil,733,Livre III : Des différentes manières dont on acquiert la propriété > Titre Ier : Des successions > Chapitre III : Des héritiers. > Section 1 : Des droits des parents en l'absence de conjoint successible.,,La loi ne distingue pas selon les modes d'établissement de la filiation pour déterminer les parents appelés à succéder. Les droits résultant de la filiation adoptive sont réglés au titre de l'adoption.,VIGUEUR,2006-07-01,2999-01-01,LEGIARTI000006430946,https://www.legifrance.gouv.fr/codes/article_lc/LEGIARTI000006430946
cc-734,cc_successions,Code civil,734,Livre III : Des différentes manières dont on acquiert la propriété > Titre Ier : Des successions > Chapitre III : Des héritiers. > Section 1 : Des droits des parents en l'absence de conjoint successible. > Paragraphe 1 : Des ordres d'héritiers.,,"En l'absence de conjoint successible, les parents sont appelés à succéder ainsi qu'il suit : 1° Les enfants et leurs descendants ; 2° Les père et mère ; les frères et soeurs et les descendants de ces derniers ; 3° Les ascendants autres que les père et mère ; 4° Les collatéraux autres que les frères et soeurs et les descendants de ces derniers. Chacune de ces quatre catégories constitue un ordre d'héritiers qui exclut les suivants.",VIGUEUR,2002-07-01,2999-01-01,LEGIARTI000006430952,https://www.legifrance.gouv.fr/codes/article_lc/LEGIARTI000006430952
cc-735,cc_successions,Code civil,735,Livre III : Des différentes manières dont on acquiert la propriété > Titre Ier : Des successions > Chapitre III : Des héritiers. > Section 1 : Des droits des parents en l'absence de conjoint successible. > Paragraphe 1 : Des ordres d'héritiers.,,"Les enfants ou leurs descendants succèdent à leurs père et mère ou autres ascendants, sans distinction de sexe, ni de primogéniture, même s'ils sont issus d'unions différentes.",VIGUEUR,2002-07-01,2999-01-01,LEGIARTI000006430957,https://www.legifrance.gouv.fr/codes/article_lc/LEGIARTI000006430957
cc-736,cc_successions,Code civil,736,Livre III : Des différentes manières dont on acquiert la propriété > Titre Ier : Des successions > Chapitre III : Des héritiers. > Section 1 : Des droits des parents en l'absence de conjoint successible. > Paragraphe 1 : Des ordres d'héritiers.,,"Lorsque le défunt ne laisse ni postérité, ni frère, ni soeur, ni descendants de ces derniers, ses père et mère lui succèdent, chacun pour moitié.",VIGUEUR,2002-07-01,2999-01-01,LEGIARTI000006430967,https://www.legifrance.gouv.fr/codes/article_lc/LEGIARTI000006430967
cc-737,cc_successions,Code civil,737,Livre III : Des différentes manières dont on acquiert la propriété > Titre Ier : Des successions > Chapitre III : Des héritiers. > Section 1 : Des droits des parents en l'absence de conjoint successible. > Paragraphe 1 : Des ordres d'héritiers.,,"Lorsque les père et mère sont décédés avant le défunt et que celui-ci ne laisse pas de postérité, les frères et soeurs du défunt ou leurs descendants lui succèdent, à l'exclusion des autres parents, ascendants ou collatéraux.",VIGUEUR,2002-07-01,2999-01-01,LEGIARTI000006430980,https://www.legifrance.gouv.fr/codes/article_lc/LEGIARTI000006430980
cc-738,cc_successions,Code civil,738,Livre III : Des différentes manières dont on acquiert la propriété > Titre Ier : Des successions > Chapitre III : Des héritiers. > Section 1 : Des droits des parents en l'absence de conjoint successible. > Paragraphe 1 : Des ordres d'héritiers.,,"Lorsque les père et mère survivent au défunt et que celui-ci n'a pas de postérité, mais des frères et soeurs ou des descendants de ces derniers, la succession est dévolue, pour un quart, à chacun des père et mère et, pour la moitié restante, aux frères et soeurs ou à leurs descendants. Lorsqu'un seul des père et mère survit, la succession est dévolue pour un quart à celui-ci et pour trois quarts aux frères et soeurs ou à leurs descendants.",VIGUEUR,2002-07-01,2999-01-01,LEGIARTI000006430985,https://www.legifrance.gouv.fr/codes/article_lc/LEGIARTI000006430985
cc-739,cc_successions,Code civil,739,Livre III : Des différentes manières dont on acquiert la propriété > Titre Ier : Des successions > Chapitre III : Des héritiers. > Section 1 : Des droits des parents en l'absence de conjoint successible. > Paragraphe 1 : Des ordres d'héritiers.,,"A défaut d'héritier des deux premiers ordres, la succession est dévolue aux ascendants autres que les père et mère.",VIGUEUR,2002-07-01,2999-01-01,LEGIARTI000006431000,https://www.legifrance.gouv.fr/codes/article_lc/LEGIARTI000006431000
cc-740,cc_successions,Code civil,740,Livre III : Des différentes manières dont on acquiert la propriété > Titre Ier : Des successions > Chapitre III : Des héritiers. > Section 1 : Des droits des parents en l'absence de conjoint successible. > Paragraphe 1 : Des ordres d'héritiers.,,"A défaut d'héritier des trois premiers ordres, la succession est dévolue aux parents collatéraux du défunt autres que les frères et soeurs et les descendants de ces derniers.",VIGUEUR,2002-07-01,2999-01-01,LEGIARTI000006431009,https://www.legifrance.gouv.fr/codes/article_lc/LEGIARTI000006431009
cc-741,cc_successions,Code civil,741,Livre III : Des différentes manières dont on acquiert la propriété > Titre Ier : Des successions > Chapitre III : Des héritiers. > Section 1 : Des droits des parents en l'absence de conjoint successible. > Paragraphe 2 : Des degrés.,,La proximité de parenté s'établit par le nombre de générations ; chaque génération s'appelle un degré.,VIGUEUR,2002-07-01,2999-01-01,LEGIARTI000006431023,https://www.legifrance.gouv.fr/codes/article_lc/LEGIARTI000006431023
cc-742,cc_successions,Code civil,742,Livre III : Des différentes manières dont on acquiert la propriété > Titre Ier : Des successions > Chapitre III : Des héritiers. > Section 1 : Des droits des parents en l'absence de conjoint successible. > Paragraphe 2 : Des degrés.,,"La suite des degrés forme la ligne ; on appelle ligne directe la suite des degrés entre personnes qui descendent l'une de l'autre ; ligne collatérale, la suite des degrés entre personnes qui ne descendent pas les unes des autres, mais qui descendent d'un auteur commun. On distingue la ligne directe descendante et la ligne directe ascendante.",VIGUEUR,2002-07-01,2999-01-01,LEGIARTI000006431029,https://www.legifrance.gouv.fr/codes/article_lc/LEGIARTI000006431029
cc-744,cc_successions,Code civil,744,Livre III : Des différentes manières dont on acquiert la propriété > Titre Ier : Des successions > Chapitre III : Des héritiers. > Section 1 : Des droits des parents en l'absence de conjoint successible. > Paragraphe 2 : Des degrés.,,"Dans chaque ordre, l'héritier le plus proche exclut l'héritier plus éloigné en degré. A égalité de degré, les héritiers succèdent par égale portion et par tête. Le tout sauf ce qui sera dit ci-après de la division par branches et de la représentation.",VIGUEUR,2002-07-01,2999-01-01,LEGIARTI000006431034,https://www.legifrance.gouv.fr/codes/article_lc/LEGIARTI000006431034
cc-746,cc_successions,Code civil,746,"Livre III : Des différentes manières dont on acquiert la propriété > Titre Ier : Des successions > Chapitre III : Des héritiers. > Section 1 : Des droits des parents en l'absence de conjoint successible. > Paragraphe 3 : De la division par branches, paternelle et maternelle.",,"La parenté se divise en deux branches, selon qu'elle procède du père ou de la mère.",VIGUEUR,2002-07-01,2999-01-01,LEGIARTI000006431041,https://www.legifrance.gouv.fr/codes/article_lc/LEGIARTI000006431041
cc-747,cc_successions,Code civil,747,"Livre III : Des différentes manières dont on acquiert la propriété > Titre Ier : Des successions > Chapitre III : Des héritiers. > Section 1 : Des droits des parents en l'absence de conjoint successible. > Paragraphe 3 : De la division par branches, paternelle et maternelle.",,"Lorsque la succession est dévolue à des ascendants, elle se divise par moitié entre ceux de la branche paternelle et ceux de la branche maternelle.",VIGUEUR,2002-07-01,2999-01-01,LEGIARTI000006431044,https://www.legifrance.gouv.fr/codes/article_lc/LEGIARTI000006431044
cc-748,cc_successions,Code civil,748,"Livre III : Des différentes manières dont on acquiert la propriété > Titre Ier : Des successions > Chapitre III : Des héritiers. > Section 1 : Des droits des parents en l'absence de conjoint successible. > Paragraphe 3 : De la division par branches, paternelle et maternelle.",,"Dans chaque branche succède, à l'exclusion de tout autre, l'ascendant qui se trouve au degré le plus proche. Les ascendants au même degré succèdent par tête. A défaut d'ascendant dans une branche, les ascendants de l'autre branche recueillent toute la succession.",VIGUEUR,2002-07-01,2999-01-01,LEGIARTI000006431049,https://www.legifrance.gouv.fr/codes/article_lc/LEGIARTI000006431049
cc-749,cc_successions,Code civil,749,"Livre III : Des différentes manières dont on acquiert la propriété > Titre Ier : Des successions > Chapitre III : Des héritiers. > Section 1 : Des droits des parents en l'absence de conjoint successible. > Paragraphe 3 : De la division par branches, paternelle et maternelle.",,"Lorsque la succession est dévolue à des collatéraux autres que les frères et soeurs ou leurs descendants, elle se divise par moitié entre ceux de la branche paternelle et ceux de la branche maternelle.",VIGUEUR,2002-07-01,2999-01-01,LEGIARTI000006431058,https://www.legifrance.gouv.fr/codes/article_lc/LEGIARTI000006431058
cc-750,cc_successions,Code civil,750,"Livre III : Des différentes manières dont on acquiert la propriété > Titre Ier : Des successions > Chapitre III : Des héritiers. > Section 1 : Des droits des parents en l'absence de conjoint successible. > Paragraphe 3 : De la division par branches, paternelle et maternelle.",,"Dans chaque branche succède, à l'exclusion de tout autre, le collatéral qui se trouve au degré le plus proche. Les collatéraux au même degré succèdent par tête. A défaut de collatéral dans une branche, les collatéraux de l'autre branche recueillent toute la succession.",VIGUEUR,2002-07-01,2999-01-01,LEGIARTI000006431065,https://www.legifrance.gouv.fr/codes/article_lc/LEGIARTI000006431065
cc-751,cc_successions,Code civil,751,Livre III : Des différentes manières dont on acquiert la propriété > Titre Ier : Des successions > Chapitre III : Des héritiers. > Section 1 : Des droits des parents en l'absence de conjoint successible. > Paragraphe 4 : De la représentation.,,La représentation est une fiction juridique qui a pour effet d'appeler à la succession les représentants aux droits du représenté.,VIGUEUR,2007-01-01,2999-01-01,LEGIARTI000006431069,https://www.legifrance.gouv.fr/codes/article_lc/LEGIARTI000006431069
cc-752,cc_successions,Code civil,752,Livre III : Des différentes manières dont on acquiert la propriété > Titre Ier : Des successions > Chapitre III : Des héritiers. > Section 1 : Des droits des parents en l'absence de conjoint successible. > Paragraphe 4 : De la représentation.,,"La représentation a lieu à l'infini dans la ligne directe descendante. Elle est admise dans tous les cas, soit que les enfants du défunt concourent avec les descendants d'un enfant prédécédé, soit que tous les enfants du défunt étant morts avant lui, les descendants desdits enfants se trouvent entre eux en degrés égaux ou inégaux.",VIGUEUR,2002-07-01,2999-01-01,LEGIARTI000006431072,https://www.legifrance.gouv.fr/codes/article_lc/LEGIARTI000006431072
cc-753,cc_successions,Code civil,753,Livre III : Des différentes manières dont on acquiert la propriété > Titre Ier : Des successions > Chapitre III : Des héritiers. > Section 1 : Des droits des parents en l'absence de conjoint successible. > Paragraphe 4 : De la représentation.,,"Dans tous les cas où la représentation est admise, le partage s'opère par souche, comme si le représenté venait à la succession ; s'il y a lieu, il s'opère par subdivision de souche. A l'intérieur d'une souche ou d'une subdivision de souche, le partage se fait par tête.",VIGUEUR,2002-07-01,2999-01-01,LEGIARTI000006431076,https://www.legifrance.gouv.fr/codes/article_lc/LEGIARTI000006431076
cc-754,cc_successions,Code civil,754,Livre III : Des différentes manières dont on acquiert la propriété > Titre Ier : Des successions > Chapitre III : Des héritiers. > Section 1 : Des droits des parents en l'absence de conjoint successible. > Paragraphe 4 : De la représentation.,,"On représente les prédécédés, on ne représente les renonçants que dans les successions dévolues en ligne directe ou collatérale. Les enfants du renonçant conçus avant l'ouverture de la succession dont le renonçant a été exclu rapportent à la succession de ce dernier les biens dont ils ont hérité en son lieu et place, s'ils viennent en concours avec d'autres enfants conçus après l'ouverture de la succession. Le rapport se fait selon les dispositions énoncées à la section 2 du chapitre VIII du présent titre. Sauf volonté contraire du disposant, en cas de représentation d'un renonçant, les donations faites à ce dernier s'imputent, le cas échéant, sur la part de réserve qui aurait dû lui revenir s'il n'avait pas renoncé. On peut représenter celui à la succession duquel on a renoncé.",VIGUEUR,2007-01-01,2999-01-01,LEGIARTI000006431079,https://www.legifrance.gouv.fr/codes/article_lc/LEGIARTI000006431079
cc-755,cc_successions,Code civil,755,Livre III : Des différentes manières dont on acquiert la propriété > Titre Ier : Des successions > Chapitre III : Des héritiers. > Section 1 : Des droits des parents en l'absence de conjoint successible. > Paragraphe 4 : De la représentation.,,"La représentation est admise en faveur des enfants et descendants de l'indigne, encore que celui-ci soit vivant à l'ouverture de la succession. Les dispositions prévues au deuxième alinéa de l'article 754 sont applicables aux enfants de l'indigne de son vivant.",VIGUEUR,2007-01-01,2999-01-01,LEGIARTI000006431083,https://www.legifrance.gouv.fr/codes/article_lc/LEGIARTI000006431083
cc-756,cc_successions,Code civil,756,"Livre III : Des différentes manières dont on acquiert la propriété > Titre Ier : Des successions > Chapitre III : Des héritiers. > Section 2 : Des droits du conjoint successible. > Paragraphe 1 : De la nature des droits, de leur montant et de leur exercice",,"Le conjoint successible est appelé à la succession, soit seul, soit en concours avec les parents du défunt.",VIGUEUR,2002-07-01,2999-01-01,LEGIARTI000006431085,https://www.legifrance.gouv.fr/codes/article_lc/LEGIARTI000006431085
cc-757,cc_successions,Code civil,757,"Livre III : Des différentes manières dont on acquiert la propriété > Titre Ier : Des successions > Chapitre III : Des héritiers. > Section 2 : Des droits du conjoint successible. > Paragraphe 1 : De la nature des droits, de leur montant et de leur exercice",,"Si l'époux prédécédé laisse des enfants ou descendants, le conjoint survivant recueille, à son choix, l'usufruit de la totalité des biens existants ou la propriété du quart des biens lorsque tous les enfants sont issus des deux époux et la propriété du quart en présence d'un ou plusieurs enfants qui ne sont pas issus des deux époux.",VIGUEUR,2002-07-01,2999-01-01,LEGIARTI000006431087,https://www.legifrance.gouv.fr/codes/article_lc/LEGIARTI000006431087
cc-759,cc_successions,Code civil,759,Livre III : Des différentes manières dont on acquiert la propriété > Titre Ier : Des successions > Chapitre III : Des héritiers. > Section 2 : Des droits du conjoint successible. > Paragraphe 2 : De la conversion de l'usufruit,,"Tout usufruit appartenant au conjoint sur les biens du prédécédé, qu'il résulte de la loi, d'un testament ou d'une donation de biens à venir, donne ouverture à une faculté de conversion en rente viagère, à la demande de l'un des héritiers nus-propriétaires ou du conjoint successible lui-même.",VIGUEUR,2002-07-01,2999-01-01,LEGIARTI000006431099,https://www.legifrance.gouv.fr/codes/article_lc/LEGIARTI000006431099
cc-760,cc_successions,Code civil,760,Livre III : Des différentes manières dont on acquiert la propriété > Titre Ier : Des successions > Chapitre III : Des héritiers. > Section 2 : Des droits du conjoint successible. > Paragraphe 2 : De la conversion de l'usufruit,,"A défaut d'accord entre les parties, la demande de conversion est soumise au juge. Elle peut être introduite jusqu'au partage définitif. S'il fait droit à la demande de conversion, le juge détermine le montant de la rente, les sûretés que devront fournir les cohéritiers débiteurs, ainsi que le type d'indexation propre à maintenir l'équivalence initiale de la rente à l'usufruit. Toutefois, le juge ne peut ordonner contre la volonté du conjoint la conversion de l'usufruit portant sur le logement qu'il occupe à titre de résidence principale, ainsi que sur le mobilier le garnissant.",VIGUEUR,2002-07-01,2999-01-01,LEGIARTI000006431105,https://www.legifrance.gouv.fr/codes/article_lc/LEGIARTI000006431105
cc-761,cc_successions,Code civil,761,Livre III : Des différentes manières dont on acquiert la propriété > Titre Ier : Des successions > Chapitre III : Des héritiers. > Section 2 : Des droits du conjoint successible. > Paragraphe 2 : De la conversion de l'usufruit,,"Par accord entre les héritiers et le conjoint, il peut être procédé à la conversion de l'usufruit du conjoint en un capital.",VIGUEUR,2002-07-01,2999-01-01,LEGIARTI000006431107,https://www.legifrance.gouv.fr/codes/article_lc/LEGIARTI000006431107
cc-762,cc_successions,Code civil,762,Livre III : Des différentes manières dont on acquiert la propriété > Titre Ier : Des successions > Chapitre III : Des héritiers. > Section 2 : Des droits du conjoint successible. > Paragraphe 2 : De la conversion de l'usufruit,,"La conversion de l'usufruit est comprise dans les opérations de partage. Elle ne produit pas d'effet rétroactif, sauf stipulation contraire des parties.",VIGUEUR,2002-07-01,2999-01-01,LEGIARTI000006431109,https://www.legifrance.gouv.fr/codes/article_lc/LEGIARTI000006431109
cc-763,cc_successions,Code civil,763,Livre III : Des différentes manières dont on acquiert la propriété > Titre Ier : Des successions > Chapitre III : Des héritiers. > Section 2 : Des droits du conjoint successible. > Paragraphe 3 : Du droit au logement temporaire et du droit viager au logement,,"Si, à l'époque du décès, le conjoint successible occupe effectivement, à titre d'habitation principale, un logement appartenant aux époux ou dépendant totalement de la succession, il a de plein droit, pendant une année, la jouissance gratuite de ce logement, ainsi que du mobilier, compris dans la succession, qui le garnit. Si son habitation était assurée au moyen d'un bail à loyer ou d'un logement appartenant pour partie indivise au défunt, les loyers ou l'indemnité d'occupation lui en seront remboursés par la succession pendant l'année, au fur et à mesure de leur acquittement. Les droits prévus au présent article sont réputés effets directs du mariage et non droits successoraux. Le présent article est d'ordre public.",VIGUEUR,2007-01-01,2999-01-01,LEGIARTI000006431113,https://www.legifrance.gouv.fr/codes/article_lc/LEGIARTI000006431113
cc-764,cc_successions,Code civil,764,Livre III : Des différentes manières dont on acquiert la propriété > Titre Ier : Des successions > Chapitre III : Des héritiers. > Section 2 : Des droits du conjoint successible. > Paragraphe 3 : Du droit au logement temporaire et du droit viager au logement,,"Sauf volonté contraire du défunt exprimée dans les conditions de l'article 971 , le conjoint successible qui occupait effectivement, à l'époque du décès, à titre d'habitation principale, un logement appartenant aux époux ou dépendant totalement de la succession, a sur ce logement, jusqu'à son décès, un droit d'habitation et un droit d'usage sur le mobilier, compris dans la succession, le garnissant. La privation de ces droits d'habitation et d'usage exprimée par le défunt dans les conditions mentionnées au premier alinéa est sans incidence sur les droits d'usufruit que le conjoint recueille en vertu de la loi ou d'une libéralité, qui continuent à obéir à leurs règles propres. Ces droits d'habitation et d'usage s'exercent dans les conditions prévues aux articles 627 , 631 , 634 et 635 . Le conjoint, les autres héritiers ou l'un d'eux peuvent exiger qu'il soit dressé un inventaire des meubles et un état de l'immeuble soumis aux droits d'usage et d'habitation. Par dérogation aux articles 631 et 634, lorsque la situation du conjoint fait que le logement grevé du droit d'habitation n'est plus adapté à ses besoins, le conjoint ou son représentant peut le louer à usage autre que commercial ou agricole afin de dégager les ressources nécessaires à de nouvelles conditions d'hébergement.",VIGUEUR,2002-07-01,2999-01-01,LEGIARTI000006431120,https://www.legifrance.gouv.fr/codes/article_lc/LEGIARTI000006431120
cc-765,cc_successions,Code civil,765,Livre III : Des différentes manières dont on acquiert la propriété > Titre Ier : Des successions > Chapitre III : Des héritiers. > Section 2 : Des droits du conjoint successible. > Paragraphe 3 : Du droit au logement temporaire et du droit viager au logement,,"La valeur des droits d'habitation et d'usage s'impute sur la valeur des droits successoraux recueillis par le conjoint. Si la valeur des droits d'habitation et d'usage est inférieure à celle de ses droits successoraux, le conjoint peut prendre le complément sur les biens existants. Si la valeur des droits d'habitation et d'usage est supérieure à celle de ses droits successoraux, le conjoint n'est pas tenu de récompenser la succession à raison de l'excédent.",VIGUEUR,2002-07-01,2999-01-01,LEGIARTI000006431122,https://www.legifrance.gouv.fr/codes/article_lc/LEGIARTI000006431122
cc-766,cc_successions,Code civil,766,Livre III : Des différentes manières dont on acquiert la propriété > Titre Ier : Des successions > Chapitre III : Des héritiers. > Section 2 : Des droits du conjoint successible. > Paragraphe 3 : Du droit au logement temporaire et du droit viager au logement,,"Le conjoint successible et les héritiers peuvent, par convention, convertir les droits d'habitation et d'usage en une rente viagère ou en capital. S'il est parmi les successibles parties à la convention un mineur ou un majeur protégé, la convention doit être autorisée par le juge des tutelles.",VIGUEUR,2002-07-01,2999-01-01,LEGIARTI000006431130,https://www.legifrance.gouv.fr/codes/article_lc/LEGIARTI000006431130
cc-738-1,cc_successions,Code civil,738-1,Livre III : Des différentes manières dont on acquiert la propriété > Titre Ier : Des successions > Chapitre III : Des héritiers. > Section 1 : Des droits des parents en l'absence de conjoint successible. > Paragraphe 1 : Des ordres d'héritiers.,,"Lorsque seul le père ou la mère survit et que le défunt n'a ni postérité ni frère ni soeur ni descendant de ces derniers, mais laisse un ou des ascendants de l'autre branche que celle de son père ou de sa mère survivant, la succession est dévolue pour moitié au père ou à la mère et pour moitié aux ascendants de l'autre branche.",VIGUEUR,2007-01-01,2999-01-01,LEGIARTI000006431160,https://www.legifrance.gouv.fr/codes/article_lc/LEGIARTI000006431160
cc-738-2,cc_successions,Code civil,738-2,Livre III : Des différentes manières dont on acquiert la propriété > Titre Ier : Des successions > Chapitre III : Des héritiers. > Section 1 : Des droits des parents en l'absence de conjoint successible. > Paragraphe 1 : Des ordres d'héritiers.,,"Lorsque les père et mère ou l'un d'eux survivent au défunt et que celui-ci n'a pas de postérité, ils peuvent dans tous les cas exercer un droit de retour, à concurrence des quote-parts fixées au premier alinéa de l'article 738 , sur les biens que le défunt avait reçus d'eux par donation. La valeur de la portion des biens soumise au droit de retour s'impute en priorité sur les droits successoraux des père et mère. Lorsque le droit de retour ne peut s'exercer en nature, il s'exécute en valeur, dans la limite de l'actif successoral.",VIGUEUR,2007-01-01,2999-01-01,LEGIARTI000006431168,https://www.legifrance.gouv.fr/codes/article_lc/LEGIARTI000006431168
cc-752-1,cc_successions,Code civil,752-1,Livre III : Des différentes manières dont on acquiert la propriété > Titre Ier : Des successions > Chapitre III : Des héritiers. > Section 1 : Des droits des parents en l'absence de conjoint successible. > Paragraphe 4 : De la représentation.,,"La représentation n'a pas lieu en faveur des ascendants ; le plus proche, dans chacune des deux lignes, exclut toujours le plus éloigné.",VIGUEUR,2002-07-01,2999-01-01,LEGIARTI000006431185,https://www.legifrance.gouv.fr/codes/article_lc/LEGIARTI000006431185
cc-752-2,cc_successions,Code civil,752-2,Livre III : Des différentes manières dont on acquiert la propriété > Titre Ier : Des successions > Chapitre III : Des héritiers. > Section 1 : Des droits des parents en l'absence de conjoint successible. > Paragraphe 4 : De la représentation.,,"En ligne collatérale, la représentation est admise en faveur des enfants et descendants de frères ou soeurs du défunt, soit qu'ils viennent à sa succession concurremment avec des oncles ou tantes, soit que tous les frères et soeurs du défunt étant prédécédés, la succession se trouve dévolue à leurs descendants en degrés égaux ou inégaux.",VIGUEUR,2002-07-01,2999-01-01,LEGIARTI000006431193,https://www.legifrance.gouv.fr/codes/article_lc/LEGIARTI000006431193
cc-757-1,cc_successions,Code civil,757-1,"Livre III : Des différentes manières dont on acquiert la propriété > Titre Ier : Des successions > Chapitre III : Des héritiers. > Section 2 : Des droits du conjoint successible. > Paragraphe 1 : De la nature des droits, de leur montant et de leur exercice",,"Si, à défaut d'enfants ou de descendants, le défunt laisse ses père et mère, le conjoint survivant recueille la moitié des biens. L'autre moitié est dévolue pour un quart au père et pour un quart à la mère. Quand le père ou la mère est prédécédé, la part qui lui serait revenue échoit au conjoint survivant.",VIGUEUR,2002-07-01,2999-01-01,LEGIARTI000006431219,https://www.legifrance.gouv.fr/codes/article_lc/LEGIARTI000006431219
cc-757-2,cc_successions,Code civil,757-2,"Livre III : Des différentes manières dont on acquiert la propriété > Titre Ier : Des successions > Chapitre III : Des héritiers. > Section 2 : Des droits du conjoint successible. > Paragraphe 1 : De la nature des droits, de leur montant et de leur exercice",,"En l'absence d'enfants ou de descendants du défunt et de ses père et mère, le conjoint survivant recueille toute la succession.",VIGUEUR,2002-07-01,2999-01-01,LEGIARTI000006431229,https://www.legifrance.gouv.fr/codes/article_lc/LEGIARTI000006431229
cc-757-3,cc_successions,Code civil,757-3,"Livre III : Des différentes manières dont on acquiert la propriété > Titre Ier : Des successions > Chapitre III : Des héritiers. > Section 2 : Des droits du conjoint successible. > Paragraphe 1 : De la nature des droits, de leur montant et de leur exercice",,"Par dérogation à l'article 757-2 , en cas de prédécès des père et mère, les biens que le défunt avait reçus de ses ascendants par succession ou donation et qui se retrouvent en nature dans la succession sont, en l'absence de descendants, dévolus pour moitié aux frères et soeurs du défunt ou à leurs descendants, eux-mêmes descendants du ou des parents prédécédés à l'origine de la transmission.",VIGUEUR,2007-01-01,2999-01-01,LEGIARTI000006431238,https://www.legifrance.gouv.fr/codes/article_lc/LEGIARTI000006431238
cc-758-1,cc_successions,Code civil,758-1,"Livre III : Des différentes manières dont on acquiert la propriété > Titre Ier : Des successions > Chapitre III : Des héritiers. > Section 2 : Des droits du conjoint successible. > Paragraphe 1 : De la nature des droits, de leur montant et de leur exercice",,"Lorsque le conjoint a le choix de la propriété ou de l'usufruit, ses droits sont incessibles tant qu'il n'a pas exercé son option.",VIGUEUR,2002-07-01,2999-01-01,LEGIARTI000006431247,https://www.legifrance.gouv.fr/codes/article_lc/LEGIARTI000006431247
cc-758-2,cc_successions,Code civil,758-2,"Livre III : Des différentes manières dont on acquiert la propriété > Titre Ier : Des successions > Chapitre III : Des héritiers. > Section 2 : Des droits du conjoint successible. > Paragraphe 1 : De la nature des droits, de leur montant et de leur exercice",,L'option du conjoint entre l'usufruit et la propriété se prouve par tout moyen.,VIGUEUR,2002-07-01,2999-01-01,LEGIARTI000006431254,https://www.legifrance.gouv.fr/codes/article_lc/LEGIARTI000006431254
cc-758-3,cc_successions,Code civil,758-3,"Livre III : Des différentes manières dont on acquiert la propriété > Titre Ier : Des successions > Chapitre III : Des héritiers. > Section 2 : Des droits du conjoint successible. > Paragraphe 1 : De la nature des droits, de leur montant et de leur exercice",,"Tout héritier peut inviter par écrit le conjoint à exercer son option. Faute d'avoir pris parti par écrit dans les trois mois, le conjoint est réputé avoir opté pour l'usufruit.",VIGUEUR,2002-07-01,2999-01-01,LEGIARTI000006431260,https://www.legifrance.gouv.fr/codes/article_lc/LEGIARTI000006431260
cc-758-4,cc_successions,Code civil,758-4,"Livre III : Des différentes manières dont on acquiert la propriété > Titre Ier : Des successions > Chapitre III : Des héritiers. > Section 2 : Des droits du conjoint successible. > Paragraphe 1 : De la nature des droits, de leur montant et de leur exercice",,Le conjoint est réputé avoir opté pour l'usufruit s'il décède sans avoir pris parti.,VIGUEUR,2002-07-01,2999-01-01,LEGIARTI000006431266,https://www.legifrance.gouv.fr/codes/article_lc/LEGIARTI000006431266
cc-758-5,cc_successions,Code civil,758-5,"Livre III : Des différentes manières dont on acquiert la propriété > Titre Ier : Des successions > Chapitre III : Des héritiers. > Section 2 : Des droits du conjoint successible. > Paragraphe 1 : De la nature des droits, de leur montant et de leur exercice",,"Le calcul du droit en toute propriété du conjoint prévu aux articles 757 et 757-1 sera opéré sur une masse faite de tous les biens existant au décès de son époux auxquels seront réunis fictivement ceux dont il aurait disposé, soit par acte entre vifs, soit par acte testamentaire, au profit de successibles, sans dispense de rapport. Le conjoint ne pourra exercer son droit que sur les biens dont le prédécédé n'aura disposé ni par acte entre vifs, ni par acte testamentaire, et sans préjudicier aux droits de réserve ni aux droits de retour.",VIGUEUR,2002-07-01,2999-01-01,LEGIARTI000006431275,https://www.legifrance.gouv.fr/codes/article_lc/LEGIARTI000006431275
cc-758-6,cc_successions,Code civil,758-6,"Livre III : Des différentes manières dont on acquiert la propriété > Titre Ier : Des successions > Chapitre III : Des héritiers. > Section 2 : Des droits du conjoint successible. > Paragraphe 1 : De la nature des droits, de leur montant et de leur exercice",,"Les libéralités reçues du défunt par le conjoint survivant s'imputent sur les droits de celui-ci dans la succession. Lorsque les libéralités ainsi reçues sont inférieures aux droits définis aux articles 757 et 757-1 , le conjoint survivant peut en réclamer le complément, sans jamais recevoir une portion des biens supérieure à la quotité définie à l'article 1094-1 .",VIGUEUR,2007-01-01,2999-01-01,LEGIARTI000006431280,https://www.legifrance.gouv.fr/codes/article_lc/LEGIARTI000006431280
cc-759-1,cc_successions,Code civil,759-1,Livre III : Des différentes manières dont on acquiert la propriété > Titre Ier : Des successions > Chapitre III : Des héritiers. > Section 2 : Des droits du conjoint successible. > Paragraphe 2 : De la conversion de l'usufruit,,La faculté de conversion n'est pas susceptible de renonciation. Les cohéritiers ne peuvent en être privés par la volonté du prédécédé.,VIGUEUR,2002-07-01,2999-01-01,LEGIARTI000006431291,https://www.legifrance.gouv.fr/codes/article_lc/LEGIARTI000006431291
cc-765-1,cc_successions,Code civil,765-1,Livre III : Des différentes manières dont on acquiert la propriété > Titre Ier : Des successions > Chapitre III : Des héritiers. > Section 2 : Des droits du conjoint successible. > Paragraphe 3 : Du droit au logement temporaire et du droit viager au logement,,Le conjoint dispose d'un an à partir du décès pour manifester sa volonté de bénéficier de ces droits d'habitation et d'usage.,VIGUEUR,2002-07-01,2999-01-01,LEGIARTI000006431307,https://www.legifrance.gouv.fr/codes/article_lc/LEGIARTI000006431307
cc-765-2,cc_successions,Code civil,765-2,Livre III : Des différentes manières dont on acquiert la propriété > Titre Ier : Des successions > Chapitre III : Des héritiers. > Section 2 : Des droits du conjoint successible. > Paragraphe 3 : Du droit au logement temporaire et du droit viager au logement,,"Lorsque le logement faisait l'objet d'un bail à loyer, le conjoint successible qui, à l'époque du décès, occupait effectivement les lieux à titre d'habitation principale bénéficie du droit d'usage sur le mobilier, compris dans la succession, le garnissant.",VIGUEUR,2002-07-01,2999-01-01,LEGIARTI000006431316,https://www.legifrance.gouv.fr/codes/article_lc/LEGIARTI000006431316
cc-768,cc_successions,Code civil,768,Livre III : Des différentes manières dont on acquiert la propriété > Titre Ier : Des successions > Chapitre IV : De l'option de l'héritier > Section 1 : Dispositions générales.,,L'héritier peut accepter la succession purement et simplement ou y renoncer. Il peut également accepter la succession à concurrence de l'actif net lorsqu'il a une vocation universelle ou à titre universel. Est nulle l'option conditionnelle ou à terme.,VIGUEUR,2007-01-01,2999-01-01,LEGIARTI000006431333,https://www.legifrance.gouv.fr/codes/article_lc/LEGIARTI000006431333
cc-769,cc_successions,Code civil,769,Livre III : Des différentes manières dont on acquiert la propriété > Titre Ier : Des successions > Chapitre IV : De l'option de l'héritier > Section 1 : Dispositions générales.,,"L'option est indivisible. Toutefois, celui qui cumule plus d'une vocation successorale à la même succession a, pour chacune d'elles, un droit d'option distinct.",VIGUEUR,2007-01-01,2999-01-01,LEGIARTI000006431341,https://www.legifrance.gouv.fr/codes/article_lc/LEGIARTI000006431341
cc-770,cc_successions,Code civil,770,Livre III : Des différentes manières dont on acquiert la propriété > Titre Ier : Des successions > Chapitre IV : De l'option de l'héritier > Section 1 : Dispositions générales.,,"L'option ne peut être exercée avant l'ouverture de la succession, même par contrat de mariage.",VIGUEUR,2007-01-01,2999-01-01,LEGIARTI000006431351,https://www.legifrance.gouv.fr/codes/article_lc/LEGIARTI000006431351
cc-772,cc_successions,Code civil,772,Livre III : Des différentes manières dont on acquiert la propriété > Titre Ier : Des successions > Chapitre IV : De l'option de l'héritier > Section 1 : Dispositions générales.,,"Dans les deux mois qui suivent la sommation, l'héritier doit prendre parti ou solliciter un délai supplémentaire auprès du juge lorsqu'il n'a pas été en mesure de clôturer l'inventaire commencé ou lorsqu'il justifie d'autres motifs sérieux et légitimes. Ce délai est suspendu à compter de la demande de prorogation jusqu'à la décision du juge saisi. A défaut d'avoir pris parti à l'expiration du délai de deux mois ou du délai supplémentaire accordé, l'héritier est réputé acceptant pur et simple.",VIGUEUR,2007-01-01,2999-01-01,LEGIARTI000006431358,https://www.legifrance.gouv.fr/codes/article_lc/LEGIARTI000006431358
cc-771,cc_successions,Code civil,771,Livre III : Des différentes manières dont on acquiert la propriété > Titre Ier : Des successions > Chapitre IV : De l'option de l'héritier > Section 1 : Dispositions générales.,,"L'héritier ne peut être contraint à opter avant l'expiration d'un délai de quatre mois à compter de l'ouverture de la succession. A l'expiration de ce délai, il peut être sommé, par acte extrajudiciaire, de prendre parti à l'initiative d'un créancier de la succession, d'un cohéritier, d'un héritier de rang subséquent ou de l'Etat.",VIGUEUR,2007-01-01,2999-01-01,LEGIARTI000006431375,https://www.legifrance.gouv.fr/codes/article_lc/LEGIARTI000006431375
cc-773,cc_successions,Code civil,773,Livre III : Des différentes manières dont on acquiert la propriété > Titre Ier : Des successions > Chapitre IV : De l'option de l'héritier > Section 1 : Dispositions générales.,,"A défaut de sommation, l'héritier conserve la faculté d'opter, s'il n'a pas fait par ailleurs acte d'héritier et s'il n'est pas tenu pour héritier acceptant pur et simple en application des articles 778 , 790 ou 800 .",VIGUEUR,2007-01-01,2999-01-01,LEGIARTI000006431386,https://www.legifrance.gouv.fr/codes/article_lc/LEGIARTI000006431386
cc-774,cc_successions,Code civil,774,Livre III : Des différentes manières dont on acquiert la propriété > Titre Ier : Des successions > Chapitre IV : De l'option de l'héritier > Section 1 : Dispositions générales.,,"Les dispositions des articles 771 , 772 et 773 s'appliquent à l'héritier de rang subséquent appelé à succéder lorsque l'héritier de premier rang renonce à la succession ou est indigne de succéder. Le délai de quatre mois prévu à l'article 771 court à compter du jour où l'héritier subséquent a eu connaissance de la renonciation ou de l'indignité.",VIGUEUR,2007-01-01,2999-01-01,LEGIARTI000006431428,https://www.legifrance.gouv.fr/codes/article_lc/LEGIARTI000006431428
cc-775,cc_successions,Code civil,775,Livre III : Des différentes manières dont on acquiert la propriété > Titre Ier : Des successions > Chapitre IV : De l'option de l'héritier > Section 1 : Dispositions générales.,,"Les dispositions visées à l'article 774 s'appliquent également aux héritiers de celui qui décède sans avoir opté. Le délai de quatre mois court à compter de l'ouverture de la succession de ce dernier. Les héritiers de celui qui décède sans avoir opté exercent l'option séparément, chacun pour sa part.",VIGUEUR,2007-01-01,2999-01-01,LEGIARTI000006431435,https://www.legifrance.gouv.fr/codes/article_lc/LEGIARTI000006431435
cc-776,cc_successions,Code civil,776,Livre III : Des différentes manières dont on acquiert la propriété > Titre Ier : Des successions > Chapitre IV : De l'option de l'héritier > Section 1 : Dispositions générales.,,L'option exercée a un effet rétroactif au jour de l'ouverture de la succession.,VIGUEUR,2007-01-01,2999-01-01,LEGIARTI000006431444,https://www.legifrance.gouv.fr/codes/article_lc/LEGIARTI000006431444
cc-777,cc_successions,Code civil,777,Livre III : Des différentes manières dont on acquiert la propriété > Titre Ier : Des successions > Chapitre IV : De l'option de l'héritier > Section 1 : Dispositions générales.,,"L'erreur, le dol ou la violence est une cause de nullité de l'option exercée par l'héritier. L'action en nullité se prescrit par cinq ans à compter du jour où l'erreur ou le dol a été découvert ou du jour où la violence a cessé.",VIGUEUR,2007-01-01,2999-01-01,LEGIARTI000006431453,https://www.legifrance.gouv.fr/codes/article_lc/LEGIARTI000006431453
cc-779,cc_successions,Code civil,779,Livre III : Des différentes manières dont on acquiert la propriété > Titre Ier : Des successions > Chapitre IV : De l'option de l'héritier > Section 1 : Dispositions générales.,,"Les créanciers personnels de celui qui s'abstient d'accepter une succession ou qui renonce à une succession au préjudice de leurs droits peuvent être autorisés en justice à accepter la succession du chef de leur débiteur, en son lieu et place. L'acceptation n'a lieu qu'en faveur de ces créanciers et jusqu'à concurrence de leurs créances. Elle ne produit pas d'autre effet à l'égard de l'héritier.",VIGUEUR,2007-01-01,2999-01-01,LEGIARTI000006431473,https://www.legifrance.gouv.fr/codes/article_lc/LEGIARTI000006431473
cc-780,cc_successions,Code civil,780,Livre III : Des différentes manières dont on acquiert la propriété > Titre Ier : Des successions > Chapitre IV : De l'option de l'héritier > Section 1 : Dispositions générales.,,"La faculté d'option se prescrit par dix ans à compter de l'ouverture de la succession. L'héritier qui n'a pas pris parti dans ce délai est réputé renonçant. La prescription ne court contre l'héritier qui a laissé le conjoint survivant en jouissance des biens héréditaires qu'à compter de l'ouverture de la succession de ce dernier. La prescription ne court contre l'héritier subséquent d'un héritier dont l'acceptation est annulée qu'à compter de la décision définitive constatant cette nullité. La prescription ne court pas tant que le successible a des motifs légitimes d'ignorer la naissance de son droit, notamment l'ouverture de la succession.",VIGUEUR,2007-01-01,2999-01-01,LEGIARTI000006431486,https://www.legifrance.gouv.fr/codes/article_lc/LEGIARTI000006431486
cc-781,cc_successions,Code civil,781,Livre III : Des différentes manières dont on acquiert la propriété > Titre Ier : Des successions > Chapitre IV : De l'option de l'héritier > Section 1 : Dispositions générales.,,"Lorsque le délai de prescription mentionné à l'article 780 est expiré, celui qui se prévaut de sa qualité d'héritier doit justifier que lui-même ou celui ou ceux dont il tient cette qualité ont accepté cette succession avant l'expiration de ce délai.",VIGUEUR,2007-01-01,2999-01-01,LEGIARTI000006431493,https://www.legifrance.gouv.fr/codes/article_lc/LEGIARTI000006431493
cc-782,cc_successions,Code civil,782,Livre III : Des différentes manières dont on acquiert la propriété > Titre Ier : Des successions > Chapitre IV : De l'option de l'héritier > Section 2 : De l'acceptation pure et simple de la succession.,,L'acceptation pure et simple peut être expresse ou tacite. Elle est expresse quand le successible prend le titre ou la qualité d'héritier acceptant dans un acte authentique ou sous seing privé. Elle est tacite quand le successible saisi fait un acte qui suppose nécessairement son intention d'accepter et qu'il n'aurait droit de faire qu'en qualité d'héritier acceptant.,VIGUEUR,2007-01-01,2999-01-01,LEGIARTI000006431503,https://www.legifrance.gouv.fr/codes/article_lc/LEGIARTI000006431503
cc-783,cc_successions,Code civil,783,Livre III : Des différentes manières dont on acquiert la propriété > Titre Ier : Des successions > Chapitre IV : De l'option de l'héritier > Section 2 : De l'acceptation pure et simple de la succession.,,"Toute cession, à titre gratuit ou onéreux, faite par un héritier de tout ou partie de ses droits dans la succession emporte acceptation pure et simple. Il en est de même : 1° De la renonciation, même gratuite, que fait un héritier au profit d'un ou de plusieurs de ses cohéritiers ou héritiers de rang subséquent ; 2° De la renonciation qu'il fait, même au profit de tous ses cohéritiers ou héritiers de rang subséquent indistinctement, à titre onéreux.",VIGUEUR,2007-01-01,2999-01-01,LEGIARTI000006431512,https://www.legifrance.gouv.fr/codes/article_lc/LEGIARTI000006431512
cc-785,cc_successions,Code civil,785,Livre III : Des différentes manières dont on acquiert la propriété > Titre Ier : Des successions > Chapitre IV : De l'option de l'héritier > Section 2 : De l'acceptation pure et simple de la succession.,,L'héritier universel ou à titre universel qui accepte purement et simplement la succession répond indéfiniment des dettes et charges qui en dépendent. Il n'est tenu des legs de sommes d'argent qu'à concurrence de l'actif successoral net des dettes.,VIGUEUR,2007-01-01,2999-01-01,LEGIARTI000006431541,https://www.legifrance.gouv.fr/codes/article_lc/LEGIARTI000006431541
cc-786,cc_successions,Code civil,786,Livre III : Des différentes manières dont on acquiert la propriété > Titre Ier : Des successions > Chapitre IV : De l'option de l'héritier > Section 2 : De l'acceptation pure et simple de la succession.,,"L'héritier acceptant purement et simplement ne peut plus renoncer à la succession ni l'accepter à concurrence de l'actif net. Toutefois, il peut demander à être déchargé en tout ou partie de son obligation à une dette successorale qu'il avait des motifs légitimes d'ignorer au moment de l'acceptation, lorsque l'acquittement de cette dette aurait pour effet d'obérer gravement son patrimoine personnel. L'héritier doit introduire l'action dans les cinq mois du jour où il a eu connaissance de l'existence et de l'importance de la dette.",VIGUEUR,2007-01-01,2999-01-01,LEGIARTI000006431550,https://www.legifrance.gouv.fr/codes/article_lc/LEGIARTI000006431550
cc-787,cc_successions,Code civil,787,Livre III : Des différentes manières dont on acquiert la propriété > Titre Ier : Des successions > Chapitre IV : De l'option de l'héritier > Section 3 : De l'acceptation de la succession à concurrence de l'actif net. > Paragraphe 1 : Des modalités de l'acceptation de la succession à concurrence de l'actif net.,,Un héritier peut déclarer qu'il n'entend prendre cette qualité qu'à concurrence de l'actif net.,VIGUEUR,2007-01-01,2999-01-01,LEGIARTI000006431560,https://www.legifrance.gouv.fr/codes/article_lc/LEGIARTI000006431560
cc-789,cc_successions,Code civil,789,Livre III : Des différentes manières dont on acquiert la propriété > Titre Ier : Des successions > Chapitre IV : De l'option de l'héritier > Section 3 : De l'acceptation de la succession à concurrence de l'actif net. > Paragraphe 1 : Des modalités de l'acceptation de la succession à concurrence de l'actif net.,,"La déclaration est accompagnée ou suivie de l'inventaire de la succession qui comporte une estimation, article par article, des éléments de l'actif et du passif. L'inventaire est établi par un commissaire-priseur judiciaire, un huissier ou un notaire, selon les lois et règlements applicables à ces professions.",VIGUEUR,2007-01-01,2999-01-01,LEGIARTI000006431580,https://www.legifrance.gouv.fr/codes/article_lc/LEGIARTI000006431580
cc-790,cc_successions,Code civil,790,Livre III : Des différentes manières dont on acquiert la propriété > Titre Ier : Des successions > Chapitre IV : De l'option de l'héritier > Section 3 : De l'acceptation de la succession à concurrence de l'actif net. > Paragraphe 1 : Des modalités de l'acceptation de la succession à concurrence de l'actif net.,,"L'inventaire est déposé au tribunal dans le délai de deux mois à compter de la déclaration. L'héritier peut solliciter du juge un délai supplémentaire s'il justifie de motifs sérieux et légitimes qui retardent le dépôt de l'inventaire. En ce cas, le délai de deux mois est suspendu à compter de la demande de prorogation. Le dépôt de l'inventaire est soumis à la même publicité que la déclaration. Faute d'avoir déposé l'inventaire dans le délai prévu, l'héritier est réputé acceptant pur et simple. Les créanciers successoraux et légataires de sommes d'argent peuvent, sur justification de leur titre, consulter l'inventaire et en obtenir copie. Ils peuvent demander à être avisés de toute nouvelle publicité.",VIGUEUR,2007-01-01,2999-01-01,LEGIARTI000006431591,https://www.legifrance.gouv.fr/codes/article_lc/LEGIARTI000006431591
cc-791,cc_successions,Code civil,791,Livre III : Des différentes manières dont on acquiert la propriété > Titre Ier : Des successions > Chapitre IV : De l'option de l'héritier > Section 3 : De l'acceptation de la succession à concurrence de l'actif net. > Paragraphe 2 : Des effets de l'acceptation de la succession à concurrence de l'actif net.,,L'acceptation à concurrence de l'actif net donne à l'héritier l'avantage : 1° D'éviter la confusion de ses biens personnels avec ceux de la succession ; 2° De conserver contre celle-ci tous les droits qu'il avait antérieurement sur les biens du défunt ; 3° De n'être tenu au paiement des dettes de la succession que jusqu'à concurrence de la valeur des biens qu'il a recueillis.,VIGUEUR,2007-01-01,2999-01-01,LEGIARTI000006431601,https://www.legifrance.gouv.fr/codes/article_lc/LEGIARTI000006431601
cc-792,cc_successions,Code civil,792,Livre III : Des différentes manières dont on acquiert la propriété > Titre Ier : Des successions > Chapitre IV : De l'option de l'héritier > Section 3 : De l'acceptation de la succession à concurrence de l'actif net. > Paragraphe 2 : Des effets de l'acceptation de la succession à concurrence de l'actif net.,,"Les créanciers de la succession déclarent leurs créances en notifiant leur titre au domicile élu de la succession. Ils sont payés dans les conditions prévues à l'article 796 . Les créances dont le montant n'est pas encore définitivement fixé sont déclarées à titre provisionnel sur la base d'une évaluation. Faute de déclaration dans un délai de quinze mois à compter de la publicité prévue à l'article 788 , les créances non assorties de sûretés sur les biens de la succession sont éteintes à l'égard de celle-ci. Cette disposition bénéficie également aux cautions et coobligés, ainsi qu'aux personnes ayant consenti une garantie autonome portant sur la créance ainsi éteinte.",VIGUEUR,2007-01-01,2999-01-01,LEGIARTI000006431611,https://www.legifrance.gouv.fr/codes/article_lc/LEGIARTI000006431611
cc-793,cc_successions,Code civil,793,Livre III : Des différentes manières dont on acquiert la propriété > Titre Ier : Des successions > Chapitre IV : De l'option de l'héritier > Section 3 : De l'acceptation de la succession à concurrence de l'actif net. > Paragraphe 2 : Des effets de l'acceptation de la succession à concurrence de l'actif net.,,"Dans le délai prévu à l'article 792 , l'héritier peut déclarer qu'il conserve en nature un ou plusieurs biens de la succession. En ce cas, il doit la valeur du bien fixée dans l'inventaire. Il peut vendre les biens qu'il n'entend pas conserver. En ce cas, il doit le prix de leur aliénation.",VIGUEUR,2007-01-01,2999-01-01,LEGIARTI000006431629,https://www.legifrance.gouv.fr/codes/article_lc/LEGIARTI000006431629
cc-795,cc_successions,Code civil,795,Livre III : Des différentes manières dont on acquiert la propriété > Titre Ier : Des successions > Chapitre IV : De l'option de l'héritier > Section 3 : De l'acceptation de la succession à concurrence de l'actif net. > Paragraphe 2 : Des effets de l'acceptation de la succession à concurrence de l'actif net.,,La déclaration de conserver un bien n'est pas opposable aux créanciers tant qu'elle n'a pas été publiée. Le défaut de déclaration de l'aliénation d'un bien dans le délai prévu à l'article 794 engage l'héritier sur ses biens personnels à hauteur du prix de l'aliénation.,VIGUEUR,2007-01-01,2999-01-01,LEGIARTI000006431650,https://www.legifrance.gouv.fr/codes/article_lc/LEGIARTI000006431650
cc-796,cc_successions,Code civil,796,Livre III : Des différentes manières dont on acquiert la propriété > Titre Ier : Des successions > Chapitre IV : De l'option de l'héritier > Section 3 : De l'acceptation de la succession à concurrence de l'actif net. > Paragraphe 2 : Des effets de l'acceptation de la succession à concurrence de l'actif net.,,L'héritier règle le passif de la succession. Il paye les créanciers inscrits selon le rang de la sûreté assortissant leur créance. Les autres créanciers qui ont déclaré leur créance sont désintéressés dans l'ordre des déclarations. Les legs de sommes d'argent sont délivrés après paiement des créanciers.,VIGUEUR,2007-01-01,2999-01-01,LEGIARTI000006431661,https://www.legifrance.gouv.fr/codes/article_lc/LEGIARTI000006431661
cc-797,cc_successions,Code civil,797,Livre III : Des différentes manières dont on acquiert la propriété > Titre Ier : Des successions > Chapitre IV : De l'option de l'héritier > Section 3 : De l'acceptation de la succession à concurrence de l'actif net. > Paragraphe 2 : Des effets de l'acceptation de la succession à concurrence de l'actif net.,,"L'héritier doit payer les créanciers dans les deux mois suivant soit la déclaration de conserver le bien, soit le jour où le produit de l'aliénation est disponible. Lorsqu'il ne peut s'en dessaisir au profit des créanciers dans ce délai, notamment en raison d'une contestation portant sur l'ordre ou la nature des créances, il consigne les sommes disponibles tant que la contestation subsiste.",VIGUEUR,2007-01-01,2999-01-01,LEGIARTI000006431671,https://www.legifrance.gouv.fr/codes/article_lc/LEGIARTI000006431671
cc-798,cc_successions,Code civil,798,Livre III : Des différentes manières dont on acquiert la propriété > Titre Ier : Des successions > Chapitre IV : De l'option de l'héritier > Section 3 : De l'acceptation de la succession à concurrence de l'actif net. > Paragraphe 2 : Des effets de l'acceptation de la succession à concurrence de l'actif net.,,"Sans préjudice des droits des créanciers munis de sûretés, les créanciers de la succession et les légataires de sommes d'argent ne peuvent poursuivre le recouvrement que sur les biens recueillis de la succession qui n'ont été ni conservés ni aliénés dans les conditions prévues à l'article 793 . Les créanciers personnels de l'héritier ne peuvent poursuivre le recouvrement de leurs créances sur ces biens qu'à l'issue du délai prévu à l'article 792 et après le désintéressement intégral des créanciers successoraux et des légataires.",VIGUEUR,2007-01-01,2999-01-01,LEGIARTI000006431680,https://www.legifrance.gouv.fr/codes/article_lc/LEGIARTI000006431680
cc-799,cc_successions,Code civil,799,Livre III : Des différentes manières dont on acquiert la propriété > Titre Ier : Des successions > Chapitre IV : De l'option de l'héritier > Section 3 : De l'acceptation de la succession à concurrence de l'actif net. > Paragraphe 2 : Des effets de l'acceptation de la succession à concurrence de l'actif net.,,"Les créanciers successoraux qui, dans le délai prévu à l'article 792 , déclarent leurs créances après l'épuisement de l'actif n'ont de recours que contre les légataires qui ont été remplis de leurs droits.",VIGUEUR,2007-01-01,2999-01-01,LEGIARTI000006431691,https://www.legifrance.gouv.fr/codes/article_lc/LEGIARTI000006431691
cc-800,cc_successions,Code civil,800,Livre III : Des différentes manières dont on acquiert la propriété > Titre Ier : Des successions > Chapitre IV : De l'option de l'héritier > Section 3 : De l'acceptation de la succession à concurrence de l'actif net. > Paragraphe 2 : Des effets de l'acceptation de la succession à concurrence de l'actif net.,,"L'héritier est chargé d'administrer les biens qu'il recueille dans la succession. Il tient le compte de son administration, des créances qu'il paye et des actes qui engagent les biens recueillis ou qui affectent leur valeur. Il répond des fautes graves dans cette administration. Il doit présenter le compte à tout créancier successoral qui en fait la demande et répondre dans un délai de deux mois à la sommation, signifiée par acte extrajudiciaire, de lui révéler où se trouvent les biens et droits recueillis dans la succession qu'il n'a pas aliénés ou conservés dans les conditions prévues à l'article 794 . A défaut, il peut être contraint sur ses biens personnels. L'héritier qui a omis, sciemment et de mauvaise foi, de comprendre dans l'inventaire des éléments actifs ou passifs de la succession ou qui n'a pas affecté au paiement des créanciers de la succession la valeur des biens conservés ou le prix des biens aliénés est déchu de l'acceptation à concurrence de l'actif net. Il est réputé acceptant pur et simple à compter de l'ouverture de la succession.",VIGUEUR,2007-01-01,2999-01-01,LEGIARTI000006431701,https://www.legifrance.gouv.fr/codes/article_lc/LEGIARTI000006431701
cc-801,cc_successions,Code civil,801,Livre III : Des différentes manières dont on acquiert la propriété > Titre Ier : Des successions > Chapitre IV : De l'option de l'héritier > Section 3 : De l'acceptation de la succession à concurrence de l'actif net. > Paragraphe 2 : Des effets de l'acceptation de la succession à concurrence de l'actif net.,,"Tant que la prescription du droit d'accepter n'est pas acquise contre lui, l'héritier peut révoquer son acceptation à concurrence de l'actif net en acceptant purement et simplement. Cette acceptation rétroagit au jour de l'ouverture de la succession. L'acceptation à concurrence de l'actif net empêche toute renonciation à la succession.",VIGUEUR,2007-01-01,2999-01-01,LEGIARTI000006431709,https://www.legifrance.gouv.fr/codes/article_lc/LEGIARTI000006431709
cc-802,cc_successions,Code civil,802,Livre III : Des différentes manières dont on acquiert la propriété > Titre Ier : Des successions > Chapitre IV : De l'option de l'héritier > Section 3 : De l'acceptation de la succession à concurrence de l'actif net. > Paragraphe 2 : Des effets de l'acceptation de la succession à concurrence de l'actif net.,,"Malgré la déchéance ou la révocation de l'acceptation à concurrence de l'actif net, les créanciers successoraux et les légataires de sommes d'argent conservent l'exclusivité des poursuites sur les biens mentionnés au premier alinéa de l'article 798 .",VIGUEUR,2007-01-01,2999-01-01,LEGIARTI000006431720,https://www.legifrance.gouv.fr/codes/article_lc/LEGIARTI000006431720
cc-803,cc_successions,Code civil,803,Livre III : Des différentes manières dont on acquiert la propriété > Titre Ier : Des successions > Chapitre IV : De l'option de l'héritier > Section 3 : De l'acceptation de la succession à concurrence de l'actif net. > Paragraphe 2 : Des effets de l'acceptation de la succession à concurrence de l'actif net.,,"Les frais de scellés, d'inventaire et de compte sont à la charge de la succession. Ils sont payés en frais privilégiés de partage.",VIGUEUR,2007-01-01,2999-01-01,LEGIARTI000006431729,https://www.legifrance.gouv.fr/codes/article_lc/LEGIARTI000006431729
cc-805,cc_successions,Code civil,805,Livre III : Des différentes manières dont on acquiert la propriété > Titre Ier : Des successions > Chapitre IV : De l'option de l'héritier > Section 4 : De la renonciation à la succession.,,"L'héritier qui renonce est censé n'avoir jamais été héritier. Sous réserve des dispositions de l'article 845 , la part du renonçant échoit à ses représentants ; à défaut, elle accroît à ses cohéritiers ; s'il est seul, elle est dévolue au degré subséquent.",VIGUEUR,2007-01-01,2999-01-01,LEGIARTI000006431749,https://www.legifrance.gouv.fr/codes/article_lc/LEGIARTI000006431749
cc-806,cc_successions,Code civil,806,Livre III : Des différentes manières dont on acquiert la propriété > Titre Ier : Des successions > Chapitre IV : De l'option de l'héritier > Section 4 : De la renonciation à la succession.,,"Le renonçant n'est pas tenu au paiement des dettes et charges de la succession. Toutefois, il est tenu à proportion de ses moyens au paiement des frais funéraires de l'ascendant ou du descendant à la succession duquel il renonce.",VIGUEUR,2007-01-01,2999-01-01,LEGIARTI000006431757,https://www.legifrance.gouv.fr/codes/article_lc/LEGIARTI000006431757
cc-807,cc_successions,Code civil,807,Livre III : Des différentes manières dont on acquiert la propriété > Titre Ier : Des successions > Chapitre IV : De l'option de l'héritier > Section 4 : De la renonciation à la succession.,,"Tant que la prescription du droit d'accepter n'est pas acquise contre lui, l'héritier peut révoquer sa renonciation en acceptant la succession purement et simplement, si elle n'a pas été déjà acceptée par un autre héritier ou si l'Etat n'a pas déjà été envoyé en possession. Cette acceptation rétroagit au jour de l'ouverture de la succession, sans toutefois remettre en cause les droits qui peuvent être acquis à des tiers sur les biens de la succession par prescription ou par actes valablement faits avec le curateur à la succession vacante.",VIGUEUR,2007-01-01,2999-01-01,LEGIARTI000006431767,https://www.legifrance.gouv.fr/codes/article_lc/LEGIARTI000006431767
cc-808,cc_successions,Code civil,808,Livre III : Des différentes manières dont on acquiert la propriété > Titre Ier : Des successions > Chapitre IV : De l'option de l'héritier > Section 4 : De la renonciation à la succession.,,Les frais légitimement engagés par l'héritier avant sa renonciation sont à la charge de la succession.,VIGUEUR,2007-01-01,2999-01-01,LEGIARTI000006431777,https://www.legifrance.gouv.fr/codes/article_lc/LEGIARTI000006431777
cc-809,cc_successions,Code civil,809,Livre III : Des différentes manières dont on acquiert la propriété > Titre Ier : Des successions > Chapitre V : Des successions vacantes et des successions en déshérence > Section 1 : Des successions vacantes. > Paragraphe 1 : De l'ouverture de la vacance.,,"La succession est vacante : 1° Lorsqu'il ne se présente personne pour réclamer la succession et qu'il n'y a pas d'héritier connu ; 2° Lorsque tous les héritiers connus ont renoncé à la succession ; 3° Lorsque, après l'expiration d'un délai de six mois depuis l'ouverture de la succession, les héritiers connus n'ont pas opté, de manière tacite ou expresse.",VIGUEUR,2007-01-01,2999-01-01,LEGIARTI000006431786,https://www.legifrance.gouv.fr/codes/article_lc/LEGIARTI000006431786
cc-810,cc_successions,Code civil,810,Livre III : Des différentes manières dont on acquiert la propriété > Titre Ier : Des successions > Chapitre V : Des successions vacantes et des successions en déshérence > Section 1 : Des successions vacantes. > Paragraphe 2 : Des pouvoirs du curateur.,,"Dès sa désignation, le curateur prend possession des valeurs et autres biens détenus par des tiers et poursuit le recouvrement des sommes dues à la succession. Il peut poursuivre l'exploitation de l'entreprise individuelle dépendant de la succession, qu'elle soit commerciale, industrielle, agricole ou artisanale. Après prélèvement des frais d'administration, de gestion et de vente, il consigne les sommes composant l'actif de la succession ainsi que les revenus des biens et les produits de leur réalisation. En cas de poursuite de l'activité de l'entreprise, seules les recettes qui excèdent le fonds de roulement nécessaire au fonctionnement de celle-ci sont consignées. Les sommes provenant à un titre quelconque d'une succession vacante ne peuvent, en aucun cas, être consignées autrement que par l'intermédiaire du curateur.",VIGUEUR,2007-01-01,2999-01-01,LEGIARTI000006431795,https://www.legifrance.gouv.fr/codes/article_lc/LEGIARTI000006431795
cc-811,cc_successions,Code civil,811,Livre III : Des différentes manières dont on acquiert la propriété > Titre Ier : Des successions > Chapitre V : Des successions vacantes et des successions en déshérence > Section 2 : Des successions en déshérence.,,"Lorsque l'Etat prétend à la succession d'une personne qui décède sans héritier ou à une succession abandonnée, il doit en demander l'envoi en possession au tribunal.",VIGUEUR,2007-01-01,2999-01-01,LEGIARTI000006431815,https://www.legifrance.gouv.fr/codes/article_lc/LEGIARTI000006431815
cc-812,cc_successions,Code civil,812,Livre III : Des différentes manières dont on acquiert la propriété > Titre Ier : Des successions > Chapitre VI : De l'administration de la succession par un mandataire. > Section 1 : Du mandat à effet posthume. > Paragraphe 1 : Des conditions du mandat à effet posthume.,,"Toute personne peut donner à une ou plusieurs autres personnes, physiques ou morales, mandat d'administrer ou de gérer, sous réserve des pouvoirs confiés à l'exécuteur testamentaire, tout ou partie de sa succession pour le compte et dans l'intérêt d'un ou de plusieurs héritiers identifiés. Le mandataire peut être un héritier. Il doit jouir de la pleine capacité civile et ne pas être frappé d'une interdiction de gérer lorsque des biens professionnels sont compris dans le patrimoine successoral. Le mandataire ne peut être le notaire chargé du règlement de la succession.",VIGUEUR,2007-01-01,2999-01-01,LEGIARTI000006431826,https://www.legifrance.gouv.fr/codes/article_lc/LEGIARTI000006431826
cc-813,cc_successions,Code civil,813,Livre III : Des différentes manières dont on acquiert la propriété > Titre Ier : Des successions > Chapitre VI : De l'administration de la succession par un mandataire. > Section 2 : Du mandataire désigné par convention.,,"Les héritiers peuvent, d'un commun accord, confier l'administration de la succession à l'un d'eux ou à un tiers. Le mandat est régi par les articles 1984 à 2010 . Lorsqu'un héritier au moins a accepté la succession à concurrence de l'actif net, le mandataire ne peut, même avec l'accord de l'ensemble des héritiers, être désigné que par le juge. Le mandat est alors régi par les articles 813-1 à 814 .",VIGUEUR,2007-01-01,2999-01-01,LEGIARTI000006431835,https://www.legifrance.gouv.fr/codes/article_lc/LEGIARTI000006431835
cc-814,cc_successions,Code civil,814,Livre III : Des différentes manières dont on acquiert la propriété > Titre Ier : Des successions > Chapitre VI : De l'administration de la succession par un mandataire. > Section 3 : Du mandataire successoral désigné en justice.,,"Lorsque la succession a été acceptée par au moins un héritier, soit purement et simplement, soit à concurrence de l'actif net, le juge qui désigne le mandataire successoral en application des articles 813-1 et 814-1 peut l'autoriser à effectuer l'ensemble des actes d'administration de la succession. Il peut également l'autoriser, à tout moment, à réaliser des actes de disposition nécessaires à la bonne administration de la succession et en déterminer les prix et stipulations.",VIGUEUR,2007-01-01,2999-01-01,LEGIARTI000006431844,https://www.legifrance.gouv.fr/codes/article_lc/LEGIARTI000006431844
cc-792-1,cc_successions,Code civil,792-1,Livre III : Des différentes manières dont on acquiert la propriété > Titre Ier : Des successions > Chapitre IV : De l'option de l'héritier > Section 3 : De l'acceptation de la succession à concurrence de l'actif net. > Paragraphe 2 : Des effets de l'acceptation de la succession à concurrence de l'actif net.,,"A compter de sa publication et pendant le délai prévu à l'article 792 , la déclaration arrête ou interdit toute voie d'exécution et toute nouvelle inscription de sûreté de la part des créanciers de la succession, portant tant sur les meubles que sur les immeubles. Toutefois, pour l'application des dispositions de la présente section et sous réserve de la signification prévue à l'article 877 , les créanciers saisissants sont considérés comme titulaires de sûretés sur les biens et droits antérieurement saisis.",VIGUEUR,2007-01-01,2999-01-01,LEGIARTI000006431880,https://www.legifrance.gouv.fr/codes/article_lc/LEGIARTI000006431880
cc-792-2,cc_successions,Code civil,792-2,Livre III : Des différentes manières dont on acquiert la propriété > Titre Ier : Des successions > Chapitre IV : De l'option de l'héritier > Section 3 : De l'acceptation de la succession à concurrence de l'actif net. > Paragraphe 2 : Des effets de l'acceptation de la succession à concurrence de l'actif net.,,"Lorsque la succession a été acceptée par un ou plusieurs héritiers purement et simplement et par un ou plusieurs autres à concurrence de l'actif net, les règles applicables à cette dernière option s'imposent à tous les héritiers jusqu'au jour du partage. Les créanciers d'une succession acceptée par un ou plusieurs héritiers purement et simplement et par d'autres à concurrence de l'actif net peuvent provoquer le partage dès lors qu'ils justifient de difficultés dans le recouvrement de la part de leur créance incombant aux héritiers acceptants à concurrence de l'actif net.",VIGUEUR,2007-01-01,2999-01-01,LEGIARTI000006431887,https://www.legifrance.gouv.fr/codes/article_lc/LEGIARTI000006431887
cc-809-2,cc_successions,Code civil,809-2,Livre III : Des différentes manières dont on acquiert la propriété > Titre Ier : Des successions > Chapitre V : Des successions vacantes et des successions en déshérence > Section 1 : Des successions vacantes. > Paragraphe 1 : De l'ouverture de la vacance.,,"Dès sa désignation, le curateur fait dresser un inventaire estimatif, article par article, de l'actif et du passif de la succession par un commissaire-priseur judiciaire, un huissier ou un notaire, selon les lois et règlements applicables à ces professions, ou par un fonctionnaire assermenté appartenant à l'administration chargée du domaine. L'avis au tribunal, par le curateur, de l'établissement de l'inventaire est soumis à la même publicité que la décision de curatelle. Les créanciers et légataires de sommes d'argent peuvent, sur justification de leur titre, consulter l'inventaire et en obtenir copie. Ils peuvent demander à être avisés de toute nouvelle publicité.",VIGUEUR,2007-01-01,2999-01-01,LEGIARTI000006431928,https://www.legifrance.gouv.fr/codes/article_lc/LEGIARTI000006431928
cc-809-3,cc_successions,Code civil,809-3,Livre III : Des différentes manières dont on acquiert la propriété > Titre Ier : Des successions > Chapitre V : Des successions vacantes et des successions en déshérence > Section 1 : Des successions vacantes. > Paragraphe 1 : De l'ouverture de la vacance.,,La déclaration des créances est faite au curateur.,VIGUEUR,2007-01-01,2999-01-01,LEGIARTI000006431937,https://www.legifrance.gouv.fr/codes/article_lc/LEGIARTI000006431937
cc-810-1,cc_successions,Code civil,810-1,Livre III : Des différentes manières dont on acquiert la propriété > Titre Ier : Des successions > Chapitre V : Des successions vacantes et des successions en déshérence > Section 1 : Des successions vacantes. > Paragraphe 2 : Des pouvoirs du curateur.,,"Pendant les six mois qui suivent l'ouverture de la succession, le curateur ne peut procéder qu'aux actes purement conservatoires ou de surveillance, aux actes d'administration provisoire et à la vente des biens périssables.",VIGUEUR,2007-01-01,2999-01-01,LEGIARTI000006431954,https://www.legifrance.gouv.fr/codes/article_lc/LEGIARTI000006431954
cc-810-4,cc_successions,Code civil,810-4,Livre III : Des différentes manières dont on acquiert la propriété > Titre Ier : Des successions > Chapitre V : Des successions vacantes et des successions en déshérence > Section 1 : Des successions vacantes. > Paragraphe 2 : Des pouvoirs du curateur.,,"Le curateur est seul habilité à payer les créanciers de la succession. Il n'est tenu d'acquitter les dettes de la succession que jusqu'à concurrence de l'actif. Il ne peut payer, sans attendre le projet de règlement du passif, que les frais nécessaires à la conservation du patrimoine, les frais funéraires et de dernière maladie, les impôts dus par le défunt, les loyers et autres dettes successorales dont le règlement est urgent.",VIGUEUR,2007-01-01,2999-01-01,LEGIARTI000006431978,https://www.legifrance.gouv.fr/codes/article_lc/LEGIARTI000006431978
cc-810-5,cc_successions,Code civil,810-5,Livre III : Des différentes manières dont on acquiert la propriété > Titre Ier : Des successions > Chapitre V : Des successions vacantes et des successions en déshérence > Section 1 : Des successions vacantes. > Paragraphe 2 : Des pouvoirs du curateur.,,"Le curateur dresse un projet de règlement du passif. Le projet prévoit le paiement des créances dans l'ordre prévu à l'article 796 . Le projet de règlement est publié. Les créanciers qui ne sont pas intégralement désintéressés peuvent, dans le mois de la publicité, saisir le juge afin de contester le projet de règlement.",VIGUEUR,2007-01-01,2999-01-01,LEGIARTI000006431988,https://www.legifrance.gouv.fr/codes/article_lc/LEGIARTI000006431988
cc-810-6,cc_successions,Code civil,810-6,Livre III : Des différentes manières dont on acquiert la propriété > Titre Ier : Des successions > Chapitre V : Des successions vacantes et des successions en déshérence > Section 1 : Des successions vacantes. > Paragraphe 2 : Des pouvoirs du curateur.,,"Les pouvoirs du curateur s'exercent sous réserve des dispositions applicables à la succession d'une personne faisant l'objet d'une procédure de sauvegarde, de redressement ou de liquidation judiciaires.",VIGUEUR,2007-01-01,2999-01-01,LEGIARTI000006431998,https://www.legifrance.gouv.fr/codes/article_lc/LEGIARTI000006431998
cc-810-7,cc_successions,Code civil,810-7,Livre III : Des différentes manières dont on acquiert la propriété > Titre Ier : Des successions > Chapitre V : Des successions vacantes et des successions en déshérence > Section 1 : Des successions vacantes. > Paragraphe 3 : De la reddition des comptes et de la fin de la curatelle.,,Le curateur rend compte au juge des opérations effectuées par lui. Le dépôt du compte fait l'objet de publicité. Le curateur présente le compte à tout créancier ou tout héritier qui en fait la demande.,VIGUEUR,2007-01-01,2999-01-01,LEGIARTI000006432020,https://www.legifrance.gouv.fr/codes/article_lc/LEGIARTI000006432020
cc-810-8,cc_successions,Code civil,810-8,Livre III : Des différentes manières dont on acquiert la propriété > Titre Ier : Des successions > Chapitre V : Des successions vacantes et des successions en déshérence > Section 1 : Des successions vacantes. > Paragraphe 3 : De la reddition des comptes et de la fin de la curatelle.,,"Après réception du compte, le juge autorise le curateur à procéder à la réalisation de l'actif subsistant. Le projet de réalisation est notifié aux héritiers connus. S'ils sont encore dans le délai pour accepter, ils peuvent s'y opposer dans les trois mois en réclamant la succession. La réalisation ne peut avoir lieu qu'à l'expiration de ce délai, selon les formes prescrites au premier alinéa de l'article 810-3 .",VIGUEUR,2007-01-01,2999-01-01,LEGIARTI000006432036,https://www.legifrance.gouv.fr/codes/article_lc/LEGIARTI000006432036
cc-810-9,cc_successions,Code civil,810-9,Livre III : Des différentes manières dont on acquiert la propriété > Titre Ier : Des successions > Chapitre V : Des successions vacantes et des successions en déshérence > Section 1 : Des successions vacantes. > Paragraphe 3 : De la reddition des comptes et de la fin de la curatelle.,,"Les créanciers qui déclarent leur créance postérieurement à la remise du compte ne peuvent prétendre qu'à l'actif subsistant. En cas d'insuffisance de cet actif, ils n'ont de recours que contre les légataires qui ont été remplis de leurs droits. Ce recours se prescrit par deux ans à compter de la réalisation de la totalité de l'actif subsistant.",VIGUEUR,2007-01-01,2999-01-01,LEGIARTI000006432051,https://www.legifrance.gouv.fr/codes/article_lc/LEGIARTI000006432051
cc-810-10,cc_successions,Code civil,810-10,Livre III : Des différentes manières dont on acquiert la propriété > Titre Ier : Des successions > Chapitre V : Des successions vacantes et des successions en déshérence > Section 1 : Des successions vacantes. > Paragraphe 3 : De la reddition des comptes et de la fin de la curatelle.,,"Le produit net de la réalisation de l'actif subsistant est consigné. Les héritiers, s'il s'en présente dans le délai pour réclamer la succession, sont admis à exercer leur droit sur ce produit.",VIGUEUR,2007-01-01,2999-01-01,LEGIARTI000006432073,https://www.legifrance.gouv.fr/codes/article_lc/LEGIARTI000006432073
cc-810-12,cc_successions,Code civil,810-12,Livre III : Des différentes manières dont on acquiert la propriété > Titre Ier : Des successions > Chapitre V : Des successions vacantes et des successions en déshérence > Section 1 : Des successions vacantes. > Paragraphe 3 : De la reddition des comptes et de la fin de la curatelle.,,La curatelle prend fin : 1° Par l'affectation intégrale de l'actif au paiement des dettes et des legs ; 2° Par la réalisation de la totalité de l'actif et la consignation du produit net ; 3° Par la restitution de la succession aux héritiers dont les droits sont reconnus ; 4° Par l'envoi en possession de l'Etat.,VIGUEUR,2007-01-01,2999-01-01,LEGIARTI000006432105,https://www.legifrance.gouv.fr/codes/article_lc/LEGIARTI000006432105
cc-811-1,cc_successions,Code civil,811-1,Livre III : Des différentes manières dont on acquiert la propriété > Titre Ier : Des successions > Chapitre V : Des successions vacantes et des successions en déshérence > Section 2 : Des successions en déshérence.,,"Si l'inventaire prévu à l'article 809-2 n'a pas été établi, l'autorité administrative mentionnée à l'article 809-1 y fait procéder dans les formes prévues par l'article 809-2 .",VIGUEUR,2007-01-01,2999-01-01,LEGIARTI000006432123,https://www.legifrance.gouv.fr/codes/article_lc/LEGIARTI000006432123
cc-811-2,cc_successions,Code civil,811-2,Livre III : Des différentes manières dont on acquiert la propriété > Titre Ier : Des successions > Chapitre V : Des successions vacantes et des successions en déshérence > Section 2 : Des successions en déshérence.,,La déshérence de la succession prend fin en cas d'acceptation de la succession par un héritier.,VIGUEUR,2007-01-01,2999-01-01,LEGIARTI000006432133,https://www.legifrance.gouv.fr/codes/article_lc/LEGIARTI000006432133
cc-811-3,cc_successions,Code civil,811-3,Livre III : Des différentes manières dont on acquiert la propriété > Titre Ier : Des successions > Chapitre V : Des successions vacantes et des successions en déshérence > Section 2 : Des successions en déshérence.,,"Lorsqu'il n'a pas accompli les formalités qui lui incombent, l'Etat peut être condamné à des dommages et intérêts envers les héritiers, s'il s'en présente.",VIGUEUR,2007-01-01,2999-01-01,LEGIARTI000006432140,https://www.legifrance.gouv.fr/codes/article_lc/LEGIARTI000006432140
cc-812-1,cc_successions,Code civil,812-1,Livre III : Des différentes manières dont on acquiert la propriété > Titre Ier : Des successions > Chapitre VI : De l'administration de la succession par un mandataire. > Section 1 : Du mandat à effet posthume. > Paragraphe 1 : Des conditions du mandat à effet posthume.,,Le mandataire exerce ses pouvoirs alors même qu'il existe un mineur ou un majeur protégé parmi les héritiers.,VIGUEUR,2007-01-01,2999-01-01,LEGIARTI000006432154,https://www.legifrance.gouv.fr/codes/article_lc/LEGIARTI000006432154
cc-812-1-1,cc_successions,Code civil,812-1-1,Livre III : Des différentes manières dont on acquiert la propriété > Titre Ier : Des successions > Chapitre VI : De l'administration de la succession par un mandataire. > Section 1 : Du mandat à effet posthume. > Paragraphe 1 : Des conditions du mandat à effet posthume.,,"Le mandat n'est valable que s'il est justifié par un intérêt sérieux et légitime au regard de la personne de l'héritier ou du patrimoine successoral, précisément motivé. Il est donné pour une durée qui ne peut excéder deux ans, prorogeable une ou plusieurs fois par décision du juge, saisi par un héritier ou par le mandataire. Toutefois, il peut être donné pour une durée de cinq ans, prorogeable dans les mêmes conditions, en raison de l'inaptitude, de l'âge du ou des héritiers, ou de la nécessité de gérer des biens professionnels. Il est donné et accepté en la forme authentique. Il doit être accepté par le mandataire avant le décès du mandant. Préalablement à son exécution, le mandant et le mandataire peuvent renoncer au mandat après avoir notifié leur décision à l'autre partie.",VIGUEUR,2007-01-01,2999-01-01,LEGIARTI000006432155,https://www.legifrance.gouv.fr/codes/article_lc/LEGIARTI000006432155
cc-812-1-2,cc_successions,Code civil,812-1-2,Livre III : Des différentes manières dont on acquiert la propriété > Titre Ier : Des successions > Chapitre VI : De l'administration de la succession par un mandataire. > Section 1 : Du mandat à effet posthume. > Paragraphe 1 : Des conditions du mandat à effet posthume.,,Les actes réalisés par le mandataire dans le cadre de sa mission sont sans effet sur l'option héréditaire.,VIGUEUR,2007-01-01,2999-01-01,LEGIARTI000006432156,https://www.legifrance.gouv.fr/codes/article_lc/LEGIARTI000006432156
cc-812-1-3,cc_successions,Code civil,812-1-3,Livre III : Des différentes manières dont on acquiert la propriété > Titre Ier : Des successions > Chapitre VI : De l'administration de la succession par un mandataire. > Section 1 : Du mandat à effet posthume. > Paragraphe 1 : Des conditions du mandat à effet posthume.,,"Tant qu'aucun héritier visé par le mandat n'a accepté la succession, le mandataire ne dispose que des pouvoirs reconnus au successible à l'article 784 .",VIGUEUR,2007-01-01,2999-01-01,LEGIARTI000006432157,https://www.legifrance.gouv.fr/codes/article_lc/LEGIARTI000006432157
cc-812-1-4,cc_successions,Code civil,812-1-4,Livre III : Des différentes manières dont on acquiert la propriété > Titre Ier : Des successions > Chapitre VI : De l'administration de la succession par un mandataire. > Section 1 : Du mandat à effet posthume. > Paragraphe 1 : Des conditions du mandat à effet posthume.,,Le mandat à effet posthume est soumis aux dispositions des articles 1984 à 2010 qui ne sont pas incompatibles avec les dispositions de la présente section.,VIGUEUR,2007-01-01,2999-01-01,LEGIARTI000006432166,https://www.legifrance.gouv.fr/codes/article_lc/LEGIARTI000006432166
cc-812-3,cc_successions,Code civil,812-3,Livre III : Des différentes manières dont on acquiert la propriété > Titre Ier : Des successions > Chapitre VI : De l'administration de la succession par un mandataire. > Section 1 : Du mandat à effet posthume. > Paragraphe 2 : De la rémunération du mandataire.,,La rémunération du mandataire est une charge de la succession qui ouvre droit à réduction lorsqu'elle a pour effet de priver les héritiers de tout ou partie de leur réserve. Les héritiers visés par le mandat ou leurs représentants peuvent demander en justice la révision de la rémunération lorsqu'ils justifient de la nature excessive de celle-ci au regard de la durée ou de la charge résultant du mandat.,VIGUEUR,2007-01-01,2999-01-01,LEGIARTI000006432191,https://www.legifrance.gouv.fr/codes/article_lc/LEGIARTI000006432191
cc-812-4,cc_successions,Code civil,812-4,Livre III : Des différentes manières dont on acquiert la propriété > Titre Ier : Des successions > Chapitre VI : De l'administration de la succession par un mandataire. > Section 1 : Du mandat à effet posthume. > Paragraphe 3 : De la fin du mandat à effet posthume.,,"Le mandat prend fin par l'un des événements suivants : 1° L'arrivée du terme prévu ; 2° La renonciation du mandataire ; 3° La révocation judiciaire, à la demande d'un héritier intéressé ou de son représentant, en cas d'absence ou de disparition de l'intérêt sérieux et légitime ou de mauvaise exécution par le mandataire de sa mission ; 4° La conclusion d'un mandat conventionnel entre les héritiers et le mandataire titulaire du mandat à effet posthume ; 5° L'aliénation par les héritiers des biens mentionnés dans le mandat ; 6° Le décès ou la mise sous mesure de protection du mandataire personne physique, ou la dissolution du mandataire personne morale ; 7° Le décès de l'héritier intéressé ou, en cas de mesure de protection, la décision du juge des tutelles de mettre fin au mandat. Un même mandat donné pour le compte de plusieurs héritiers ne cesse pas entièrement pour une cause d'extinction qui ne concerne que l'un d'eux. De même, en cas de pluralité de mandataires, la fin du mandat intervenant à l'égard de l'un ne met pas fin à la mission des autres.",VIGUEUR,2007-01-01,2999-01-01,LEGIARTI000006432206,https://www.legifrance.gouv.fr/codes/article_lc/LEGIARTI000006432206
cc-812-5,cc_successions,Code civil,812-5,Livre III : Des différentes manières dont on acquiert la propriété > Titre Ier : Des successions > Chapitre VI : De l'administration de la succession par un mandataire. > Section 1 : Du mandat à effet posthume. > Paragraphe 3 : De la fin du mandat à effet posthume.,,"La révocation pour cause de disparition de l'intérêt sérieux et légitime ne donne pas lieu à la restitution par le mandataire de tout ou partie des sommes perçues au titre de sa rémunération, sauf si elles ont été excessives eu égard à la durée ou à la charge effectivement assumée par le mandataire. Sans préjudice de dommages et intérêts, lorsque la révocation est intervenue en raison d'une mauvaise exécution de sa mission, le mandataire peut être tenu de restituer tout ou partie des sommes perçues au titre de sa rémunération.",VIGUEUR,2007-01-01,2999-01-01,LEGIARTI000006432215,https://www.legifrance.gouv.fr/codes/article_lc/LEGIARTI000006432215
cc-812-6,cc_successions,Code civil,812-6,Livre III : Des différentes manières dont on acquiert la propriété > Titre Ier : Des successions > Chapitre VI : De l'administration de la succession par un mandataire. > Section 1 : Du mandat à effet posthume. > Paragraphe 3 : De la fin du mandat à effet posthume.,,"Le mandataire ne peut renoncer à poursuivre l'exécution du mandat qu'après avoir notifié sa décision aux héritiers intéressés ou à leurs représentants. Sauf convention contraire entre le mandataire et les héritiers intéressés ou leurs représentants, la renonciation prend effet à l'issue d'un délai de trois mois à compter de la notification. Sans préjudice de dommages et intérêts, le mandataire rémunéré par un capital peut être tenu de restituer tout ou partie des sommes perçues.",VIGUEUR,2007-01-01,2999-01-01,LEGIARTI000006432223,https://www.legifrance.gouv.fr/codes/article_lc/LEGIARTI000006432223
cc-812-7,cc_successions,Code civil,812-7,Livre III : Des différentes manières dont on acquiert la propriété > Titre Ier : Des successions > Chapitre VI : De l'administration de la succession par un mandataire. > Section 1 : Du mandat à effet posthume. > Paragraphe 3 : De la fin du mandat à effet posthume.,,"Chaque année et en fin de mandat, le mandataire rend compte de sa gestion aux héritiers intéressés ou à leurs représentants et les informe de l'ensemble des actes accomplis. A défaut, une révocation judiciaire peut être demandée par tout intéressé. Si le mandat prend fin par suite du décès du mandataire, cette obligation incombe à ses héritiers.",VIGUEUR,2007-01-01,2999-01-01,LEGIARTI000006432232,https://www.legifrance.gouv.fr/codes/article_lc/LEGIARTI000006432232
cc-813-1,cc_successions,Code civil,813-1,Livre III : Des différentes manières dont on acquiert la propriété > Titre Ier : Des successions > Chapitre VI : De l'administration de la succession par un mandataire. > Section 3 : Du mandataire successoral désigné en justice.,,"Le juge peut désigner toute personne qualifiée, physique ou morale, en qualité de mandataire successoral, à l'effet d'administrer provisoirement la succession en raison de l'inertie, de la carence ou de la faute d'un ou de plusieurs héritiers dans cette administration, de leur mésentente, d'une opposition d'intérêts entre eux ou de la complexité de la situation successorale. La demande est formée par un héritier, un créancier, toute personne qui assurait, pour le compte de la personne décédée, l'administration de tout ou partie de son patrimoine de son vivant, toute autre personne intéressée ou par le ministère public.",VIGUEUR,2007-01-01,2999-01-01,LEGIARTI000006432250,https://www.legifrance.gouv.fr/codes/article_lc/LEGIARTI000006432250
cc-813-2,cc_successions,Code civil,813-2,Livre III : Des différentes manières dont on acquiert la propriété > Titre Ier : Des successions > Chapitre VI : De l'administration de la succession par un mandataire. > Section 3 : Du mandataire successoral désigné en justice.,,"Le mandataire successoral ne peut agir que dans la mesure compatible avec les pouvoirs de celui qui a été désigné en application du troisième alinéa de l'article 815-6 , du mandataire désigné en application de l'article 812 ou de l'exécuteur testamentaire, nommé par le testateur en application de l'article 1025 .",VIGUEUR,2007-01-01,2999-01-01,LEGIARTI000006432258,https://www.legifrance.gouv.fr/codes/article_lc/LEGIARTI000006432258
cc-813-3,cc_successions,Code civil,813-3,Livre III : Des différentes manières dont on acquiert la propriété > Titre Ier : Des successions > Chapitre VI : De l'administration de la succession par un mandataire. > Section 3 : Du mandataire successoral désigné en justice.,,La décision de nomination est enregistrée et publiée.,VIGUEUR,2007-01-01,2999-01-01,LEGIARTI000006432266,https://www.legifrance.gouv.fr/codes/article_lc/LEGIARTI000006432266
cc-813-4,cc_successions,Code civil,813-4,Livre III : Des différentes manières dont on acquiert la propriété > Titre Ier : Des successions > Chapitre VI : De l'administration de la succession par un mandataire. > Section 3 : Du mandataire successoral désigné en justice.,,"Tant qu'aucun héritier n'a accepté la succession, le mandataire successoral ne peut accomplir que les actes mentionnés à l'article 784 , à l'exception de ceux prévus à son deuxième alinéa. Le juge peut également autoriser tout autre acte que requiert l'intérêt de la succession. Il peut autoriser le mandataire successoral à dresser un inventaire dans les formes prescrites à l'article 789 , ou le demander d'office.",VIGUEUR,2007-01-01,2999-01-01,LEGIARTI000006432274,https://www.legifrance.gouv.fr/codes/article_lc/LEGIARTI000006432274
cc-813-5,cc_successions,Code civil,813-5,Livre III : Des différentes manières dont on acquiert la propriété > Titre Ier : Des successions > Chapitre VI : De l'administration de la succession par un mandataire. > Section 3 : Du mandataire successoral désigné en justice.,,"Dans la limite des pouvoirs qui lui sont conférés, le mandataire successoral représente l'ensemble des héritiers pour les actes de la vie civile et en justice. Il exerce ses pouvoirs alors même qu'il existe un mineur ou un majeur protégé parmi les héritiers. Le paiement fait entre les mains du mandataire successoral est valable.",VIGUEUR,2007-01-01,2999-01-01,LEGIARTI000006432282,https://www.legifrance.gouv.fr/codes/article_lc/LEGIARTI000006432282
cc-813-6,cc_successions,Code civil,813-6,Livre III : Des différentes manières dont on acquiert la propriété > Titre Ier : Des successions > Chapitre VI : De l'administration de la succession par un mandataire. > Section 3 : Du mandataire successoral désigné en justice.,,Les actes visés à l'article 813-4 accomplis par le mandataire successoral dans le cadre de sa mission sont sans effet sur l'option héréditaire.,VIGUEUR,2007-01-01,2999-01-01,LEGIARTI000006432290,https://www.legifrance.gouv.fr/codes/article_lc/LEGIARTI000006432290
cc-813-7,cc_successions,Code civil,813-7,Livre III : Des différentes manières dont on acquiert la propriété > Titre Ier : Des successions > Chapitre VI : De l'administration de la succession par un mandataire. > Section 3 : Du mandataire successoral désigné en justice.,,"A la demande de toute personne intéressée ou du ministère public, le juge peut dessaisir le mandataire successoral de sa mission en cas de manquement caractérisé dans l'exercice de celle-ci. Il désigne alors un autre mandataire successoral, pour une durée qu'il définit.",VIGUEUR,2007-01-01,2999-01-01,LEGIARTI000006432298,https://www.legifrance.gouv.fr/codes/article_lc/LEGIARTI000006432298
cc-813-8,cc_successions,Code civil,813-8,Livre III : Des différentes manières dont on acquiert la propriété > Titre Ier : Des successions > Chapitre VI : De l'administration de la succession par un mandataire. > Section 3 : Du mandataire successoral désigné en justice.,,"Chaque héritier peut exiger du mandataire successoral la consultation, à tout moment, des documents relatifs à l'exécution de sa mission. Chaque année et à la fin de sa mission, le mandataire successoral remet au juge et à chaque héritier sur sa demande un rapport sur l'exécution de sa mission.",VIGUEUR,2007-01-01,2999-01-01,LEGIARTI000006432307,https://www.legifrance.gouv.fr/codes/article_lc/LEGIARTI000006432307
cc-813-9,cc_successions,Code civil,813-9,Livre III : Des différentes manières dont on acquiert la propriété > Titre Ier : Des successions > Chapitre VI : De l'administration de la succession par un mandataire. > Section 3 : Du mandataire successoral désigné en justice.,,"Le jugement désignant le mandataire successoral fixe la durée de sa mission ainsi que sa rémunération. A la demande de l'une des personnes mentionnées au deuxième alinéa de l'article 813-1 ou à l'article 814-1 , il peut la proroger pour une durée qu'il détermine. La mission cesse de plein droit par l'effet d'une convention d'indivision entre les héritiers ou par la signature de l'acte de partage. Elle cesse également lorsque le juge constate l'exécution complète de la mission confiée au mandataire successoral.",VIGUEUR,2007-01-01,2999-01-01,LEGIARTI000006432316,https://www.legifrance.gouv.fr/codes/article_lc/LEGIARTI000006432316
cc-814-1,cc_successions,Code civil,814-1,Livre III : Des différentes manières dont on acquiert la propriété > Titre Ier : Des successions > Chapitre VI : De l'administration de la succession par un mandataire. > Section 3 : Du mandataire successoral désigné en justice.,,"En toute circonstance, l'héritier acceptant à concurrence de l'actif net peut demander au juge de désigner toute personne qualifiée en qualité de mandataire successoral à l'effet de le substituer dans la charge d'administrer et de liquider la succession.",VIGUEUR,2007-01-01,2999-01-01,LEGIARTI000006432324,https://www.legifrance.gouv.fr/codes/article_lc/LEGIARTI000006432324
cc-815,cc_successions,Code civil,815,Livre III : Des différentes manières dont on acquiert la propriété > Titre Ier : Des successions > Chapitre VII : Du régime légal de l'indivision.,,"Nul ne peut être contraint à demeurer dans l'indivision et le partage peut toujours être provoqué, à moins qu'il n'y ait été sursis par jugement ou convention.",VIGUEUR,2007-01-01,2999-01-01,LEGIARTI000006432351,https://www.legifrance.gouv.fr/codes/article_lc/LEGIARTI000006432351
cc-815-1,cc_successions,Code civil,815-1,Livre III : Des différentes manières dont on acquiert la propriété > Titre Ier : Des successions > Chapitre VII : Du régime légal de l'indivision.,,"Les indivisaires peuvent passer des conventions relatives à l'exercice de leurs droits indivis, conformément aux articles 1873-1 à 1873-18 .",VIGUEUR,2007-01-01,2999-01-01,LEGIARTI000006432362,https://www.legifrance.gouv.fr/codes/article_lc/LEGIARTI000006432362
cc-815-2,cc_successions,Code civil,815-2,Livre III : Des différentes manières dont on acquiert la propriété > Titre Ier : Des successions > Chapitre VII : Du régime légal de l'indivision. > Section 1 : Des actes relatifs aux biens indivis. > Paragraphe 1 : Des actes accomplis par les indivisaires.,,"Tout indivisaire peut prendre les mesures nécessaires à la conservation des biens indivis même si elles ne présentent pas un caractère d'urgence. Il peut employer à cet effet les fonds de l'indivision détenus par lui et il est réputé en avoir la libre disposition à l'égard des tiers. A défaut de fonds de l'indivision, il peut obliger ses coïndivisaires à faire avec lui les dépenses nécessaires. Lorsque des biens indivis sont grevés d'un usufruit, ces pouvoirs sont opposables à l'usufruitier dans la mesure où celui-ci est tenu des réparations.",VIGUEUR,2007-01-01,2999-01-01,LEGIARTI000006432368,https://www.legifrance.gouv.fr/codes/article_lc/LEGIARTI000006432368
cc-815-3,cc_successions,Code civil,815-3,Livre III : Des différentes manières dont on acquiert la propriété > Titre Ier : Des successions > Chapitre VII : Du régime légal de l'indivision. > Section 1 : Des actes relatifs aux biens indivis. > Paragraphe 1 : Des actes accomplis par les indivisaires.,,"Le ou les indivisaires titulaires d'au moins deux tiers des droits indivis peuvent, à cette majorité : 1° Effectuer les actes d'administration relatifs aux biens indivis ; 2° Donner à l'un ou plusieurs des indivisaires ou à un tiers un mandat général d'administration ; 3° Vendre les meubles indivis pour payer les dettes et charges de l'indivision ; 4° Conclure et renouveler les baux autres que ceux portant sur un immeuble à usage agricole, commercial, industriel ou artisanal. Ils sont tenus d'en informer les autres indivisaires. A défaut, les décisions prises sont inopposables à ces derniers. Toutefois, le consentement de tous les indivisaires est requis pour effectuer tout acte qui ne ressortit pas à l'exploitation normale des biens indivis et pour effectuer tout acte de disposition autre que ceux visés au 3°. Si un indivisaire prend en main la gestion des biens indivis, au su des autres et néanmoins sans opposition de leur part, il est censé avoir reçu un mandat tacite, couvrant les actes d'administration mais non les actes de disposition ni la conclusion ou le renouvellement des baux.",VIGUEUR,2007-01-01,2999-01-01,LEGIARTI000006432378,https://www.legifrance.gouv.fr/codes/article_lc/LEGIARTI000006432378
cc-815-4,cc_successions,Code civil,815-4,Livre III : Des différentes manières dont on acquiert la propriété > Titre Ier : Des successions > Chapitre VII : Du régime légal de l'indivision. > Section 1 : Des actes relatifs aux biens indivis. > Paragraphe 2 : Des actes autorisés en justice.,,"Si l'un des indivisaires se trouve hors d'état de manifester sa volonté, un autre peut se faire habiliter par justice à le représenter, d'une manière générale ou pour certains actes particuliers, les conditions et l'étendue de cette représentation étant fixées par le juge. A défaut de pouvoir légal, de mandat ou d'habilitation par justice, les actes faits par un indivisaire en représentation d'un autre ont effet à l'égard de celui-ci, suivant les règles de la gestion d'affaires.",VIGUEUR,2007-01-01,2999-01-01,LEGIARTI000006432388,https://www.legifrance.gouv.fr/codes/article_lc/LEGIARTI000006432388
cc-815-7,cc_successions,Code civil,815-7,Livre III : Des différentes manières dont on acquiert la propriété > Titre Ier : Des successions > Chapitre VII : Du régime légal de l'indivision. > Section 1 : Des actes relatifs aux biens indivis. > Paragraphe 2 : Des actes autorisés en justice.,,"Le président du tribunal peut aussi interdire le déplacement des meubles corporels sauf à spécifier ceux dont il attribue l'usage personnel à l'un ou à l'autre des ayants droit, à charge pour ceux-ci de donner caution s'il l'estime nécessaire.",VIGUEUR,2007-01-01,2999-01-01,LEGIARTI000006432406,https://www.legifrance.gouv.fr/codes/article_lc/LEGIARTI000006432406
cc-815-8,cc_successions,Code civil,815-8,Livre III : Des différentes manières dont on acquiert la propriété > Titre Ier : Des successions > Chapitre VII : Du régime légal de l'indivision. > Section 2 : Des droits et des obligations des indivisaires.,,Quiconque perçoit des revenus ou expose des frais pour le compte de l'indivision doit en tenir un état qui est à la disposition des indivisaires.,VIGUEUR,2007-01-01,2999-01-01,LEGIARTI000006432414,https://www.legifrance.gouv.fr/codes/article_lc/LEGIARTI000006432414
cc-815-9,cc_successions,Code civil,815-9,Livre III : Des différentes manières dont on acquiert la propriété > Titre Ier : Des successions > Chapitre VII : Du régime légal de l'indivision. > Section 2 : Des droits et des obligations des indivisaires.,,"Chaque indivisaire peut user et jouir des biens indivis conformément à leur destination, dans la mesure compatible avec le droit des autres indivisaires et avec l'effet des actes régulièrement passés au cours de l'indivision. A défaut d'accord entre les intéressés, l'exercice de ce droit est réglé, à titre provisoire, par le président du tribunal. L'indivisaire qui use ou jouit privativement de la chose indivise est, sauf convention contraire, redevable d'une indemnité.",VIGUEUR,2007-01-01,2999-01-01,LEGIARTI000006432422,https://www.legifrance.gouv.fr/codes/article_lc/LEGIARTI000006432422
cc-815-10,cc_successions,Code civil,815-10,Livre III : Des différentes manières dont on acquiert la propriété > Titre Ier : Des successions > Chapitre VII : Du régime légal de l'indivision. > Section 2 : Des droits et des obligations des indivisaires.,,"Sont de plein droit indivis, par l'effet d'une subrogation réelle, les créances et indemnités qui remplacent des biens indivis, ainsi que les biens acquis, avec le consentement de l'ensemble des indivisaires, en emploi ou remploi des biens indivis. Les fruits et les revenus des biens indivis accroissent à l'indivision, à défaut de partage provisionnel ou de tout autre accord établissant la jouissance divise. Aucune recherche relative aux fruits et revenus ne sera, toutefois, recevable plus de cinq ans après la date à laquelle ils ont été perçus ou auraient pu l'être. Chaque indivisaire a droit aux bénéfices provenant des biens indivis et supporte les pertes proportionnellement à ses droits dans l'indivision.",VIGUEUR,2007-01-01,2999-01-01,LEGIARTI000006432430,https://www.legifrance.gouv.fr/codes/article_lc/LEGIARTI000006432430
cc-815-12,cc_successions,Code civil,815-12,Livre III : Des différentes manières dont on acquiert la propriété > Titre Ier : Des successions > Chapitre VII : Du régime légal de l'indivision. > Section 2 : Des droits et des obligations des indivisaires.,,"L'indivisaire qui gère un ou plusieurs biens indivis est redevable des produits nets de sa gestion. Il a droit à la rémunération de son activité dans les conditions fixées à l'amiable ou, à défaut, par décision de justice.",VIGUEUR,2007-01-01,2999-01-01,LEGIARTI000006432449,https://www.legifrance.gouv.fr/codes/article_lc/LEGIARTI000006432449
cc-815-14,cc_successions,Code civil,815-14,Livre III : Des différentes manières dont on acquiert la propriété > Titre Ier : Des successions > Chapitre VII : Du régime légal de l'indivision. > Section 2 : Des droits et des obligations des indivisaires.,,"L'indivisaire qui entend céder, à titre onéreux, à une personne étrangère à l'indivision, tout ou partie de ses droits dans les biens indivis ou dans un ou plusieurs de ces biens est tenu de notifier par acte extrajudiciaire aux autres indivisaires le prix et les conditions de la cession projetée ainsi que les nom, domicile et profession de la personne qui se propose d'acquérir. Tout indivisaire peut, dans le délai d'un mois qui suit cette notification, faire connaître au cédant, par acte extrajudiciaire, qu'il exerce un droit de préemption aux prix et conditions qui lui ont été notifiés. En cas de préemption, celui qui l'exerce dispose pour la réalisation de l'acte de vente d'un délai de deux mois à compter de la date d'envoi de sa réponse au vendeur. Passé ce délai, sa déclaration de préemption est nulle de plein droit, quinze jours après une mise en demeure restée sans effet, et sans préjudice des dommages-intérêts qui peuvent lui être demandés par le vendeur. Si plusieurs indivisaires exercent leur droit de préemption, ils sont réputés, sauf convention contraire, acquérir ensemble la portion mise en vente en proportion de leur part respective dans l'indivision. Lorsque des délais de paiement ont été consentis par le cédant, l'article 828 est applicable.",VIGUEUR,2007-01-01,2999-01-01,LEGIARTI000006432469,https://www.legifrance.gouv.fr/codes/article_lc/LEGIARTI000006432469
cc-815-15,cc_successions,Code civil,815-15,Livre III : Des différentes manières dont on acquiert la propriété > Titre Ier : Des successions > Chapitre VII : Du régime légal de l'indivision. > Section 2 : Des droits et des obligations des indivisaires.,,"S'il y a lieu à l'adjudication de tout ou partie des droits d'un indivisaire dans les biens indivis ou dans un ou plusieurs de ces biens, l'avocat ou le notaire doit en informer les indivisaires par notification un mois avant la date prévue pour la vente. Chaque indivisaire peut se substituer à l'acquéreur dans un délai d'un mois à compter de l'adjudication, par déclaration au greffe ou auprès du notaire. Le cahier des conditions de vente établi en vue de la vente doit faire mention des droits de substitution.",VIGUEUR,2007-01-01,2999-01-01,LEGIARTI000006432480,https://www.legifrance.gouv.fr/codes/article_lc/LEGIARTI000006432480
cc-815-16,cc_successions,Code civil,815-16,Livre III : Des différentes manières dont on acquiert la propriété > Titre Ier : Des successions > Chapitre VII : Du régime légal de l'indivision. > Section 2 : Des droits et des obligations des indivisaires.,,Est nulle toute cession ou toute licitation opérée au mépris des dispositions des articles 815-14 et 815-15 . L'action en nullité se prescrit par cinq ans. Elle ne peut être exercée que par ceux à qui les notifications devaient être faites ou par leurs héritiers.,VIGUEUR,2007-01-01,2999-01-01,LEGIARTI000006432491,https://www.legifrance.gouv.fr/codes/article_lc/LEGIARTI000006432491
cc-815-17,cc_successions,Code civil,815-17,Livre III : Des différentes manières dont on acquiert la propriété > Titre Ier : Des successions > Chapitre VII : Du régime légal de l'indivision. > Section 3 : Du droit de poursuite des créanciers.,,"Les créanciers qui auraient pu agir sur les biens indivis avant qu'il y eût indivision, et ceux dont la créance résulte de la conservation ou de la gestion des biens indivis, seront payés par prélèvement sur l'actif avant le partage. Ils peuvent en outre poursuivre la saisie et la vente des biens indivis. Les créanciers personnels d'un indivisaire ne peuvent saisir sa part dans les biens indivis, meubles ou immeubles. Ils ont toutefois la faculté de provoquer le partage au nom de leur débiteur ou d'intervenir dans le partage provoqué par lui. Les coïndivisaires peuvent arrêter le cours de l'action en partage en acquittant l'obligation au nom et en l'acquit du débiteur. Ceux qui exerceront cette faculté se rembourseront par prélèvement sur les biens indivis.",VIGUEUR,2007-01-01,2999-01-01,LEGIARTI000006432501,https://www.legifrance.gouv.fr/codes/article_lc/LEGIARTI000006432501
cc-815-18,cc_successions,Code civil,815-18,Livre III : Des différentes manières dont on acquiert la propriété > Titre Ier : Des successions > Chapitre VII : Du régime légal de l'indivision. > Section 4 : De l'indivision en usufruit.,,"Les dispositions des articles 815 à 815-17 sont applicables aux indivisions en usufruit en tant qu'elles sont compatibles avec les règles de l'usufruit. Les notifications prévues par les articles 815-14, 815-15 et 815-16 doivent être adressées à tout nu-propriétaire et à tout usufruitier. Mais un usufruitier ne peut acquérir une part en nue-propriété que si aucun nu-propriétaire ne s'en porte acquéreur ; un nu-propriétaire ne peut acquérir une part en usufruit que si aucun usufruitier ne s'en porte acquéreur.",VIGUEUR,2007-01-01,2999-01-01,LEGIARTI000006432511,https://www.legifrance.gouv.fr/codes/article_lc/LEGIARTI000006432511
cc-816,cc_successions,Code civil,816,Livre III : Des différentes manières dont on acquiert la propriété > Titre Ier : Des successions > Chapitre VIII : Du partage. > Section 1 : Des opérations de partage. > Sous-section 1 : Dispositions communes. > Paragraphe 1 : Des demandes en partage.,,"Le partage peut être demandé, même quand l'un des indivisaires a joui séparément de tout ou partie des biens indivis, s'il n'y a pas eu d'acte de partage ou une possession suffisante pour acquérir la prescription.",VIGUEUR,2007-01-01,2999-01-01,LEGIARTI000006432522,https://www.legifrance.gouv.fr/codes/article_lc/LEGIARTI000006432522
cc-817,cc_successions,Code civil,817,Livre III : Des différentes manières dont on acquiert la propriété > Titre Ier : Des successions > Chapitre VIII : Du partage. > Section 1 : Des opérations de partage. > Sous-section 1 : Dispositions communes. > Paragraphe 1 : Des demandes en partage.,,"Celui qui est en indivision pour la jouissance peut demander le partage de l'usufruit indivis par voie de cantonnement sur un bien ou, en cas d'impossibilité, par voie de licitation de l'usufruit. Lorsqu'elle apparaît seule protectrice de l'intérêt de tous les titulaires de droits sur le bien indivis, la licitation peut porter sur la pleine propriété.",VIGUEUR,2007-01-01,2999-01-01,LEGIARTI000006432530,https://www.legifrance.gouv.fr/codes/article_lc/LEGIARTI000006432530
cc-822,cc_successions,Code civil,822,Livre III : Des différentes manières dont on acquiert la propriété > Titre Ier : Des successions > Chapitre VIII : Du partage. > Section 1 : Des opérations de partage. > Sous-section 1 : Dispositions communes. > Paragraphe 1 : Des demandes en partage.,,"Si le défunt laisse un ou plusieurs descendants mineurs, le maintien de l'indivision peut être demandé soit par le conjoint survivant, soit par tout héritier, soit par le représentant légal des mineurs. A défaut de descendants mineurs, le maintien de l'indivision ne peut être demandé que par le conjoint survivant et à la condition qu'il ait été, avant le décès, ou soit devenu du fait du décès, copropriétaire de l'entreprise ou des locaux d'habitation ou à usage professionnel. S'il s'agit d'un local d'habitation, le conjoint doit avoir résidé dans les lieux à l'époque du décès.",VIGUEUR,2007-01-01,2999-01-01,LEGIARTI000006432538,https://www.legifrance.gouv.fr/codes/article_lc/LEGIARTI000006432538
cc-823,cc_successions,Code civil,823,Livre III : Des différentes manières dont on acquiert la propriété > Titre Ier : Des successions > Chapitre VIII : Du partage. > Section 1 : Des opérations de partage. > Sous-section 1 : Dispositions communes. > Paragraphe 1 : Des demandes en partage.,,"Le maintien dans l'indivision ne peut être prescrit pour une durée supérieure à cinq ans. Il peut être renouvelé, dans le cas prévu au premier alinéa de l'article 822 , jusqu'à la majorité du plus jeune des descendants et, dans le cas prévu au deuxième alinéa du même article, jusqu'au décès du conjoint survivant.",VIGUEUR,2007-01-01,2999-01-01,LEGIARTI000006432546,https://www.legifrance.gouv.fr/codes/article_lc/LEGIARTI000006432546
cc-824,cc_successions,Code civil,824,Livre III : Des différentes manières dont on acquiert la propriété > Titre Ier : Des successions > Chapitre VIII : Du partage. > Section 1 : Des opérations de partage. > Sous-section 1 : Dispositions communes. > Paragraphe 1 : Des demandes en partage.,,"Si des indivisaires entendent demeurer dans l'indivision, le tribunal peut, à la demande de l'un ou de plusieurs d'entre eux, en fonction des intérêts en présence et sans préjudice de l'application des articles 831 à 832-3, attribuer sa part à celui qui a demandé le partage. S'il n'existe pas dans l'indivision une somme suffisante, le complément est versé par ceux des indivisaires qui ont concouru à la demande, sans préjudice de la possibilité pour les autres indivisaires d'y participer, s'ils en expriment la volonté. La part de chacun dans l'indivision est augmentée à proportion de son versement.",VIGUEUR,2007-01-01,2999-01-01,LEGIARTI000006432555,https://www.legifrance.gouv.fr/codes/article_lc/LEGIARTI000006432555
cc-825,cc_successions,Code civil,825,Livre III : Des différentes manières dont on acquiert la propriété > Titre Ier : Des successions > Chapitre VIII : Du partage. > Section 1 : Des opérations de partage. > Sous-section 1 : Dispositions communes. > Paragraphe 2 : Des parts et des lots.,,"La masse partageable comprend les biens existant à l'ouverture de la succession, ou ceux qui leur ont été subrogés, et dont le défunt n'a pas disposé à cause de mort, ainsi que les fruits y afférents. Elle est augmentée des valeurs soumises à rapport ou à réduction, ainsi que des dettes des copartageants envers le défunt ou envers l'indivision.",VIGUEUR,2007-01-01,2999-01-01,LEGIARTI000006432566,https://www.legifrance.gouv.fr/codes/article_lc/LEGIARTI000006432566
cc-826,cc_successions,Code civil,826,Livre III : Des différentes manières dont on acquiert la propriété > Titre Ier : Des successions > Chapitre VIII : Du partage. > Section 1 : Des opérations de partage. > Sous-section 1 : Dispositions communes. > Paragraphe 2 : Des parts et des lots.,,"L'égalité dans le partage est une égalité en valeur. Chaque copartageant reçoit des biens pour une valeur égale à celle de ses droits dans l'indivision. S'il y a lieu à tirage au sort, il est constitué autant de lots qu'il est nécessaire. Si la consistance de la masse ne permet pas de former des lots d'égale valeur, leur inégalité se compense par une soulte.",VIGUEUR,2007-01-01,2999-01-01,LEGIARTI000006432575,https://www.legifrance.gouv.fr/codes/article_lc/LEGIARTI000006432575
cc-827,cc_successions,Code civil,827,Livre III : Des différentes manières dont on acquiert la propriété > Titre Ier : Des successions > Chapitre VIII : Du partage. > Section 1 : Des opérations de partage. > Sous-section 1 : Dispositions communes. > Paragraphe 2 : Des parts et des lots.,,"Le partage de la masse s'opère par tête. Toutefois, il se fait par souche quand il y a lieu à représentation. Une fois opéré le partage par souche, une répartition distincte est opérée, le cas échéant, entre les héritiers de chaque souche.",VIGUEUR,2007-01-01,2999-01-01,LEGIARTI000006432585,https://www.legifrance.gouv.fr/codes/article_lc/LEGIARTI000006432585
cc-828,cc_successions,Code civil,828,Livre III : Des différentes manières dont on acquiert la propriété > Titre Ier : Des successions > Chapitre VIII : Du partage. > Section 1 : Des opérations de partage. > Sous-section 1 : Dispositions communes. > Paragraphe 2 : Des parts et des lots.,,"Lorsque le débiteur d'une soulte a obtenu des délais de paiement et que, par suite des circonstances économiques, la valeur des biens qui lui sont échus a augmenté ou diminué de plus du quart depuis le partage, les sommes restant dues augmentent ou diminuent dans la même proportion, sauf exclusion de cette variation par les parties.",VIGUEUR,2007-01-01,2999-01-01,LEGIARTI000006432594,https://www.legifrance.gouv.fr/codes/article_lc/LEGIARTI000006432594
cc-829,cc_successions,Code civil,829,Livre III : Des différentes manières dont on acquiert la propriété > Titre Ier : Des successions > Chapitre VIII : Du partage. > Section 1 : Des opérations de partage. > Sous-section 1 : Dispositions communes. > Paragraphe 2 : Des parts et des lots.,,"En vue de leur répartition, les biens sont estimés à leur valeur à la date de la jouissance divise telle qu'elle est fixée par l'acte de partage, en tenant compte, s'il y a lieu, des charges les grevant. Cette date est la plus proche possible du partage. Cependant, le juge peut fixer la jouissance divise à une date plus ancienne si le choix de cette date apparaît plus favorable à la réalisation de l'égalité.",VIGUEUR,2007-01-01,2999-01-01,LEGIARTI000006432602,https://www.legifrance.gouv.fr/codes/article_lc/LEGIARTI000006432602
cc-830,cc_successions,Code civil,830,Livre III : Des différentes manières dont on acquiert la propriété > Titre Ier : Des successions > Chapitre VIII : Du partage. > Section 1 : Des opérations de partage. > Sous-section 1 : Dispositions communes. > Paragraphe 2 : Des parts et des lots.,,"Dans la formation et la composition des lots, on s'efforce d'éviter de diviser les unités économiques et autres ensembles de biens dont le fractionnement entraînerait la dépréciation.",VIGUEUR,2007-01-01,2999-01-01,LEGIARTI000006432611,https://www.legifrance.gouv.fr/codes/article_lc/LEGIARTI000006432611
cc-831,cc_successions,Code civil,831,Livre III : Des différentes manières dont on acquiert la propriété > Titre Ier : Des successions > Chapitre VIII : Du partage. > Section 1 : Des opérations de partage. > Sous-section 1 : Dispositions communes. > Paragraphe 3 : Des attributions préférentielles.,,"Le conjoint survivant ou tout héritier copropriétaire peut demander l'attribution préférentielle par voie de partage, à charge de soulte s'il y a lieu, de toute entreprise, ou partie d'entreprise agricole, commerciale, industrielle, artisanale ou libérale ou quote-part indivise d'une telle entreprise, même formée pour une part de biens dont il était déjà propriétaire ou copropriétaire avant le décès, à l'exploitation de laquelle il participe ou a participé effectivement. Dans le cas de l'héritier, la condition de participation peut être ou avoir été remplie par son conjoint ou ses descendants. S'il y a lieu, la demande d'attribution préférentielle peut porter sur des droits sociaux, sans préjudice de l'application des dispositions légales ou des clauses statutaires sur la continuation d'une société avec le conjoint survivant ou un ou plusieurs héritiers.",VIGUEUR,2007-01-01,2999-01-01,LEGIARTI000006432621,https://www.legifrance.gouv.fr/codes/article_lc/LEGIARTI000006432621
cc-832-3,cc_successions,Code civil,832-3,Livre III : Des différentes manières dont on acquiert la propriété > Titre Ier : Des successions > Chapitre VIII : Du partage. > Section 1 : Des opérations de partage. > Sous-section 1 : Dispositions communes. > Paragraphe 3 : Des attributions préférentielles.,,"L'attribution préférentielle peut être demandée conjointement par plusieurs successibles afin de conserver ensemble le bien indivis. A défaut d'accord amiable, la demande d'attribution préférentielle est portée devant le tribunal qui se prononce en fonction des intérêts en présence. En cas de demandes concurrentes, le tribunal tient compte de l'aptitude des différents postulants à gérer les biens en cause et à s'y maintenir. Pour l'entreprise, le tribunal tient compte en particulier de la durée de la participation personnelle à l'activité.",VIGUEUR,2007-01-01,2999-01-01,LEGIARTI000006432641,https://www.legifrance.gouv.fr/codes/article_lc/LEGIARTI000006432641
cc-832-4,cc_successions,Code civil,832-4,Livre III : Des différentes manières dont on acquiert la propriété > Titre Ier : Des successions > Chapitre VIII : Du partage. > Section 1 : Des opérations de partage. > Sous-section 1 : Dispositions communes. > Paragraphe 3 : Des attributions préférentielles.,,"Les biens faisant l'objet de l'attribution sont estimés à leur valeur à la date fixée conformément à l'article 829 . Sauf accord amiable entre les copartageants, la soulte éventuellement due est payable comptant. Toutefois, dans les cas prévus aux articles 831-3 et 832 , l'attributaire peut exiger de ses copartageants, pour le paiement d'une fraction de la soulte, égale au plus à la moitié, des délais ne pouvant excéder dix ans. Sauf convention contraire, les sommes restant dues portent intérêt au taux légal. En cas de vente de la totalité des biens attribués, la fraction de la soulte y afférente devient immédiatement exigible ; en cas de ventes partielles, le produit de ces ventes est versé aux copartageants et imputé sur la fraction de la soulte encore due.",VIGUEUR,2007-01-01,2999-01-01,LEGIARTI000006432651,https://www.legifrance.gouv.fr/codes/article_lc/LEGIARTI000006432651
cc-833,cc_successions,Code civil,833,Livre III : Des différentes manières dont on acquiert la propriété > Titre Ier : Des successions > Chapitre VIII : Du partage. > Section 1 : Des opérations de partage. > Sous-section 1 : Dispositions communes. > Paragraphe 3 : Des attributions préférentielles.,,"Les dispositions des articles 831 à 832-4 profitent au conjoint ou à tout héritier appelé à succéder en vertu de la loi, qu'il soit copropriétaire en pleine propriété ou en nue-propriété. Ces dispositions, à l'exception de celles de l'article 832 , profitent aussi à l'héritier ayant une vocation universelle ou à titre universel à la succession en vertu d'un testament ou d'une institution contractuelle.",VIGUEUR,2007-01-01,2999-01-01,LEGIARTI000006432660,https://www.legifrance.gouv.fr/codes/article_lc/LEGIARTI000006432660
cc-834,cc_successions,Code civil,834,Livre III : Des différentes manières dont on acquiert la propriété > Titre Ier : Des successions > Chapitre VIII : Du partage. > Section 1 : Des opérations de partage. > Sous-section 1 : Dispositions communes. > Paragraphe 3 : Des attributions préférentielles.,,"Le bénéficiaire de l'attribution préférentielle ne devient propriétaire exclusif du bien attribué qu'au jour du partage définitif. Jusqu'à cette date, il ne peut renoncer à l'attribution que lorsque la valeur du bien, telle que déterminée au jour de cette attribution, a augmenté de plus du quart au jour du partage indépendamment de son fait personnel.",VIGUEUR,2007-01-01,2999-01-01,LEGIARTI000006432670,https://www.legifrance.gouv.fr/codes/article_lc/LEGIARTI000006432670
cc-835,cc_successions,Code civil,835,Livre III : Des différentes manières dont on acquiert la propriété > Titre Ier : Des successions > Chapitre VIII : Du partage. > Section 1 : Des opérations de partage. > Sous-section 2 : Du partage amiable.,,"Si tous les indivisaires sont présents et capables, le partage peut intervenir dans la forme et selon les modalités choisies par les parties. Lorsque l'indivision porte sur des biens soumis à la publicité foncière, l'acte de partage est passé par acte notarié.",VIGUEUR,2007-01-01,2999-01-01,LEGIARTI000006432680,https://www.legifrance.gouv.fr/codes/article_lc/LEGIARTI000006432680
cc-837,cc_successions,Code civil,837,Livre III : Des différentes manières dont on acquiert la propriété > Titre Ier : Des successions > Chapitre VIII : Du partage. > Section 1 : Des opérations de partage. > Sous-section 2 : Du partage amiable.,,"Si un indivisaire est défaillant, sans qu'il soit néanmoins dans l'un des cas prévus à l'article 836 , il peut, à la diligence d'un copartageant, être mis en demeure, par acte extrajudiciaire, de se faire représenter au partage amiable. Faute pour cet indivisaire d'avoir constitué mandataire dans les trois mois de la mise en demeure, un copartageant peut demander au juge de désigner toute personne qualifiée qui représentera le défaillant jusqu'à la réalisation complète du partage. Cette personne ne peut consentir au partage qu'avec l'autorisation du juge.",VIGUEUR,2007-01-01,2999-01-01,LEGIARTI000006432700,https://www.legifrance.gouv.fr/codes/article_lc/LEGIARTI000006432700
cc-838,cc_successions,Code civil,838,Livre III : Des différentes manières dont on acquiert la propriété > Titre Ier : Des successions > Chapitre VIII : Du partage. > Section 1 : Des opérations de partage. > Sous-section 2 : Du partage amiable.,,Le partage amiable peut être total ou partiel. Il est partiel lorsqu'il laisse subsister l'indivision à l'égard de certains biens ou de certaines personnes.,VIGUEUR,2007-01-01,2999-01-01,LEGIARTI000006432710,https://www.legifrance.gouv.fr/codes/article_lc/LEGIARTI000006432710
cc-839,cc_successions,Code civil,839,Livre III : Des différentes manières dont on acquiert la propriété > Titre Ier : Des successions > Chapitre VIII : Du partage. > Section 1 : Des opérations de partage. > Sous-section 2 : Du partage amiable.,,"Lorsque plusieurs indivisions existent exclusivement entre les mêmes personnes, qu'elles portent sur les mêmes biens ou sur des biens différents, un partage amiable unique peut intervenir.",VIGUEUR,2007-01-01,2999-01-01,LEGIARTI000006432721,https://www.legifrance.gouv.fr/codes/article_lc/LEGIARTI000006432721
cc-842,cc_successions,Code civil,842,Livre III : Des différentes manières dont on acquiert la propriété > Titre Ier : Des successions > Chapitre VIII : Du partage. > Section 1 : Des opérations de partage. > Sous-section 3 : Du partage judiciaire.,,"A tout moment, les copartageants peuvent abandonner les voies judiciaires et poursuivre le partage à l'amiable si les conditions prévues pour un partage de cette nature sont réunies.",VIGUEUR,2007-01-01,2999-01-01,LEGIARTI000006432744,https://www.legifrance.gouv.fr/codes/article_lc/LEGIARTI000006432744
cc-843,cc_successions,Code civil,843,Livre III : Des différentes manières dont on acquiert la propriété > Titre Ier : Des successions > Chapitre VIII : Du partage. > Section 2 : Du rapport des libéralités.,,"Tout héritier, même ayant accepté à concurrence de l'actif, venant à une succession, doit rapporter à ses cohéritiers tout ce qu'il a reçu du défunt, par donations entre vifs, directement ou indirectement ; il ne peut retenir les dons à lui faits par le défunt, à moins qu'ils ne lui aient été faits expressément hors part successorale. Les legs faits à un héritier sont réputés faits hors part successorale, à moins que le testateur n'ait exprimé la volonté contraire, auquel cas le légataire ne peut réclamer son legs qu'en moins prenant.",VIGUEUR,2007-01-01,2999-01-01,LEGIARTI000006432755,https://www.legifrance.gouv.fr/codes/article_lc/LEGIARTI000006432755
cc-844,cc_successions,Code civil,844,Livre III : Des différentes manières dont on acquiert la propriété > Titre Ier : Des successions > Chapitre VIII : Du partage. > Section 2 : Du rapport des libéralités.,,Les dons faits hors part successorale ne peuvent être retenus ni les legs réclamés par l'héritier venant à partage que jusqu'à concurrence de la quotité disponible : l'excédent est sujet à réduction.,VIGUEUR,2007-01-01,2999-01-01,LEGIARTI000006432765,https://www.legifrance.gouv.fr/codes/article_lc/LEGIARTI000006432765
cc-845,cc_successions,Code civil,845,Livre III : Des différentes manières dont on acquiert la propriété > Titre Ier : Des successions > Chapitre VIII : Du partage. > Section 2 : Du rapport des libéralités.,,"L'héritier qui renonce à la succession peut cependant retenir le don entre vifs ou réclamer le legs à lui fait jusqu'à concurrence de la portion disponible à moins que le disposant ait expressément exigé le rapport en cas de renonciation. Dans ce cas, le rapport se fait en valeur. Lorsque la valeur rapportée excède les droits qu'il aurait dû avoir dans le partage s'il y avait participé, l'héritier renonçant indemnise les héritiers acceptants à concurrence de cet excédent.",VIGUEUR,2007-01-01,2999-01-01,LEGIARTI000006432774,https://www.legifrance.gouv.fr/codes/article_lc/LEGIARTI000006432774
cc-846,cc_successions,Code civil,846,Livre III : Des différentes manières dont on acquiert la propriété > Titre Ier : Des successions > Chapitre VIII : Du partage. > Section 2 : Du rapport des libéralités.,,"Le donataire qui n'était pas héritier présomptif lors de la donation, mais qui se trouve successible au jour de l'ouverture de la succession, ne doit pas le rapport, à moins que le donateur ne l'ait expressément exigé.",VIGUEUR,2007-01-01,2999-01-01,LEGIARTI000006432786,https://www.legifrance.gouv.fr/codes/article_lc/LEGIARTI000006432786
cc-847,cc_successions,Code civil,847,Livre III : Des différentes manières dont on acquiert la propriété > Titre Ier : Des successions > Chapitre VIII : Du partage. > Section 2 : Du rapport des libéralités.,,Les dons et legs faits au fils de celui qui se trouve successible à l'époque de l'ouverture de la succession sont toujours réputés faits avec dispense du rapport. Le père venant à la succession du donateur n'est pas tenu de les rapporter.,VIGUEUR,2007-01-01,2999-01-01,LEGIARTI000006432795,https://www.legifrance.gouv.fr/codes/article_lc/LEGIARTI000006432795
cc-848,cc_successions,Code civil,848,Livre III : Des différentes manières dont on acquiert la propriété > Titre Ier : Des successions > Chapitre VIII : Du partage. > Section 2 : Du rapport des libéralités.,,"Pareillement, le fils venant de son chef à la succession du donateur n'est pas tenu de rapporter le don fait à son père, même quand il aurait accepté la succession de celui-ci ; mais si le fils ne vient que par représentation, il doit rapporter ce qui avait été donné à son père, même dans le cas où il aurait répudié sa succession.",VIGUEUR,2007-01-01,2999-01-01,LEGIARTI000006432804,https://www.legifrance.gouv.fr/codes/article_lc/LEGIARTI000006432804
cc-849,cc_successions,Code civil,849,Livre III : Des différentes manières dont on acquiert la propriété > Titre Ier : Des successions > Chapitre VIII : Du partage. > Section 2 : Du rapport des libéralités.,,"Les dons et legs faits au conjoint d'un époux successible sont réputés faits avec dispense du rapport. Si les dons et legs sont faits conjointement à deux époux, dont l'un seulement est successible, celui-ci en rapporte la moitié ; si les dons sont faits à l'époux successible, il les rapporte en entier.",VIGUEUR,2007-01-01,2999-01-01,LEGIARTI000006432810,https://www.legifrance.gouv.fr/codes/article_lc/LEGIARTI000006432810
cc-850,cc_successions,Code civil,850,Livre III : Des différentes manières dont on acquiert la propriété > Titre Ier : Des successions > Chapitre VIII : Du partage. > Section 2 : Du rapport des libéralités.,,Le rapport ne se fait qu'à la succession du donateur.,VIGUEUR,2007-01-01,2999-01-01,LEGIARTI000006432819,https://www.legifrance.gouv.fr/codes/article_lc/LEGIARTI000006432819
cc-851,cc_successions,Code civil,851,Livre III : Des différentes manières dont on acquiert la propriété > Titre Ier : Des successions > Chapitre VIII : Du partage. > Section 2 : Du rapport des libéralités.,,"Le rapport est dû de ce qui a été employé pour l'établissement d'un des cohéritiers ou pour le paiement de ses dettes. Il est également dû en cas de donation de fruits ou de revenus, à moins que la libéralité n'ait été faite expressément hors part successorale.",VIGUEUR,2007-01-01,2999-01-01,LEGIARTI000006432829,https://www.legifrance.gouv.fr/codes/article_lc/LEGIARTI000006432829
cc-852,cc_successions,Code civil,852,Livre III : Des différentes manières dont on acquiert la propriété > Titre Ier : Des successions > Chapitre VIII : Du partage. > Section 2 : Du rapport des libéralités.,,"Les frais de nourriture, d'entretien, d'éducation, d'apprentissage, les frais ordinaires d'équipement, ceux de noces et les présents d'usage ne doivent pas être rapportés, sauf volonté contraire du disposant. Le caractère de présent d'usage s'apprécie à la date où il est consenti et compte tenu de la fortune du disposant.",VIGUEUR,2007-01-01,2999-01-01,LEGIARTI000006432838,https://www.legifrance.gouv.fr/codes/article_lc/LEGIARTI000006432838
cc-853,cc_successions,Code civil,853,Livre III : Des différentes manières dont on acquiert la propriété > Titre Ier : Des successions > Chapitre VIII : Du partage. > Section 2 : Du rapport des libéralités.,,"Il en est de même des profits que l'héritier a pu retirer des conventions passées avec le défunt, si ces conventions ne présentaient aucun avantage indirect, lorsqu'elles ont été faites.",VIGUEUR,2007-01-01,2999-01-01,LEGIARTI000006432846,https://www.legifrance.gouv.fr/codes/article_lc/LEGIARTI000006432846
cc-854,cc_successions,Code civil,854,Livre III : Des différentes manières dont on acquiert la propriété > Titre Ier : Des successions > Chapitre VIII : Du partage. > Section 2 : Du rapport des libéralités.,,"Pareillement, il n'est pas dû de rapport pour les associations faites sans fraude entre le défunt et l'un de ses héritiers, lorsque les conditions en ont été réglées par un acte authentique.",VIGUEUR,2007-01-01,2999-01-01,LEGIARTI000006432854,https://www.legifrance.gouv.fr/codes/article_lc/LEGIARTI000006432854
cc-855,cc_successions,Code civil,855,Livre III : Des différentes manières dont on acquiert la propriété > Titre Ier : Des successions > Chapitre VIII : Du partage. > Section 2 : Du rapport des libéralités.,,"Le bien qui a péri par cas fortuit et sans la faute du donataire n'est pas sujet à rapport. Toutefois, si ce bien a été reconstitué au moyen d'une indemnité perçue en raison de sa perte, le donataire doit le rapporter dans la proportion où l'indemnité a servi à sa reconstitution. Si l'indemnité n'a pas été utilisée à cette fin, elle est elle-même sujette à rapport.",VIGUEUR,2007-01-01,2999-01-01,LEGIARTI000006432862,https://www.legifrance.gouv.fr/codes/article_lc/LEGIARTI000006432862
cc-856,cc_successions,Code civil,856,Livre III : Des différentes manières dont on acquiert la propriété > Titre Ier : Des successions > Chapitre VIII : Du partage. > Section 2 : Du rapport des libéralités.,,Les fruits des choses sujettes à rapport sont dus à compter du jour de l'ouverture de la succession. Les intérêts ne sont dus qu'à compter du jour où le montant du rapport est déterminé.,VIGUEUR,2007-01-01,2999-01-01,LEGIARTI000006432870,https://www.legifrance.gouv.fr/codes/article_lc/LEGIARTI000006432870
cc-857,cc_successions,Code civil,857,Livre III : Des différentes manières dont on acquiert la propriété > Titre Ier : Des successions > Chapitre VIII : Du partage. > Section 2 : Du rapport des libéralités.,,Le rapport n'est dû que par le cohéritier à son cohéritier ; il n'est pas dû aux légataires ni aux créanciers de la succession.,VIGUEUR,2007-01-01,2999-01-01,LEGIARTI000006432878,https://www.legifrance.gouv.fr/codes/article_lc/LEGIARTI000006432878
cc-858,cc_successions,Code civil,858,Livre III : Des différentes manières dont on acquiert la propriété > Titre Ier : Des successions > Chapitre VIII : Du partage. > Section 2 : Du rapport des libéralités.,,"Le rapport se fait en moins prenant, sauf dans le cas du deuxième alinéa de l'article 845 . Il ne peut être exigé en nature, sauf stipulation contraire de l'acte de donation. Dans le cas d'une telle stipulation, les aliénations et constitutions de droits réels consenties par le donataire s'éteindront par l'effet du rapport à moins que le donateur n'y ait consenti.",VIGUEUR,2007-01-01,2999-01-01,LEGIARTI000006432886,https://www.legifrance.gouv.fr/codes/article_lc/LEGIARTI000006432886
cc-859,cc_successions,Code civil,859,Livre III : Des différentes manières dont on acquiert la propriété > Titre Ier : Des successions > Chapitre VIII : Du partage. > Section 2 : Du rapport des libéralités.,,L'héritier a aussi la faculté de rapporter en nature le bien donné qui lui appartient encore à condition que ce bien soit libre de toute charge ou occupation dont il n'aurait pas déjà été grevé à l'époque de la donation.,VIGUEUR,2007-01-01,2999-01-01,LEGIARTI000006432894,https://www.legifrance.gouv.fr/codes/article_lc/LEGIARTI000006432894
cc-860,cc_successions,Code civil,860,Livre III : Des différentes manières dont on acquiert la propriété > Titre Ier : Des successions > Chapitre VIII : Du partage. > Section 2 : Du rapport des libéralités.,,"Le rapport est dû de la valeur du bien donné à l'époque du partage, d'après son état à l'époque de la donation. Si le bien a été aliéné avant le partage, on tient compte de la valeur qu'il avait à l'époque de l'aliénation. Si un nouveau bien a été subrogé au bien aliéné, on tient compte de la valeur de ce nouveau bien à l'époque du partage, d'après son état à l'époque de l'acquisition. Toutefois, si la dépréciation du nouveau bien était, en raison de sa nature, inéluctable au jour de son acquisition, il n'est pas tenu compte de la subrogation. Le tout sauf stipulation contraire dans l'acte de donation. S'il résulte d'une telle stipulation que la valeur sujette à rapport est inférieure à la valeur du bien déterminé selon les règles d'évaluation prévues par l'article 922 ci-dessous, cette différence forme un avantage indirect acquis au donataire hors part successorale.",VIGUEUR,2007-01-01,2999-01-01,LEGIARTI000006432904,https://www.legifrance.gouv.fr/codes/article_lc/LEGIARTI000006432904
cc-863,cc_successions,Code civil,863,Livre III : Des différentes manières dont on acquiert la propriété > Titre Ier : Des successions > Chapitre VIII : Du partage. > Section 2 : Du rapport des libéralités.,,"Le donataire, de son côté, doit, en cas de rapport en nature, tenir compte des dégradations et détériorations qui ont diminué la valeur du bien donné par son fait ou par sa faute.",VIGUEUR,2007-01-01,2999-01-01,LEGIARTI000006432930,https://www.legifrance.gouv.fr/codes/article_lc/LEGIARTI000006432930
cc-864,cc_successions,Code civil,864,Livre III : Des différentes manières dont on acquiert la propriété > Titre Ier : Des successions > Chapitre VIII : Du partage. > Section 3 : Du paiement des dettes > Paragraphe 1 : Des dettes des copartageants,,"Lorsque la masse partageable comprend une créance à l'encontre de l'un des copartageants, exigible ou non, ce dernier en est alloti dans le partage à concurrence de ses droits dans la masse. A due concurrence, la dette s'éteint par confusion. Si son montant excède les droits du débiteur dans cette masse, il doit le paiement du solde sous les conditions et délais qui affectaient l'obligation.",VIGUEUR,2007-01-01,2999-01-01,LEGIARTI000006432940,https://www.legifrance.gouv.fr/codes/article_lc/LEGIARTI000006432940
cc-865,cc_successions,Code civil,865,Livre III : Des différentes manières dont on acquiert la propriété > Titre Ier : Des successions > Chapitre VIII : Du partage. > Section 3 : Du paiement des dettes > Paragraphe 1 : Des dettes des copartageants,,"Sauf lorsqu'elle est relative aux biens indivis, la créance n'est pas exigible avant la clôture des opérations de partage. Toutefois, l'héritier débiteur peut décider à tout moment de s'en acquitter volontairement.",VIGUEUR,2007-01-01,2999-01-01,LEGIARTI000006432948,https://www.legifrance.gouv.fr/codes/article_lc/LEGIARTI000006432948
cc-866,cc_successions,Code civil,866,Livre III : Des différentes manières dont on acquiert la propriété > Titre Ier : Des successions > Chapitre VIII : Du partage. > Section 3 : Du paiement des dettes > Paragraphe 1 : Des dettes des copartageants,,"Les sommes rapportables produisent intérêt au taux légal, sauf stipulation contraire. Ces intérêts courent depuis l'ouverture de la succession lorsque l'héritier en était débiteur envers le défunt et à compter du jour où la dette est exigible, lorsque celle-ci est survenue durant l'indivision.",VIGUEUR,2007-01-01,2999-01-01,LEGIARTI000006432953,https://www.legifrance.gouv.fr/codes/article_lc/LEGIARTI000006432953
cc-867,cc_successions,Code civil,867,Livre III : Des différentes manières dont on acquiert la propriété > Titre Ier : Des successions > Chapitre VIII : Du partage. > Section 3 : Du paiement des dettes > Paragraphe 1 : Des dettes des copartageants,,"Lorsque le copartageant a lui-même une créance à faire valoir, il n'est alloti de sa dette que si, balance faite, le compte présente un solde en faveur de la masse indivise.",VIGUEUR,2007-01-01,2999-01-01,LEGIARTI000006432960,https://www.legifrance.gouv.fr/codes/article_lc/LEGIARTI000006432960
cc-870,cc_successions,Code civil,870,Livre III : Des différentes manières dont on acquiert la propriété > Titre Ier : Des successions > Chapitre VIII : Du partage. > Section 3 : Du paiement des dettes > Paragraphe 2 : Des autres dettes,,"Les cohéritiers contribuent entre eux au paiement des dettes et charges de la succession, chacun dans la proportion de ce qu'il y prend.",VIGUEUR,2007-01-01,2999-01-01,LEGIARTI000006432981,https://www.legifrance.gouv.fr/codes/article_lc/LEGIARTI000006432981
cc-871,cc_successions,Code civil,871,Livre III : Des différentes manières dont on acquiert la propriété > Titre Ier : Des successions > Chapitre VIII : Du partage. > Section 3 : Du paiement des dettes > Paragraphe 2 : Des autres dettes,,"Le légataire à titre universel contribue avec les héritiers, au prorata de son émolument ; mais le légataire particulier n'est pas tenu des dettes et charges, sauf toutefois l'action hypothécaire sur l'immeuble légué.",VIGUEUR,2007-01-01,2999-01-01,LEGIARTI000006432992,https://www.legifrance.gouv.fr/codes/article_lc/LEGIARTI000006432992
cc-872,cc_successions,Code civil,872,Livre III : Des différentes manières dont on acquiert la propriété > Titre Ier : Des successions > Chapitre VIII : Du partage. > Section 3 : Du paiement des dettes > Paragraphe 2 : Des autres dettes,,"Lorsque des immeubles d'une succession sont grevés de rentes par hypothèque spéciale, chacun des cohéritiers peut exiger que les rentes soient remboursées et les immeubles rendus libres avant qu'il soit procédé à la formation des lots. Si les cohéritiers partagent la succession dans l'état où elle se trouve, l'immeuble grevé doit être estimé au même taux que les autres immeubles ; il est fait déduction du capital de la rente sur le prix total ; l'héritier dans le lot duquel tombe cet immeuble demeure seul chargé du service de la rente et il doit en garantir ses cohéritiers.",VIGUEUR,2007-01-01,2999-01-01,LEGIARTI000006433001,https://www.legifrance.gouv.fr/codes/article_lc/LEGIARTI000006433001
cc-873,cc_successions,Code civil,873,Livre III : Des différentes manières dont on acquiert la propriété > Titre Ier : Des successions > Chapitre VIII : Du partage. > Section 3 : Du paiement des dettes > Paragraphe 2 : Des autres dettes,,"Les héritiers sont tenus des dettes et charges de la succession, personnellement pour leur part successorale, et hypothécairement pour le tout ; sauf leur recours soit contre leurs cohéritiers, soit contre les légataires universels, à raison de la part pour laquelle ils doivent y contribuer.",VIGUEUR,2007-01-01,2999-01-01,LEGIARTI000006433010,https://www.legifrance.gouv.fr/codes/article_lc/LEGIARTI000006433010
cc-874,cc_successions,Code civil,874,Livre III : Des différentes manières dont on acquiert la propriété > Titre Ier : Des successions > Chapitre VIII : Du partage. > Section 3 : Du paiement des dettes > Paragraphe 2 : Des autres dettes,,Le légataire particulier qui a acquitté la dette dont l'immeuble légué était grevé demeure subrogé aux droits du créancier contre les héritiers.,VIGUEUR,2007-01-01,2999-01-01,LEGIARTI000006433019,https://www.legifrance.gouv.fr/codes/article_lc/LEGIARTI000006433019
cc-875,cc_successions,Code civil,875,Livre III : Des différentes manières dont on acquiert la propriété > Titre Ier : Des successions > Chapitre VIII : Du partage. > Section 3 : Du paiement des dettes > Paragraphe 2 : Des autres dettes,,"Le cohéritier qui, par l'effet de l'hypothèque, a payé au-delà de sa part de la dette commune, n'a de recours contre les autres cohéritiers, que pour la part que chacun d'eux doit personnellement en supporter, même dans le cas où le cohéritier qui a payé la dette se serait fait subroger aux droits des créanciers ; sans préjudice néanmoins des droits d'un cohéritier qui, par l'effet de l'acceptation à concurrence de l'actif net, aurait conservé la faculté de réclamer le paiement de sa créance personnelle, comme tout autre créancier.",VIGUEUR,2007-01-01,2999-01-01,LEGIARTI000006433030,https://www.legifrance.gouv.fr/codes/article_lc/LEGIARTI000006433030
cc-876,cc_successions,Code civil,876,Livre III : Des différentes manières dont on acquiert la propriété > Titre Ier : Des successions > Chapitre VIII : Du partage. > Section 3 : Du paiement des dettes > Paragraphe 2 : Des autres dettes,,"En cas d'insolvabilité d'un des cohéritiers, sa part dans la dette hypothécaire est répartie sur tous les autres, au marc le franc.",VIGUEUR,2007-01-01,2999-01-01,LEGIARTI000006433040,https://www.legifrance.gouv.fr/codes/article_lc/LEGIARTI000006433040
cc-877,cc_successions,Code civil,877,Livre III : Des différentes manières dont on acquiert la propriété > Titre Ier : Des successions > Chapitre VIII : Du partage. > Section 3 : Du paiement des dettes > Paragraphe 2 : Des autres dettes,,"Le titre exécutoire contre le défunt l'est aussi contre l'héritier, huit jours après que la signification lui en a été faite.",VIGUEUR,2007-01-01,2999-01-01,LEGIARTI000006433050,https://www.legifrance.gouv.fr/codes/article_lc/LEGIARTI000006433050
cc-879,cc_successions,Code civil,879,Livre III : Des différentes manières dont on acquiert la propriété > Titre Ier : Des successions > Chapitre VIII : Du partage. > Section 3 : Du paiement des dettes > Paragraphe 2 : Des autres dettes,,Ce droit peut s'exercer par tout acte par lequel un créancier manifeste au créancier concurrent son intention d'être préféré sur un bien déterminé.,VIGUEUR,2007-01-01,2999-01-01,LEGIARTI000006433067,https://www.legifrance.gouv.fr/codes/article_lc/LEGIARTI000006433067
cc-880,cc_successions,Code civil,880,Livre III : Des différentes manières dont on acquiert la propriété > Titre Ier : Des successions > Chapitre VIII : Du partage. > Section 3 : Du paiement des dettes > Paragraphe 2 : Des autres dettes,,Il ne peut pas être exercé lorsque le créancier demandeur y a renoncé.,VIGUEUR,2007-01-01,2999-01-01,LEGIARTI000006433070,https://www.legifrance.gouv.fr/codes/article_lc/LEGIARTI000006433070
cc-881,cc_successions,Code civil,881,Livre III : Des différentes manières dont on acquiert la propriété > Titre Ier : Des successions > Chapitre VIII : Du partage. > Section 3 : Du paiement des dettes > Paragraphe 2 : Des autres dettes,,"Il se prescrit, relativement aux meubles, par deux ans à compter de l'ouverture de la succession. A l'égard des immeubles, l'action peut être exercée tant qu'ils demeurent entre les mains de l'héritier.",VIGUEUR,2007-01-01,2999-01-01,LEGIARTI000006433073,https://www.legifrance.gouv.fr/codes/article_lc/LEGIARTI000006433073
cc-882,cc_successions,Code civil,882,Livre III : Des différentes manières dont on acquiert la propriété > Titre Ier : Des successions > Chapitre VIII : Du partage. > Section 3 : Du paiement des dettes > Paragraphe 2 : Des autres dettes,,"Les créanciers d'un copartageant, pour éviter que le partage ne soit fait en fraude de leurs droits, peuvent s'opposer à ce qu'il y soit procédé hors de leur présence : ils ont le droit d'y intervenir à leurs frais ; mais ils ne peuvent attaquer un partage consommé, à moins toutefois qu'il n'y ait été procédé sans eux et au préjudice d'une opposition qu'ils auraient formée.",VIGUEUR,2007-01-01,2999-01-01,LEGIARTI000006433076,https://www.legifrance.gouv.fr/codes/article_lc/LEGIARTI000006433076
cc-883,cc_successions,Code civil,883,Livre III : Des différentes manières dont on acquiert la propriété > Titre Ier : Des successions > Chapitre VIII : Du partage. > Section 4 : Des effets du partage et de la garantie des lots,,"Chaque cohéritier est censé avoir succédé seul et immédiatement à tous les effets compris dans son lot, ou à lui échus sur licitation, et n'avoir jamais eu la propriété des autres effets de la succession. Il en est de même des biens qui lui sont advenus par tout autre acte ayant pour effet de faire cesser l'indivision. Il n'est pas distingué selon que l'acte fait cesser l'indivision en tout ou partie, à l'égard de certains biens ou de certains héritiers seulement. Toutefois, les actes valablement accomplis soit en vertu d'un mandat des coïndivisaires, soit en vertu d'une autorisation judiciaire, conservent leurs effets quelle que soit, lors du partage, l'attribution des biens qui en ont fait l'objet.",VIGUEUR,2007-01-01,2999-01-01,LEGIARTI000006433094,https://www.legifrance.gouv.fr/codes/article_lc/LEGIARTI000006433094
cc-884,cc_successions,Code civil,884,Livre III : Des différentes manières dont on acquiert la propriété > Titre Ier : Des successions > Chapitre VIII : Du partage. > Section 4 : Des effets du partage et de la garantie des lots,,"Les cohéritiers demeurent respectivement garants, les uns envers les autres, des troubles et évictions seulement qui procèdent d'une cause antérieure au partage. Ils sont également garants de l'insolvabilité du débiteur d'une dette mise dans le lot d'un copartageant, révélée avant le partage. La garantie n'a pas lieu si l'espèce d'éviction soufferte a été exceptée par une clause particulière et expresse de l'acte de partage ; elle cesse si c'est par sa faute que le cohéritier souffre l'éviction.",VIGUEUR,2007-01-01,2999-01-01,LEGIARTI000006433104,https://www.legifrance.gouv.fr/codes/article_lc/LEGIARTI000006433104
cc-885,cc_successions,Code civil,885,Livre III : Des différentes manières dont on acquiert la propriété > Titre Ier : Des successions > Chapitre VIII : Du partage. > Section 4 : Des effets du partage et de la garantie des lots,,"Chacun des cohéritiers est personnellement obligé, à proportion de son émolument, d'indemniser le cohéritier évincé de la perte qu'il a subie, évaluée au jour de l'éviction. Si l'un des cohéritiers se trouve insolvable, la portion dont il est tenu doit être également répartie entre le garanti et tous les cohéritiers solvables.",VIGUEUR,2007-01-01,2999-01-01,LEGIARTI000006433114,https://www.legifrance.gouv.fr/codes/article_lc/LEGIARTI000006433114
cc-886,cc_successions,Code civil,886,Livre III : Des différentes manières dont on acquiert la propriété > Titre Ier : Des successions > Chapitre VIII : Du partage. > Section 4 : Des effets du partage et de la garantie des lots,,L'action en garantie se prescrit par deux ans à compter de l'éviction ou de la découverte du trouble.,VIGUEUR,2007-01-01,2999-01-01,LEGIARTI000006433124,https://www.legifrance.gouv.fr/codes/article_lc/LEGIARTI000006433124
cc-887,cc_successions,Code civil,887,Livre III : Des différentes manières dont on acquiert la propriété > Titre Ier : Des successions > Chapitre VIII : Du partage. > Section 5 : Des actions en nullité du partage ou en complément de part > Paragraphe 1 : Des actions en nullité du partage,,"Le partage peut être annulé pour cause de violence ou de dol. Il peut aussi être annulé pour cause d'erreur, si celle-ci a porté sur l'existence ou la quotité des droits des copartageants ou sur la propriété des biens compris dans la masse partageable. S'il apparaît que les conséquences de la violence, du dol ou de l'erreur peuvent être réparées autrement que par l'annulation du partage, le tribunal peut, à la demande de l'une des parties, ordonner un partage complémentaire ou rectificatif.",VIGUEUR,2007-01-01,2999-01-01,LEGIARTI000006433142,https://www.legifrance.gouv.fr/codes/article_lc/LEGIARTI000006433142
cc-888,cc_successions,Code civil,888,Livre III : Des différentes manières dont on acquiert la propriété > Titre Ier : Des successions > Chapitre VIII : Du partage. > Section 5 : Des actions en nullité du partage ou en complément de part > Paragraphe 1 : Des actions en nullité du partage,,"Le copartageant qui a aliéné son lot en tout ou partie n'est plus recevable à intenter une action fondée sur le dol, l'erreur ou la violence, si l'aliénation qu'il a faite est postérieure à la découverte du dol ou de l'erreur ou à la cessation de la violence.",VIGUEUR,2007-01-01,2999-01-01,LEGIARTI000006433151,https://www.legifrance.gouv.fr/codes/article_lc/LEGIARTI000006433151
cc-889,cc_successions,Code civil,889,Livre III : Des différentes manières dont on acquiert la propriété > Titre Ier : Des successions > Chapitre VIII : Du partage. > Section 5 : Des actions en nullité du partage ou en complément de part > Paragraphe 2 : De l'action en complément de part,,"Lorsque l'un des copartageants établit avoir subi une lésion de plus du quart, le complément de sa part lui est fourni, au choix du défendeur, soit en numéraire, soit en nature. Pour apprécier s'il y a eu lésion, on estime les objets suivant leur valeur à l'époque du partage. L'action en complément de part se prescrit par deux ans à compter du partage.",VIGUEUR,2007-01-01,2999-01-01,LEGIARTI000006433161,https://www.legifrance.gouv.fr/codes/article_lc/LEGIARTI000006433161
cc-890,cc_successions,Code civil,890,Livre III : Des différentes manières dont on acquiert la propriété > Titre Ier : Des successions > Chapitre VIII : Du partage. > Section 5 : Des actions en nullité du partage ou en complément de part > Paragraphe 2 : De l'action en complément de part,,"L'action en complément de part est admise contre tout acte, quelle que soit sa dénomination, dont l'objet est de faire cesser l'indivision entre copartageants. L'action n'est plus admise lorsqu'une transaction est intervenue à la suite du partage ou de l'acte qui en tient lieu sur les difficultés que présentait ce partage ou cet acte. En cas de partages partiels successifs, la lésion s'apprécie sans tenir compte ni du partage partiel déjà intervenu lorsque celui-ci a rempli les parties de leurs droits par parts égales ni des biens non encore partagés.",VIGUEUR,2007-01-01,2999-01-01,LEGIARTI000006433171,https://www.legifrance.gouv.fr/codes/article_lc/LEGIARTI000006433171
cc-891,cc_successions,Code civil,891,Livre III : Des différentes manières dont on acquiert la propriété > Titre Ier : Des successions > Chapitre VIII : Du partage. > Section 5 : Des actions en nullité du partage ou en complément de part > Paragraphe 2 : De l'action en complément de part,,"L'action en complément de part n'est pas admise contre une vente de droits indivis faite sans fraude à un indivisaire par ses co-indivisaires ou par l'un d'eux, lorsque la cession comporte un aléa défini dans l'acte et expressément accepté par le cessionnaire.",VIGUEUR,2007-01-01,2999-01-01,LEGIARTI000006433183,https://www.legifrance.gouv.fr/codes/article_lc/LEGIARTI000006433183
cc-892,cc_successions,Code civil,892,Livre III : Des différentes manières dont on acquiert la propriété > Titre Ier : Des successions > Chapitre VIII : Du partage. > Section 5 : Des actions en nullité du partage ou en complément de part > Paragraphe 2 : De l'action en complément de part,,La simple omission d'un bien indivis donne lieu à un partage complémentaire portant sur ce bien.,VIGUEUR,2007-01-01,2999-01-01,LEGIARTI000006433192,https://www.legifrance.gouv.fr/codes/article_lc/LEGIARTI000006433192
cc-815-5,cc_successions,Code civil,815-5,Livre III : Des différentes manières dont on acquiert la propriété > Titre Ier : Des successions > Chapitre VII : Du régime légal de l'indivision. > Section 1 : Des actes relatifs aux biens indivis. > Paragraphe 2 : Des actes autorisés en justice.,,"Un indivisaire peut être autorisé par justice à passer seul un acte pour lequel le consentement d'un coïndivisaire serait nécessaire, si le refus de celui-ci met en péril l'intérêt commun. Le juge ne peut, à la demande d'un nu-propriétaire, ordonner la vente de la pleine propriété d'un bien grevé d'usufruit contre la volonté de l'usufruitier. L'acte passé dans les conditions fixées par l'autorisation de justice est opposable à l'indivisaire dont le consentement a fait défaut.",VIGUEUR,2007-01-01,2999-01-01,LEGIARTI000006433219,https://www.legifrance.gouv.fr/codes/article_lc/LEGIARTI000006433219
cc-818,cc_successions,Code civil,818,Livre III : Des différentes manières dont on acquiert la propriété > Titre Ier : Des successions > Chapitre VIII : Du partage. > Section 1 : Des opérations de partage. > Sous-section 1 : Dispositions communes. > Paragraphe 1 : Des demandes en partage.,,"La même faculté appartient à l'indivisaire en nue-propriété pour la nue-propriété indivise. En cas de licitation de la pleine propriété, le deuxième alinéa de l'article 815-5 est applicable.",VIGUEUR,2007-01-01,2999-01-01,LEGIARTI000006433232,https://www.legifrance.gouv.fr/codes/article_lc/LEGIARTI000006433232
cc-819,cc_successions,Code civil,819,Livre III : Des différentes manières dont on acquiert la propriété > Titre Ier : Des successions > Chapitre VIII : Du partage. > Section 1 : Des opérations de partage. > Sous-section 1 : Dispositions communes. > Paragraphe 1 : Des demandes en partage.,,Celui qui est pour partie plein propriétaire et qui se trouve en indivision avec des usufruitiers et des nus-propriétaires peut user des facultés prévues aux articles 817 et 818 . Le deuxième alinéa de l'article 815-5 n'est pas applicable en cas de licitation en pleine propriété.,VIGUEUR,2007-01-01,2999-01-01,LEGIARTI000006433242,https://www.legifrance.gouv.fr/codes/article_lc/LEGIARTI000006433242
cc-820,cc_successions,Code civil,820,Livre III : Des différentes manières dont on acquiert la propriété > Titre Ier : Des successions > Chapitre VIII : Du partage. > Section 1 : Des opérations de partage. > Sous-section 1 : Dispositions communes. > Paragraphe 1 : Des demandes en partage.,,"A la demande d'un indivisaire, le tribunal peut surseoir au partage pour deux années au plus si sa réalisation immédiate risque de porter atteinte à la valeur des biens indivis ou si l'un des indivisaires ne peut reprendre l'entreprise agricole, commerciale, industrielle, artisanale ou libérale dépendant de la succession qu'à l'expiration de ce délai. Ce sursis peut s'appliquer à l'ensemble des biens indivis ou à certains d'entre eux seulement. S'il y a lieu, la demande de sursis au partage peut porter sur des droits sociaux.",VIGUEUR,2007-01-01,2999-01-01,LEGIARTI000006433250,https://www.legifrance.gouv.fr/codes/article_lc/LEGIARTI000006433250
cc-821,cc_successions,Code civil,821,Livre III : Des différentes manières dont on acquiert la propriété > Titre Ier : Des successions > Chapitre VIII : Du partage. > Section 1 : Des opérations de partage. > Sous-section 1 : Dispositions communes. > Paragraphe 1 : Des demandes en partage.,,"A défaut d'accord amiable, l'indivision de toute entreprise agricole, commerciale, industrielle, artisanale ou libérale, dont l'exploitation était assurée par le défunt ou par son conjoint, peut être maintenue dans les conditions fixées par le tribunal à la demande des personnes mentionnées à l'article 822 . S'il y a lieu, la demande de maintien de l'indivision peut porter sur des droits sociaux. Le tribunal statue en fonction des intérêts en présence et des moyens d'existence que la famille peut tirer des biens indivis. Le maintien de l'indivision demeure possible lors même que l'entreprise comprend des éléments dont l'héritier ou le conjoint était déjà propriétaire ou copropriétaire avant l'ouverture de la succession.",VIGUEUR,2007-01-01,2999-01-01,LEGIARTI000006433261,https://www.legifrance.gouv.fr/codes/article_lc/LEGIARTI000006433261
cc-832,cc_successions,Code civil,832,Livre III : Des différentes manières dont on acquiert la propriété > Titre Ier : Des successions > Chapitre VIII : Du partage. > Section 1 : Des opérations de partage. > Sous-section 1 : Dispositions communes. > Paragraphe 3 : Des attributions préférentielles.,,"L'attribution préférentielle visée à l'article 831 est de droit pour toute exploitation agricole qui ne dépasse pas les limites de superficie fixées par décret en Conseil d'Etat, si le maintien dans l'indivision n'a pas été ordonné.",VIGUEUR,2007-01-01,2999-01-01,LEGIARTI000006433273,https://www.legifrance.gouv.fr/codes/article_lc/LEGIARTI000006433273
cc-821-1,cc_successions,Code civil,821-1,Livre III : Des différentes manières dont on acquiert la propriété > Titre Ier : Des successions > Chapitre VIII : Du partage. > Section 1 : Des opérations de partage. > Sous-section 1 : Dispositions communes. > Paragraphe 1 : Des demandes en partage.,,"L'indivision peut également être maintenue, à la demande des mêmes personnes et dans les conditions fixées par le tribunal, en ce qui concerne la propriété du local d'habitation ou à usage professionnel qui, à l'époque du décès, était effectivement utilisé pour cette habitation ou à cet usage par le défunt ou son conjoint. Il en est de même des objets mobiliers garnissant le local d'habitation ou servant à l'exercice de la profession.",VIGUEUR,2007-01-01,2999-01-01,LEGIARTI000006433366,https://www.legifrance.gouv.fr/codes/article_lc/LEGIARTI000006433366
cc-840-1,cc_successions,Code civil,840-1,Livre III : Des différentes manières dont on acquiert la propriété > Titre Ier : Des successions > Chapitre VIII : Du partage. > Section 1 : Des opérations de partage. > Sous-section 3 : Du partage judiciaire.,,"Lorsque plusieurs indivisions existent exclusivement entre les mêmes personnes, qu'elles portent sur les mêmes biens ou sur des biens différents, un partage unique peut intervenir.",VIGUEUR,2007-01-01,2999-01-01,LEGIARTI000006433416,https://www.legifrance.gouv.fr/codes/article_lc/LEGIARTI000006433416
cc-860-1,cc_successions,Code civil,860-1,Livre III : Des différentes manières dont on acquiert la propriété > Titre Ier : Des successions > Chapitre VIII : Du partage. > Section 2 : Du rapport des libéralités.,,"Le rapport d'une somme d'argent est égal à son montant. Toutefois, si elle a servi à acquérir un bien, le rapport est dû de la valeur de ce bien, dans les conditions prévues à l'article 860 .",VIGUEUR,2007-01-01,2999-01-01,LEGIARTI000006433441,https://www.legifrance.gouv.fr/codes/article_lc/LEGIARTI000006433441
cc-887-1,cc_successions,Code civil,887-1,Livre III : Des différentes manières dont on acquiert la propriété > Titre Ier : Des successions > Chapitre VIII : Du partage. > Section 5 : Des actions en nullité du partage ou en complément de part > Paragraphe 1 : Des actions en nullité du partage,,"Le partage peut être également annulé si un des cohéritiers y a été omis. L'héritier omis peut toutefois demander de recevoir sa part, soit en nature, soit en valeur, sans annulation du partage. Pour déterminer cette part, les biens et droits sur lesquels a porté le partage déjà réalisé sont réévalués de la même manière que s'il s'agissait d'un nouveau partage.",VIGUEUR,2007-01-01,2999-01-01,LEGIARTI000006433465,https://www.legifrance.gouv.fr/codes/article_lc/LEGIARTI000006433465
cc-730-1,cc_successions,Code civil,730-1,Livre III : Des différentes manières dont on acquiert la propriété > Titre Ier : Des successions > Chapitre II : Des qualités requises pour succéder - De la preuve de la qualité d'héritier. > Section 2 : De la preuve de la qualité d'héritier.,,"La preuve de la qualité d'héritier peut résulter d'un acte de notoriété dressé par un notaire, à la demande d'un ou plusieurs ayants droit. L'acte de notoriété doit viser l'acte de décès de la personne dont la succession est ouverte et faire mention des pièces justificatives qui ont pu être produites, tels les actes de l'état civil et, éventuellement, les documents qui concernent l'existence de libéralités à cause de mort pouvant avoir une incidence sur la dévolution successorale. Il contient l'affirmation, signée du ou des ayants droit auteurs de la demande, qu'ils ont vocation, seuls ou avec d'autres qu'ils désignent, à recueillir tout ou partie de la succession du défunt. Toute personne dont les dires paraîtraient utiles peut être appelée à l'acte. Il est fait mention de l'existence de l'acte de notoriété en marge de l'acte de décès.",VIGUEUR,2007-12-22,2999-01-01,LEGIARTI000017841422,https://www.legifrance.gouv.fr/codes/article_lc/LEGIARTI000017841422
cc-862,cc_successions,Code civil,862,Livre III : Des différentes manières dont on acquiert la propriété > Titre Ier : Des successions > Chapitre VIII : Du partage. > Section 2 : Du rapport des libéralités.,,Le cohéritier qui fait le rapport en nature peut retenir la possession du bien donné jusqu'au remboursement effectif des sommes qui lui sont dues pour dépenses ou améliorations.,VIGUEUR,2009-05-14,2999-01-01,LEGIARTI000020616231,https://www.legifrance.gouv.fr/codes/article_lc/LEGIARTI000020616231
cc-861,cc_successions,Code civil,861,Livre III : Des différentes manières dont on acquiert la propriété > Titre Ier : Des successions > Chapitre VIII : Du partage. > Section 2 : Du rapport des libéralités.,,"Lorsque le rapport se fait en nature et que l'état des objets donnés a été amélioré par le fait du donataire, il doit lui en être tenu compte, eu égard à ce dont leur valeur se trouve augmentée au temps du partage ou de l'aliénation. Il doit être pareillement tenu compte au donataire des dépenses nécessaires qu'il a faites pour la conservation du bien, encore qu'elles ne l'aient point amélioré.",VIGUEUR,2009-05-14,2999-01-01,LEGIARTI000020616233,https://www.legifrance.gouv.fr/codes/article_lc/LEGIARTI000020616233
cc-815-13,cc_successions,Code civil,815-13,Livre III : Des différentes manières dont on acquiert la propriété > Titre Ier : Des successions > Chapitre VII : Du régime légal de l'indivision. > Section 2 : Des droits et des obligations des indivisaires.,,"Lorsqu'un indivisaire a amélioré à ses frais l'état d'un bien indivis, il doit lui en être tenu compte selon l'équité, eu égard à ce dont la valeur du bien se trouve augmentée au temps du partage ou de l'aliénation. Il doit lui être pareillement tenu compte des dépenses nécessaires qu'il a faites de ses deniers personnels pour la conservation desdits biens, encore qu'elles ne les aient point améliorés. Inversement, l'indivisaire répond des dégradations et détériorations qui ont diminué la valeur des biens indivis par son fait ou par sa faute.",VIGUEUR,2009-05-14,2999-01-01,LEGIARTI000020616235,https://www.legifrance.gouv.fr/codes/article_lc/LEGIARTI000020616235
cc-778,cc_successions,Code civil,778,Livre III : Des différentes manières dont on acquiert la propriété > Titre Ier : Des successions > Chapitre IV : De l'option de l'héritier > Section 1 : Dispositions générales.,,"Sans préjudice de dommages et intérêts, l'héritier qui a recelé des biens ou des droits d'une succession ou dissimulé l'existence d'un cohéritier est réputé accepter purement et simplement la succession, nonobstant toute renonciation ou acceptation à concurrence de l'actif net, sans pouvoir prétendre à aucune part dans les biens ou les droits détournés ou recelés. Les droits revenant à l'héritier dissimulé et qui ont ou auraient pu augmenter ceux de l'auteur de la dissimulation sont réputés avoir été recelés par ce dernier. Lorsque le recel a porté sur une donation rapportable ou réductible, l'héritier doit le rapport ou la réduction de cette donation sans pouvoir y prétendre à aucune part. L'héritier receleur est tenu de rendre tous les fruits et revenus produits par les biens recelés dont il a eu la jouissance depuis l'ouverture de la succession.",VIGUEUR,2009-05-14,2999-01-01,LEGIARTI000020616239,https://www.legifrance.gouv.fr/codes/article_lc/LEGIARTI000020616239
cc-812-2,cc_successions,Code civil,812-2,Livre III : Des différentes manières dont on acquiert la propriété > Titre Ier : Des successions > Chapitre VI : De l'administration de la succession par un mandataire. > Section 1 : Du mandat à effet posthume. > Paragraphe 2 : De la rémunération du mandataire.,,"Le mandat est gratuit s'il n'y a convention contraire. S'il est prévu une rémunération, celle-ci doit être expressément déterminée dans le mandat. Elle correspond à une part des fruits et revenus perçus par la succession et résultant de la gestion ou de l'administration du mandataire. En cas d'insuffisance ou d'absence de fruits et revenus, elle peut être complétée par un capital ou prendre la forme d'un capital.",VIGUEUR,2009-05-14,2999-01-01,LEGIARTI000020616247,https://www.legifrance.gouv.fr/codes/article_lc/LEGIARTI000020616247
cc-767,cc_successions,Code civil,767,Livre III : Des différentes manières dont on acquiert la propriété > Titre Ier : Des successions > Chapitre III : Des héritiers. > Section 2 : Des droits du conjoint successible. > Paragraphe 4 : Du droit à pension,,"La succession de l'époux prédécédé doit une pension au conjoint successible qui est dans le besoin. Le délai pour la réclamer est d'un an à partir du décès ou du moment où les héritiers cessent d'acquitter les prestations qu'ils fournissaient auparavant au conjoint. Le délai se prolonge, en cas d'indivision, jusqu'à l'achèvement du partage. La pension alimentaire est prélevée sur la succession. Elle est supportée par tous les héritiers et, en cas d'insuffisance, par tous les légataires particuliers, proportionnellement à leur émolument. Toutefois, si le défunt a expressément déclaré que tel legs sera acquitté de préférence aux autres, il sera fait application de l'article 927 .",VIGUEUR,2009-05-14,2999-01-01,LEGIARTI000020616249,https://www.legifrance.gouv.fr/codes/article_lc/LEGIARTI000020616249
cc-758,cc_successions,Code civil,758,"Livre III : Des différentes manières dont on acquiert la propriété > Titre Ier : Des successions > Chapitre III : Des héritiers. > Section 2 : Des droits du conjoint successible. > Paragraphe 1 : De la nature des droits, de leur montant et de leur exercice",,"Lorsque le conjoint survivant recueille la totalité ou les trois quarts des biens, les ascendants du défunt, autres que les père et mère, qui sont dans le besoin bénéficient d'une créance d'aliments contre la succession du prédécédé. Le délai pour la réclamer est d'un an à partir du décès ou du moment à partir duquel les héritiers cessent d'acquitter les prestations qu'ils fournissaient auparavant aux ascendants. Le délai se prolonge, en cas d'indivision, jusqu'à l'achèvement du partage. La pension est prélevée sur la succession. Elle est supportée par tous les héritiers et, en cas d'insuffisance, par tous les légataires particuliers, proportionnellement à leur émolument. Toutefois, si le défunt a expressément déclaré que tel legs sera acquitté de préférence aux autres, il sera fait application de l'article 927 .",VIGUEUR,2009-05-14,2999-01-01,LEGIARTI000020616252,https://www.legifrance.gouv.fr/codes/article_lc/LEGIARTI000020616252
cc-743,cc_successions,Code civil,743,Livre III : Des différentes manières dont on acquiert la propriété > Titre Ier : Des successions > Chapitre III : Des héritiers. > Section 1 : Des droits des parents en l'absence de conjoint successible. > Paragraphe 2 : Des degrés.,,"En ligne directe, on compte autant de degrés qu'il y a de générations entre les personnes : ainsi, l'enfant est, à l'égard du père et de la mère, au premier degré, le petit-fils ou la petite-fille au second ; et réciproquement du père et de la mère à l'égard de l'enfant et des aïeuls à l'égard du petit-fils ou de la petite-fille ; ainsi de suite. En ligne collatérale, les degrés se comptent par génération, depuis l'un des parents jusques et non compris l'auteur commun, et depuis celui-ci jusqu'à l'autre parent. Ainsi, les frères et sœurs sont au deuxième degré ; l'oncle ou la tante et le neveu ou la nièce sont au troisième degré ; les cousins germains et cousines germaines au quatrième ; ainsi de suite.",VIGUEUR,2009-05-14,2999-01-01,LEGIARTI000020616255,https://www.legifrance.gouv.fr/codes/article_lc/LEGIARTI000020616255
cc-815-7-1,cc_successions,Code civil,815-7-1,Livre III : Des différentes manières dont on acquiert la propriété > Titre Ier : Des successions > Chapitre VII : Du régime légal de l'indivision. > Section 1 : Des actes relatifs aux biens indivis. > Paragraphe 2 : Des actes autorisés en justice.,,"En Guadeloupe, en Guyane, en Martinique, à La Réunion et à Saint-Martin, lorsqu'un immeuble indivis à usage d'habitation ou à usage mixte d'habitation et professionnel est vacant ou n'a pas fait l'objet d'une occupation effective depuis plus de deux années civiles, un indivisaire peut être autorisé en justice, dans les conditions prévues aux articles 813-1 à 813-9 , à exécuter les travaux d'amélioration, de réhabilitation et de restauration de l'immeuble ainsi qu'à accomplir les actes d'administration et formalités de publicité, ayant pour seul objet de le donner à bail à titre d'habitation principale.",VIGUEUR,2009-05-29,2999-01-01,LEGIARTI000020675721,https://www.legifrance.gouv.fr/codes/article_lc/LEGIARTI000020675721
cc-832-2,cc_successions,Code civil,832-2,Livre III : Des différentes manières dont on acquiert la propriété > Titre Ier : Des successions > Chapitre VIII : Du partage. > Section 1 : Des opérations de partage. > Sous-section 1 : Dispositions communes. > Paragraphe 3 : Des attributions préférentielles.,,"Si une exploitation agricole constituant une unité économique et non exploitée sous forme sociale n'est pas maintenue dans l'indivision et n'a pas fait l'objet d'une attribution préférentielle dans les conditions prévues aux articles 831 , 832 ou 832-1 , le conjoint survivant ou tout héritier copropriétaire qui désire poursuivre l'exploitation à laquelle il participe ou a participé effectivement peut exiger, nonobstant toute demande de licitation, que le partage soit conclu sous la condition que ses copartageants lui consentent un bail à long terme dans les conditions fixées au chapitre VI du titre Ier du livre IV du code rural, sur les terres de l'exploitation qui leur échoient. Dans le cas de l'héritier, la condition de participation peut avoir été remplie par son conjoint ou ses descendants. Sauf accord amiable entre les parties, celui qui demande à bénéficier de ces dispositions reçoit par priorité dans sa part les bâtiments d'exploitation et d'habitation. Les dispositions qui précèdent sont applicables à une partie de l'exploitation agricole pouvant constituer une unité économique. Cette unité économique peut être formée, pour une part, de biens dont le conjoint survivant ou l'héritier était déjà propriétaire ou copropriétaire avant le décès. Il est tenu compte, s'il y a lieu, de la dépréciation due à l'existence du bail dans l'évaluation des terres incluses dans les différents lots. Les articles L. 412-14 et L. 412-15 du code rural et de la pêche maritime déterminent les règles spécifiques au bail mentionné au premier alinéa du présent article. Si, en raison de l'inaptitude manifeste du ou des demandeurs à gérer tout ou partie de l'exploitation, les intérêts des cohéritiers risquent d'être compromis, le tribunal peut décider qu'il n'y a pas lieu d'appliquer les trois premiers alinéas du présent article.",VIGUEUR,2010-05-08,2999-01-01,LEGIARTI000022233256,https://www.legifrance.gouv.fr/codes/article_lc/LEGIARTI000022233256
cc-832-1,cc_successions,Code civil,832-1,Livre III : Des différentes manières dont on acquiert la propriété > Titre Ier : Des successions > Chapitre VIII : Du partage. > Section 1 : Des opérations de partage. > Sous-section 1 : Dispositions communes. > Paragraphe 3 : Des attributions préférentielles.,,"Si le maintien dans l'indivision n'a pas été ordonné et à défaut d'attribution préférentielle en propriété dans les conditions prévues à l'article 831 ou à l'article 832 , le conjoint survivant ou tout héritier copropriétaire peut demander l'attribution préférentielle de tout ou partie des biens et droits immobiliers à destination agricole dépendant de la succession en vue de constituer avec un ou plusieurs cohéritiers et, le cas échéant, un ou plusieurs tiers, un groupement foncier agricole. Cette attribution est de droit si le conjoint survivant ou un ou plusieurs des cohéritiers remplissant les conditions personnelles prévues à l'article 831, ou leurs descendants participant effectivement à l'exploitation, exigent que leur soit donné à bail, dans les conditions fixées au chapitre VI du titre Ier du livre IV du code rural et de la pêche maritime, tout ou partie des biens du groupement. En cas de pluralité de demandes, les biens du groupement peuvent, si leur consistance le permet, faire l'objet de plusieurs baux bénéficiant à des cohéritiers différents. Si les clauses et conditions de ce bail ou de ces baux n'ont pas fait l'objet d'un accord, elles sont fixées par le tribunal. Les biens et droits immobiliers que les demandeurs n'envisagent pas d'apporter au groupement foncier agricole, ainsi que les autres biens de la succession, sont attribués par priorité, dans les limites de leurs droits successoraux respectifs, aux indivisaires qui n'ont pas consenti à la formation du groupement. Si ces indivisaires ne sont pas remplis de leurs droits par l'attribution ainsi faite, une soulte doit leur être versée. Sauf accord amiable entre les copartageants, la soulte éventuellement due est payable dans l'année suivant le partage. Elle peut faire l'objet d'une dation en paiement sous la forme de parts du groupement foncier agricole, à moins que les intéressés, dans le mois suivant la proposition qui leur en est faite, n'aient fait connaître leur opposition à ce mode de règlement. Le partage n'est parfait qu'après la signature de l'acte constitutif du groupement foncier agricole et, s'il y a lieu, du ou des baux à long terme.",VIGUEUR,2010-05-08,2999-01-01,LEGIARTI000022233271,https://www.legifrance.gouv.fr/codes/article_lc/LEGIARTI000022233271
cc-831-1,cc_successions,Code civil,831-1,Livre III : Des différentes manières dont on acquiert la propriété > Titre Ier : Des successions > Chapitre VIII : Du partage. > Section 1 : Des opérations de partage. > Sous-section 1 : Dispositions communes. > Paragraphe 3 : Des attributions préférentielles.,,"Au cas où ni le conjoint survivant, ni aucun héritier copropriétaire ne demande l'application des dispositions prévues à l'article 831 ou de celles des articles 832 ou 832-1 , l'attribution préférentielle prévue en matière agricole peut être accordée à tout copartageant sous la condition qu'il s'oblige à donner à bail dans un délai de six mois le bien considéré dans les conditions fixées au chapitre VI du titre Ier du livre IV du code rural et de la pêche maritime à un ou plusieurs des cohéritiers remplissant les conditions personnelles prévues à l'article 831 ou à un ou plusieurs descendants de ces cohéritiers remplissant ces mêmes conditions.",VIGUEUR,2010-05-08,2999-01-01,LEGIARTI000022233280,https://www.legifrance.gouv.fr/codes/article_lc/LEGIARTI000022233280
cc-745,cc_successions,Code civil,745,Livre III : Des différentes manières dont on acquiert la propriété > Titre Ier : Des successions > Chapitre III : Des héritiers. > Section 1 : Des droits des parents en l'absence de conjoint successible. > Paragraphe 2 : Des degrés.,,Les parents collatéraux relevant de l'ordre d'héritiers mentionné au 4° de l'article 734 ne succèdent pas au-delà du sixième degré.,VIGUEUR,2015-02-18,2999-01-01,LEGIARTI000030254031,https://www.legifrance.gouv.fr/codes/article_lc/LEGIARTI000030254031
cc-784,cc_successions,Code civil,784,Livre III : Des différentes manières dont on acquiert la propriété > Titre Ier : Des successions > Chapitre IV : De l'option de l'héritier > Section 2 : De l'acceptation pure et simple de la succession.,,"Les actes purement conservatoires ou de surveillance et les actes d'administration provisoire peuvent être accomplis sans emporter acceptation de la succession, si le successible n'y a pas pris le titre ou la qualité d'héritier. Tout autre acte que requiert l'intérêt de la succession et que le successible veut accomplir sans prendre le titre ou la qualité d'héritier doit être autorisé par le juge. Sont réputés purement conservatoires : 1° Le paiement des frais funéraires et de dernière maladie, des impôts dus par le défunt, des loyers et autres dettes successorales dont le règlement est urgent ; 2° Le recouvrement des fruits et revenus des biens successoraux ou la vente des biens périssables, à charge de justifier que les fonds ont été employés à éteindre les dettes visées au 1° ou ont été déposés chez un notaire ou consignés ; 3° L'acte destiné à éviter l'aggravation du passif successoral ; 4° Les actes liés à la rupture du contrat de travail du salarié du particulier employeur décédé, le paiement des salaires et indemnités dus au salarié ainsi que la remise des documents de fin de contrat. Sont réputés être des actes d'administration provisoire les opérations courantes nécessaires à la continuation à court terme de l'activité de l'entreprise dépendant de la succession. Sont également réputés pouvoir être accomplis sans emporter acceptation tacite de la succession le renouvellement, en tant que bailleur ou preneur à bail, des baux qui, à défaut, donneraient lieu au paiement d'une indemnité, ainsi que la mise en oeuvre de décisions d'administration ou de disposition engagées par le défunt et nécessaires au bon fonctionnement de l'entreprise.",VIGUEUR,2015-02-18,2999-01-01,LEGIARTI000030254044,https://www.legifrance.gouv.fr/codes/article_lc/LEGIARTI000030254044
cc-831-3,cc_successions,Code civil,831-3,Livre III : Des différentes manières dont on acquiert la propriété > Titre Ier : Des successions > Chapitre VIII : Du partage. > Section 1 : Des opérations de partage. > Sous-section 1 : Dispositions communes. > Paragraphe 3 : Des attributions préférentielles.,,L'attribution préférentielle visée au 1° de l'article 831-2 est de droit pour le conjoint survivant. Les droits résultant de l'attribution préférentielle ne préjudicient pas aux droits viagers d'habitation et d'usage que le conjoint peut exercer en vertu de l'article 764 .,VIGUEUR,2015-02-18,2999-01-01,LEGIARTI000030254050,https://www.legifrance.gouv.fr/codes/article_lc/LEGIARTI000030254050
cc-831-2,cc_successions,Code civil,831-2,Livre III : Des différentes manières dont on acquiert la propriété > Titre Ier : Des successions > Chapitre VIII : Du partage. > Section 1 : Des opérations de partage. > Sous-section 1 : Dispositions communes. > Paragraphe 3 : Des attributions préférentielles.,,"Le conjoint survivant ou tout héritier copropriétaire peut également demander l'attribution préférentielle : 1° De la propriété ou du droit au bail du local qui lui sert effectivement d'habitation, s'il y avait sa résidence à l'époque du décès, et du mobilier le garnissant, ainsi que du véhicule du défunt dès lors que ce véhicule lui est nécessaire pour les besoins de la vie courante ; 2° De la propriété ou du droit au bail du local à usage professionnel servant effectivement à l'exercice de sa profession et des objets mobiliers nécessaires à l'exercice de sa profession ; 3° De l'ensemble des éléments mobiliers nécessaires à l'exploitation d'un bien rural cultivé par le défunt à titre de fermier ou de métayer lorsque le bail continue au profit du demandeur ou lorsqu'un nouveau bail est consenti à ce dernier.",VIGUEUR,2015-02-18,2999-01-01,LEGIARTI000030254060,https://www.legifrance.gouv.fr/codes/article_lc/LEGIARTI000030254060
cc-794,cc_successions,Code civil,794,Livre III : Des différentes manières dont on acquiert la propriété > Titre Ier : Des successions > Chapitre IV : De l'option de l'héritier > Section 3 : De l'acceptation de la succession à concurrence de l'actif net. > Paragraphe 2 : Des effets de l'acceptation de la succession à concurrence de l'actif net.,,"La déclaration de l'aliénation ou de la conservation d'un ou de plusieurs biens est faite dans les quinze jours au tribunal qui en assure la publicité. Sans préjudice des droits réservés aux créanciers munis de sûretés, tout créancier successoral peut contester devant le juge, dans un délai de trois mois après la publicité mentionnée au premier alinéa, la valeur du bien conservé ou, lorsque la vente a été faite à l'amiable, le prix de l'aliénation en prouvant que la valeur du bien est supérieure. Lorsque la demande du créancier est accueillie, l'héritier est tenu du complément sur ses biens personnels, sauf à restituer à la succession le bien conservé et sans préjudice de l'action prévue à l'article 1341-2 .",VIGUEUR,2016-10-01,2999-01-01,LEGIARTI000032042634,https://www.legifrance.gouv.fr/codes/article_lc/LEGIARTI000032042634
cc-804,cc_successions,Code civil,804,Livre III : Des différentes manières dont on acquiert la propriété > Titre Ier : Des successions > Chapitre IV : De l'option de l'héritier > Section 4 : De la renonciation à la succession.,,"La renonciation à une succession ne se présume pas. Pour être opposable aux tiers, la renonciation opérée par l'héritier universel ou à titre universel doit être adressée ou déposée au tribunal dans le ressort duquel la succession s'est ouverte ou faite devant notaire. Dans le mois suivant la renonciation, le notaire qui l'a reçue en adresse copie au tribunal dans le ressort duquel la succession s'est ouverte.",VIGUEUR,2017-11-01,2999-01-01,LEGIARTI000033460712,https://www.legifrance.gouv.fr/codes/article_lc/LEGIARTI000033460712
cc-809-1,cc_successions,Code civil,809-1,Livre III : Des différentes manières dont on acquiert la propriété > Titre Ier : Des successions > Chapitre V : Des successions vacantes et des successions en déshérence > Section 1 : Des successions vacantes. > Paragraphe 1 : De l'ouverture de la vacance.,,"Le juge, saisi sur requête de tout créancier, de toute personne qui assurait, pour le compte de la personne décédée, l'administration de tout ou partie de son patrimoine, d'un notaire, de toute autre personne intéressée ou du ministère public, confie la curatelle de la succession vacante, dont le régime est défini à la présente section, à l'autorité administrative chargée du domaine. L'ordonnance de curatelle fait l'objet d'une publicité.",VIGUEUR,2016-11-20,2999-01-01,LEGIARTI000033460717,https://www.legifrance.gouv.fr/codes/article_lc/LEGIARTI000033460717
cc-836,cc_successions,Code civil,836,Livre III : Des différentes manières dont on acquiert la propriété > Titre Ier : Des successions > Chapitre VIII : Du partage. > Section 1 : Des opérations de partage. > Sous-section 2 : Du partage amiable.,,"Si un indivisaire est présumé absent ou, par suite d'éloignement, se trouve hors d'état de manifester sa volonté, un partage amiable peut intervenir dans les conditions prévues à l'article 116 . De même, si un indivisaire fait l'objet d'un régime de protection, un partage amiable peut intervenir dans les conditions prévues aux titres X, XI et XII du livre Ier.",VIGUEUR,2019-03-25,2999-01-01,LEGIARTI000038310418,https://www.legifrance.gouv.fr/codes/article_lc/LEGIARTI000038310418
cc-727-1,cc_successions,Code civil,727-1,Livre III : Des différentes manières dont on acquiert la propriété > Titre Ier : Des successions > Chapitre II : Des qualités requises pour succéder - De la preuve de la qualité d'héritier. > Section 1 : Des qualités requises pour succéder.,,"La déclaration d'indignité prévue à l'article 727 est prononcée après l'ouverture de la succession par le tribunal judiciaire à la demande d'un autre héritier. La demande doit être formée dans les six mois du décès si la décision de condamnation ou de déclaration de culpabilité est antérieure au décès, ou dans les six mois de cette décision si elle est postérieure au décès. En l'absence d'héritier, la demande peut être formée par le ministère public.",VIGUEUR,2020-01-01,2999-01-01,LEGIARTI000039367188,https://www.legifrance.gouv.fr/codes/article_lc/LEGIARTI000039367188
cc-815-11,cc_successions,Code civil,815-11,Livre III : Des différentes manières dont on acquiert la propriété > Titre Ier : Des successions > Chapitre VII : Du régime légal de l'indivision. > Section 2 : Des droits et des obligations des indivisaires.,,"Tout indivisaire peut demander sa part annuelle dans les bénéfices, déduction faite des dépenses entraînées par les actes auxquels il a consenti ou qui lui sont opposables. A défaut d'autre titre, l'étendue des droits de chacun dans l'indivision résulte de l'acte de notoriété ou de l'intitulé d'inventaire établi par le notaire. En cas de contestation, le président du tribunal judiciaire peut ordonner une répartition provisionnelle des bénéfices sous réserve d'un compte à établir lors de la liquidation définitive. A concurrence des fonds disponibles, il peut semblablement ordonner une avance en capital sur les droits de l'indivisaire dans le partage à intervenir.",VIGUEUR,2020-01-01,2999-01-01,LEGIARTI000039367245,https://www.legifrance.gouv.fr/codes/article_lc/LEGIARTI000039367245
cc-815-5-1,cc_successions,Code civil,815-5-1,Livre III : Des différentes manières dont on acquiert la propriété > Titre Ier : Des successions > Chapitre VII : Du régime légal de l'indivision. > Section 1 : Des actes relatifs aux biens indivis. > Paragraphe 2 : Des actes autorisés en justice.,,"Sauf en cas de démembrement de la propriété du bien ou si l'un des indivisaires se trouve dans l'un des cas prévus à l'article 836 , l'aliénation d'un bien indivis peut être autorisée par le tribunal judiciaire, à la demande de l'un ou des indivisaires titulaires d'au moins deux tiers des droits indivis, suivant les conditions et modalités définies aux alinéas suivants. Le ou les indivisaires titulaires d'au moins deux tiers des droits indivis expriment devant un notaire, à cette majorité, leur intention de procéder à l'aliénation du bien indivis. Dans le délai d'un mois suivant son recueil, le notaire fait signifier cette intention aux autres indivisaires. Si l'un ou plusieurs des indivisaires s'opposent à l'aliénation du bien indivis ou ne se manifestent pas dans un délai de trois mois à compter de la signification, le notaire le constate par procès-verbal. Dans ce cas, le tribunal judiciaire peut autoriser l'aliénation du bien indivis si celle-ci ne porte pas une atteinte excessive aux droits des autres indivisaires. Cette aliénation s'effectue par licitation. Les sommes qui en sont retirées ne peuvent faire l'objet d'un remploi sauf pour payer les dettes et charges de l'indivision. L'aliénation effectuée dans les conditions fixées par l'autorisation du tribunal judiciaire est opposable à l'indivisaire dont le consentement a fait défaut, sauf si l'intention d'aliéner le bien du ou des indivisaires titulaires d'au moins deux tiers des droits indivis ne lui avait pas été signifiée selon les modalités prévues au troisième alinéa.",VIGUEUR,2020-01-01,2999-01-01,LEGIARTI000039367468,https://www.legifrance.gouv.fr/codes/article_lc/LEGIARTI000039367468
cc-788,cc_successions,Code civil,788,Livre III : Des différentes manières dont on acquiert la propriété > Titre Ier : Des successions > Chapitre IV : De l'option de l'héritier > Section 3 : De l'acceptation de la succession à concurrence de l'actif net. > Paragraphe 1 : Des modalités de l'acceptation de la succession à concurrence de l'actif net.,,"La déclaration doit être faite au greffe du tribunal judiciaire dans le ressort duquel la succession est ouverte ou devant notaire. Elle comporte élection d'un domicile unique, qui peut être le domicile de l'un des acceptants à concurrence de l'actif net, ou celui de la personne chargée du règlement de la succession. Le domicile doit être situé en France. La déclaration est enregistrée et fait l'objet d'une publicité nationale, qui peut être faite par voie électronique.",VIGUEUR,2020-01-01,2999-01-01,LEGIARTI000039368537,https://www.legifrance.gouv.fr/codes/article_lc/LEGIARTI000039368537
cc-727,cc_successions,Code civil,727,Livre III : Des différentes manières dont on acquiert la propriété > Titre Ier : Des successions > Chapitre II : Des qualités requises pour succéder - De la preuve de la qualité d'héritier. > Section 1 : Des qualités requises pour succéder.,,"Peuvent être déclarés indignes de succéder : 1° Celui qui est condamné, comme auteur ou complice, à une peine correctionnelle pour avoir volontairement donné ou tenté de donner la mort au défunt ; 2° Celui qui est condamné, comme auteur ou complice, à une peine correctionnelle pour avoir volontairement commis des violences ayant entraîné la mort du défunt sans intention de la donner ; 2° bis Celui qui est condamné, comme auteur ou complice, à une peine criminelle ou correctionnelle pour avoir commis des tortures et actes de barbarie, des violences volontaires, un viol ou une agression sexuelle envers le défunt ; 3° Celui qui est condamné pour témoignage mensonger porté contre le défunt dans une procédure criminelle ; 4° Celui qui est condamné pour s'être volontairement abstenu d'empêcher soit un crime soit un délit contre l'intégrité corporelle du défunt d'où il est résulté la mort, alors qu'il pouvait le faire sans risque pour lui ou pour les tiers ; 5° Celui qui est condamné pour dénonciation calomnieuse contre le défunt lorsque, pour les faits dénoncés, une peine criminelle était encourue. Peuvent également être déclarés indignes de succéder ceux qui ont commis les actes mentionnés aux 1° et 2° et à l'égard desquels, en raison de leur décès, l'action publique n'a pas pu être exercée ou s'est éteinte.",VIGUEUR,2020-08-01,2999-01-01,LEGIARTI000042193484,https://www.legifrance.gouv.fr/codes/article_lc/LEGIARTI000042193484
cc-878,cc_successions,Code civil,878,Livre III : Des différentes manières dont on acquiert la propriété > Titre Ier : Des successions > Chapitre VIII : Du partage. > Section 3 : Du paiement des dettes > Paragraphe 2 : Des autres dettes,,"Les créanciers du défunt et les légataires de sommes d'argent peuvent demander à être préférés sur l'actif successoral à tout créancier personnel de l'héritier. Réciproquement, les créanciers personnels de l'héritier peuvent demander à être préférés à tout créancier du défunt sur les biens de l'héritier non recueillis au titre de la succession. Le droit de préférence donne lieu à hypothèque légale spéciale prévue au 5° de l'article 2402 et il est sujet à inscription conformément à l'article 2418 .",VIGUEUR,2022-01-01,2999-01-01,LEGIARTI000044073163,https://www.legifrance.gouv.fr/codes/article_lc/LEGIARTI000044073163
cc-810-11,cc_successions,Code civil,810-11,Livre III : Des différentes manières dont on acquiert la propriété > Titre Ier : Des successions > Chapitre V : Des successions vacantes et des successions en déshérence > Section 1 : Des successions vacantes. > Paragraphe 3 : De la reddition des comptes et de la fin de la curatelle.,,"Les frais d'administration, de gestion et de vente donnent lieu au privilège du 1° des articles 2331 et 2377 .",VIGUEUR,2022-01-01,2999-01-01,LEGIARTI000044073168,https://www.legifrance.gouv.fr/codes/article_lc/LEGIARTI000044073168
cc-810-2,cc_successions,Code civil,810-2,Livre III : Des différentes manières dont on acquiert la propriété > Titre Ier : Des successions > Chapitre V : Des successions vacantes et des successions en déshérence > Section 1 : Des successions vacantes. > Paragraphe 2 : Des pouvoirs du curateur.,,"A l'issue du délai mentionné à l'article 810-1, le curateur exerce l'ensemble des actes conservatoires et d'administration. Il procède ou fait procéder à la vente des biens meubles ou immeubles jusqu'à l'apurement du passif. Il procède ou fait procéder à la vente des biens dont la conservation est difficile ou onéreuse, alors même que leur réalisation n'est pas nécessaire à l'acquittement du passif. Pour l'application du présent article, le curateur peut donner mandat aux fins de signature de l'acte de vente.",VIGUEUR,2026-04-09,2999-01-01,LEGIARTI000053775739,https://www.legifrance.gouv.fr/codes/article_lc/LEGIARTI000053775739
cc-810-3,cc_successions,Code civil,810-3,Livre III : Des différentes manières dont on acquiert la propriété > Titre Ier : Des successions > Chapitre V : Des successions vacantes et des successions en déshérence > Section 1 : Des successions vacantes. > Paragraphe 2 : Des pouvoirs du curateur.,,"La vente a lieu soit par commissaire de justice ou notaire selon les lois et règlements applicables à ces professions, soit par le tribunal, soit dans les formes prévues par le code général de la propriété des personnes publiques pour l'aliénation, à titre onéreux, du domaine immobilier ou du domaine mobilier appartenant à l'Etat. Elle donne lieu à publicité. Lorsqu'il est envisagé une vente amiable, tout créancier peut exiger que la vente soit faite par adjudication. Si la vente par adjudication a lieu pour un prix inférieur au prix convenu dans le projet de vente amiable, le créancier qui a demandé l'adjudication est tenu, à l'égard des autres créanciers, de la perte qu'ils ont subie.",VIGUEUR,2026-04-09,2999-01-01,LEGIARTI000053775748,https://www.legifrance.gouv.fr/codes/article_lc/LEGIARTI000053775748
cc-815-6,cc_successions,Code civil,815-6,Livre III : Des différentes manières dont on acquiert la propriété > Titre Ier : Des successions > Chapitre VII : Du régime légal de l'indivision. > Section 1 : Des actes relatifs aux biens indivis. > Paragraphe 2 : Des actes autorisés en justice.,,"Le président du tribunal judiciaire peut prescrire ou autoriser toutes les mesures urgentes que requiert l'intérêt commun. Il peut, notamment, autoriser un indivisaire à percevoir des débiteurs de l'indivision ou des dépositaires de fonds indivis une provision destinée à faire face aux besoins urgents, en prescrivant, au besoin, les conditions de l'emploi. Cette autorisation n'entraîne pas prise de qualité pour le conjoint survivant ou pour l'héritier. Il peut également soit désigner un indivisaire comme administrateur en l'obligeant s'il y a lieu à donner caution, soit nommer un séquestre. Les articles 1873-5 à 1873-9 du présent code s'appliquent en tant que de raison aux pouvoirs et aux obligations de l'administrateur, s'ils ne sont autrement définis par le juge. Il peut également autoriser un indivisaire à conclure seul un acte de vente d'un bien indivis.",VIGUEUR,2026-04-09,2999-01-01,LEGIARTI000053775753,https://www.legifrance.gouv.fr/codes/article_lc/LEGIARTI000053775753
cc-840,cc_successions,Code civil,840,Livre III : Des différentes manières dont on acquiert la propriété > Titre Ier : Des successions > Chapitre VIII : Du partage. > Section 1 : Des opérations de partage. > Sous-section 3 : Du partage judiciaire.,,"La présente sous-section est applicable aux demandes tendant à la liquidation, au partage et au règlement des indivisions ou des intérêts patrimoniaux des époux, des personnes liées par un pacte civil de solidarité et des concubins. Ces demandes sont faites en justice : 1° S'agissant du partage, lorsque l'un des indivisaires refuse de consentir au partage amiable, s'il s'élève des contestations sur la manière d'y procéder ou de le terminer ou lorsque le partage amiable n'a pas été autorisé ou approuvé dans l'un des cas mentionnés aux articles 836 et 837 ; 2° S'agissant des autres demandes, lorsque la complexité des opérations de liquidation le requiert malgré l'absence d'indivision entre les parties ou lorsque, en cours d'instance, il apparaît qu'il n'existe pas ou plus d'indivision entre les parties.",VIGUEUR,2026-04-09,2999-01-01,LEGIARTI000053775765,https://www.legifrance.gouv.fr/codes/article_lc/LEGIARTI000053775765
cc-841,cc_successions,Code civil,841,Livre III : Des différentes manières dont on acquiert la propriété > Titre Ier : Des successions > Chapitre VIII : Du partage. > Section 1 : Des opérations de partage. > Sous-section 3 : Du partage judiciaire.,,"Le tribunal du lieu d'ouverture de la succession est exclusivement compétent pour connaître de l'action en partage et des contestations qui s'élèvent soit à l'occasion du maintien de l'indivision soit au cours des opérations de partage. Il ordonne les licitations et statue sur les demandes relatives à la garantie des lots entre les copartageants et sur celles en nullité de partage ou en complément de part. Toutefois, le juge commis aux opérations de partage est également compétent pour connaître des contestations qui s'élèvent au cours de celles-ci et pour ordonner les licitations, dans des conditions définies par décret en Conseil d'Etat.",VIGUEUR,2026-04-09,2999-01-01,LEGIARTI000053775775,https://www.legifrance.gouv.fr/codes/article_lc/LEGIARTI000053775775
cc-578,cc_usufruit,Code civil,578,"Livre II : Des biens et des différentes modifications de la propriété > Titre III : De l'usufruit, de l'usage et de l'habitation > Chapitre Ier : De l'usufruit",,"L'usufruit est le droit de jouir des choses dont un autre a la propriété, comme le propriétaire lui-même, mais à la charge d'en conserver la substance.",VIGUEUR,1804-03-21,2999-01-01,LEGIARTI000006429233,https://www.legifrance.gouv.fr/codes/article_lc/LEGIARTI000006429233
cc-579,cc_usufruit,Code civil,579,"Livre II : Des biens et des différentes modifications de la propriété > Titre III : De l'usufruit, de l'usage et de l'habitation > Chapitre Ier : De l'usufruit",,"L'usufruit est établi par la loi, ou par la volonté de l'homme.",VIGUEUR,1804-03-21,2999-01-01,LEGIARTI000006429243,https://www.legifrance.gouv.fr/codes/article_lc/LEGIARTI000006429243
cc-580,cc_usufruit,Code civil,580,"Livre II : Des biens et des différentes modifications de la propriété > Titre III : De l'usufruit, de l'usage et de l'habitation > Chapitre Ier : De l'usufruit",,"L'usufruit peut être établi, ou purement, ou à certain jour, ou à condition.",VIGUEUR,1804-03-21,2999-01-01,LEGIARTI000006429253,https://www.legifrance.gouv.fr/codes/article_lc/LEGIARTI000006429253
cc-581,cc_usufruit,Code civil,581,"Livre II : Des biens et des différentes modifications de la propriété > Titre III : De l'usufruit, de l'usage et de l'habitation > Chapitre Ier : De l'usufruit",,Il peut être établi sur toute espèce de biens meubles ou immeubles.,VIGUEUR,1804-03-21,2999-01-01,LEGIARTI000006429262,https://www.legifrance.gouv.fr/codes/article_lc/LEGIARTI000006429262
cc-582,cc_usufruit,Code civil,582,"Livre II : Des biens et des différentes modifications de la propriété > Titre III : De l'usufruit, de l'usage et de l'habitation > Chapitre Ier : De l'usufruit > Section 1 : Des droits de l'usufruitier",,"L'usufruitier a le droit de jouir de toute espèce de fruits, soit naturels, soit industriels, soit civils, que peut produire l'objet dont il a l'usufruit.",VIGUEUR,1804-03-21,2999-01-01,LEGIARTI000006429279,https://www.legifrance.gouv.fr/codes/article_lc/LEGIARTI000006429279
cc-583,cc_usufruit,Code civil,583,"Livre II : Des biens et des différentes modifications de la propriété > Titre III : De l'usufruit, de l'usage et de l'habitation > Chapitre Ier : De l'usufruit > Section 1 : Des droits de l'usufruitier",,Les fruits naturels sont ceux qui sont le produit spontané de la terre. Le produit et le croît des animaux sont aussi des fruits naturels. Les fruits industriels d'un fonds sont ceux qu'on obtient par la culture.,VIGUEUR,1804-03-21,2999-01-01,LEGIARTI000006429288,https://www.legifrance.gouv.fr/codes/article_lc/LEGIARTI000006429288
cc-584,cc_usufruit,Code civil,584,"Livre II : Des biens et des différentes modifications de la propriété > Titre III : De l'usufruit, de l'usage et de l'habitation > Chapitre Ier : De l'usufruit > Section 1 : Des droits de l'usufruitier",,"Les fruits civils sont les loyers des maisons, les intérêts des sommes exigibles, les arrérages des rentes. Les prix des baux à ferme sont aussi rangés dans la classe des fruits civils.",VIGUEUR,1804-03-21,2999-01-01,LEGIARTI000006429297,https://www.legifrance.gouv.fr/codes/article_lc/LEGIARTI000006429297
cc-586,cc_usufruit,Code civil,586,"Livre II : Des biens et des différentes modifications de la propriété > Titre III : De l'usufruit, de l'usage et de l'habitation > Chapitre Ier : De l'usufruit > Section 1 : Des droits de l'usufruitier",,Les fruits civils sont réputés s'acquérir jour par jour et appartiennent à l'usufruitier à proportion de la durée de son usufruit. Cette règle s'applique aux prix des baux à ferme comme aux loyers des maisons et autres fruits civils.,VIGUEUR,1804-03-21,2999-01-01,LEGIARTI000006429314,https://www.legifrance.gouv.fr/codes/article_lc/LEGIARTI000006429314
cc-587,cc_usufruit,Code civil,587,"Livre II : Des biens et des différentes modifications de la propriété > Titre III : De l'usufruit, de l'usage et de l'habitation > Chapitre Ier : De l'usufruit > Section 1 : Des droits de l'usufruitier",,"Si l'usufruit comprend des choses dont on ne peut faire usage sans les consommer, comme l'argent, les grains, les liqueurs, l'usufruitier a le droit de s'en servir, mais à la charge de rendre, à la fin de l'usufruit, soit des choses de même quantité et qualité soit leur valeur estimée à la date de la restitution.",VIGUEUR,1960-05-18,2999-01-01,LEGIARTI000006429324,https://www.legifrance.gouv.fr/codes/article_lc/LEGIARTI000006429324
cc-588,cc_usufruit,Code civil,588,"Livre II : Des biens et des différentes modifications de la propriété > Titre III : De l'usufruit, de l'usage et de l'habitation > Chapitre Ier : De l'usufruit > Section 1 : Des droits de l'usufruitier",,"L'usufruit d'une rente viagère donne aussi à l'usufruitier, pendant la durée de son usufruit, le droit d'en percevoir les arrérages, sans être tenu à aucune restitution.",VIGUEUR,1804-03-21,2999-01-01,LEGIARTI000006429332,https://www.legifrance.gouv.fr/codes/article_lc/LEGIARTI000006429332
cc-589,cc_usufruit,Code civil,589,"Livre II : Des biens et des différentes modifications de la propriété > Titre III : De l'usufruit, de l'usage et de l'habitation > Chapitre Ier : De l'usufruit > Section 1 : Des droits de l'usufruitier",,"Si l'usufruit comprend des choses qui, sans se consommer de suite, se détériorent peu à peu par l'usage, comme du linge, des meubles meublants, l'usufruitier a le droit de s'en servir pour l'usage auquel elles sont destinées, et n'est obligé de les rendre à la fin de l'usufruit que dans l'état où elles se trouvent, non détériorées par son dol ou par sa faute.",VIGUEUR,1804-03-21,2999-01-01,LEGIARTI000006429342,https://www.legifrance.gouv.fr/codes/article_lc/LEGIARTI000006429342
cc-590,cc_usufruit,Code civil,590,"Livre II : Des biens et des différentes modifications de la propriété > Titre III : De l'usufruit, de l'usage et de l'habitation > Chapitre Ier : De l'usufruit > Section 1 : Des droits de l'usufruitier",,"Si l'usufruit comprend des bois taillis, l'usufruitier est tenu d'observer l'ordre et la quotité des coupes, conformément à l'aménagement ou à l'usage constant des propriétaires ; sans indemnité toutefois en faveur de l'usufruitier ou de ses héritiers, pour les coupes ordinaires, soit de taillis, soit de baliveaux, soit de futaie, qu'il n'aurait pas faites pendant sa jouissance. Les arbres qu'on peut tirer d'une pépinière sans la dégrader ne font aussi partie de l'usufruit qu'à la charge par l'usufruitier de se conformer aux usages des lieux pour le remplacement.",VIGUEUR,1804-03-21,2999-01-01,LEGIARTI000006429348,https://www.legifrance.gouv.fr/codes/article_lc/LEGIARTI000006429348
cc-591,cc_usufruit,Code civil,591,"Livre II : Des biens et des différentes modifications de la propriété > Titre III : De l'usufruit, de l'usage et de l'habitation > Chapitre Ier : De l'usufruit > Section 1 : Des droits de l'usufruitier",,"L'usufruitier profite encore, toujours en se conformant aux époques et à l'usage des anciens propriétaires, des parties de bois de haute futaie qui ont été mises en coupes réglées, soit que ces coupes se fassent périodiquement sur une certaine étendue de terrain, soit qu'elles se fassent d'une certaine quantité d'arbres pris indistinctement sur toute la surface du domaine.",VIGUEUR,1804-03-21,2999-01-01,LEGIARTI000006429357,https://www.legifrance.gouv.fr/codes/article_lc/LEGIARTI000006429357
cc-592,cc_usufruit,Code civil,592,"Livre II : Des biens et des différentes modifications de la propriété > Titre III : De l'usufruit, de l'usage et de l'habitation > Chapitre Ier : De l'usufruit > Section 1 : Des droits de l'usufruitier",,"Dans tous les autres cas, l'usufruitier ne peut toucher aux arbres de haute futaie : il peut seulement employer, pour faire les réparations dont il est tenu, les arbres arrachés ou brisés par accident ; il peut même, pour cet objet, en faire abattre s'il est nécessaire, mais à la charge d'en faire constater la nécessité avec le propriétaire.",VIGUEUR,1804-03-21,2999-01-01,LEGIARTI000006429367,https://www.legifrance.gouv.fr/codes/article_lc/LEGIARTI000006429367
cc-593,cc_usufruit,Code civil,593,"Livre II : Des biens et des différentes modifications de la propriété > Titre III : De l'usufruit, de l'usage et de l'habitation > Chapitre Ier : De l'usufruit > Section 1 : Des droits de l'usufruitier",,"Il peut prendre, dans les bois, des échalas pour les vignes ; il peut aussi prendre, sur les arbres, des produits annuels ou périodiques ; le tout suivant l'usage du pays ou la coutume des propriétaires.",VIGUEUR,1804-03-21,2999-01-01,LEGIARTI000006429376,https://www.legifrance.gouv.fr/codes/article_lc/LEGIARTI000006429376
cc-594,cc_usufruit,Code civil,594,"Livre II : Des biens et des différentes modifications de la propriété > Titre III : De l'usufruit, de l'usage et de l'habitation > Chapitre Ier : De l'usufruit > Section 1 : Des droits de l'usufruitier",,"Les arbres fruitiers qui meurent, ceux mêmes qui sont arrachés ou brisés par accident, appartiennent à l'usufruitier, à la charge de les remplacer par d'autres.",VIGUEUR,1804-03-21,2999-01-01,LEGIARTI000006429386,https://www.legifrance.gouv.fr/codes/article_lc/LEGIARTI000006429386
cc-595,cc_usufruit,Code civil,595,"Livre II : Des biens et des différentes modifications de la propriété > Titre III : De l'usufruit, de l'usage et de l'habitation > Chapitre Ier : De l'usufruit > Section 1 : Des droits de l'usufruitier",,"L'usufruitier peut jouir par lui-même, donner à bail à un autre, même vendre ou céder son droit à titre gratuit. Les baux que l'usufruitier seul a faits pour un temps qui excède neuf ans ne sont, en cas de cessation de l'usufruit, obligatoires à l'égard du nu-propriétaire que pour le temps qui reste à courir, soit de la première période de neuf ans, si les parties s'y trouvent encore, soit de la seconde, et ainsi de suite de manière que le preneur n'ait que le droit d'achever la jouissance de la période de neuf ans où il se trouve. Les baux de neuf ans ou au-dessous que l'usufruitier seul a passés ou renouvelés plus de trois ans avant l'expiration du bail courant s'il s'agit de biens ruraux, et plus de deux ans avant la même époque s'il s'agit de maisons, sont sans effet, à moins que leur exécution n'ait commencé avant la cessation de l'usufruit. L'usufruitier ne peut, sans le concours du nu-propriétaire, donner à bail un fonds rural ou un immeuble à usage commercial, industriel ou artisanal. A défaut d'accord du nu-propriétaire, l'usufruitier peut être autorisé par justice à passer seul cet acte.",VIGUEUR,1966-01-01,2999-01-01,LEGIARTI000006429395,https://www.legifrance.gouv.fr/codes/article_lc/LEGIARTI000006429395
cc-596,cc_usufruit,Code civil,596,"Livre II : Des biens et des différentes modifications de la propriété > Titre III : De l'usufruit, de l'usage et de l'habitation > Chapitre Ier : De l'usufruit > Section 1 : Des droits de l'usufruitier",,L'usufruitier jouit de l'augmentation survenue par alluvion à l'objet dont il a l'usufruit.,VIGUEUR,1804-03-21,2999-01-01,LEGIARTI000006429402,https://www.legifrance.gouv.fr/codes/article_lc/LEGIARTI000006429402
cc-597,cc_usufruit,Code civil,597,"Livre II : Des biens et des différentes modifications de la propriété > Titre III : De l'usufruit, de l'usage et de l'habitation > Chapitre Ier : De l'usufruit > Section 1 : Des droits de l'usufruitier",,"Il jouit des droits de servitude, de passage, et généralement de tous les droits dont le propriétaire peut jouir, et il en jouit comme le propriétaire lui-même.",VIGUEUR,1804-03-21,2999-01-01,LEGIARTI000006429412,https://www.legifrance.gouv.fr/codes/article_lc/LEGIARTI000006429412
cc-598,cc_usufruit,Code civil,598,"Livre II : Des biens et des différentes modifications de la propriété > Titre III : De l'usufruit, de l'usage et de l'habitation > Chapitre Ier : De l'usufruit > Section 1 : Des droits de l'usufruitier",,"Il jouit aussi, de la même manière que le propriétaire, des mines et carrières qui sont en exploitation à l'ouverture de l'usufruit ; et néanmoins, s'il s'agit d'une exploitation qui ne puisse être faite sans une concession, l'usufruitier ne pourra en jouir qu'après en avoir obtenu la permission du Président de la République. Il n'a aucun droit aux mines et carrières non encore ouvertes, ni aux tourbières dont l'exploitation n'est point encore commencée, ni au trésor qui pourrait être découvert pendant la durée de l'usufruit.",VIGUEUR,1804-03-21,2999-01-01,LEGIARTI000006429422,https://www.legifrance.gouv.fr/codes/article_lc/LEGIARTI000006429422
cc-599,cc_usufruit,Code civil,599,"Livre II : Des biens et des différentes modifications de la propriété > Titre III : De l'usufruit, de l'usage et de l'habitation > Chapitre Ier : De l'usufruit > Section 1 : Des droits de l'usufruitier",,"Le propriétaire ne peut, par son fait, ni de quelque manière que ce soit, nuire aux droits de l'usufruitier. De son côté, l'usufruitier ne peut, à la cessation de l'usufruit, réclamer aucune indemnité pour les améliorations qu'il prétendrait avoir faites, encore que la valeur de la chose en fût augmentée. Il peut cependant, ou ses héritiers, enlever les glaces, tableaux et autres ornements qu'il aurait fait placer, mais à la charge de rétablir les lieux dans leur premier état.",VIGUEUR,1804-03-21,2999-01-01,LEGIARTI000006429433,https://www.legifrance.gouv.fr/codes/article_lc/LEGIARTI000006429433
cc-600,cc_usufruit,Code civil,600,"Livre II : Des biens et des différentes modifications de la propriété > Titre III : De l'usufruit, de l'usage et de l'habitation > Chapitre Ier : De l'usufruit > Section 2 : Des obligations de l'usufruitier",,"L'usufruitier prend les choses dans l'état où elles sont, mais il ne peut entrer en jouissance qu'après avoir fait dresser, en présence du propriétaire, ou lui dûment appelé, un inventaire des meubles et un état des immeubles sujets à l'usufruit.",VIGUEUR,1804-03-21,2999-01-01,LEGIARTI000006429450,https://www.legifrance.gouv.fr/codes/article_lc/LEGIARTI000006429450
cc-602,cc_usufruit,Code civil,602,"Livre II : Des biens et des différentes modifications de la propriété > Titre III : De l'usufruit, de l'usage et de l'habitation > Chapitre Ier : De l'usufruit > Section 2 : Des obligations de l'usufruitier",,"Si l'usufruitier ne trouve pas de caution, les immeubles sont donnés à ferme ou mis en séquestre ; Les sommes comprises dans l'usufruit sont placées ; Les denrées sont vendues et le prix en provenant est pareillement placé ; Les intérêts de ces sommes et les prix des fermes appartiennent, dans ce cas, à l'usufruitier.",VIGUEUR,1804-03-21,2999-01-01,LEGIARTI000006429469,https://www.legifrance.gouv.fr/codes/article_lc/LEGIARTI000006429469
cc-603,cc_usufruit,Code civil,603,"Livre II : Des biens et des différentes modifications de la propriété > Titre III : De l'usufruit, de l'usage et de l'habitation > Chapitre Ier : De l'usufruit > Section 2 : Des obligations de l'usufruitier",,"A défaut d'une caution de la part de l'usufruitier, le propriétaire peut exiger que les meubles qui dépérissent par l'usage soient vendus, pour le prix en être placé comme celui des denrées ; et alors l'usufruitier jouit de l'intérêt pendant son usufruit : cependant l'usufruitier pourra demander, et les juges pourront ordonner, suivant les circonstances, qu'une partie des meubles nécessaires pour son usage lui soit délaissée, sous sa simple caution juratoire, et à la charge de les représenter à l'extinction de l'usufruit.",VIGUEUR,1804-03-21,2999-01-01,LEGIARTI000006429478,https://www.legifrance.gouv.fr/codes/article_lc/LEGIARTI000006429478
cc-604,cc_usufruit,Code civil,604,"Livre II : Des biens et des différentes modifications de la propriété > Titre III : De l'usufruit, de l'usage et de l'habitation > Chapitre Ier : De l'usufruit > Section 2 : Des obligations de l'usufruitier",,Le retard de donner caution ne prive pas l'usufruitier des fruits auxquels il peut avoir droit ; ils lui sont dus du moment où l'usufruit a été ouvert.,VIGUEUR,1804-03-21,2999-01-01,LEGIARTI000006429487,https://www.legifrance.gouv.fr/codes/article_lc/LEGIARTI000006429487
cc-605,cc_usufruit,Code civil,605,"Livre II : Des biens et des différentes modifications de la propriété > Titre III : De l'usufruit, de l'usage et de l'habitation > Chapitre Ier : De l'usufruit > Section 2 : Des obligations de l'usufruitier",,"L'usufruitier n'est tenu qu'aux réparations d'entretien. Les grosses réparations demeurent à la charge du propriétaire, à moins qu'elles n'aient été occasionnées par le défaut de réparations d'entretien, depuis l'ouverture de l'usufruit ; auquel cas l'usufruitier en est aussi tenu.",VIGUEUR,1804-03-21,2999-01-01,LEGIARTI000006429496,https://www.legifrance.gouv.fr/codes/article_lc/LEGIARTI000006429496
cc-606,cc_usufruit,Code civil,606,"Livre II : Des biens et des différentes modifications de la propriété > Titre III : De l'usufruit, de l'usage et de l'habitation > Chapitre Ier : De l'usufruit > Section 2 : Des obligations de l'usufruitier",,"Les grosses réparations sont celles des gros murs et des voûtes, le rétablissement des poutres et des couvertures entières. Celui des digues et des murs de soutènement et de clôture aussi en entier. Toutes les autres réparations sont d'entretien.",VIGUEUR,1804-03-21,2999-01-01,LEGIARTI000006429505,https://www.legifrance.gouv.fr/codes/article_lc/LEGIARTI000006429505
cc-607,cc_usufruit,Code civil,607,"Livre II : Des biens et des différentes modifications de la propriété > Titre III : De l'usufruit, de l'usage et de l'habitation > Chapitre Ier : De l'usufruit > Section 2 : Des obligations de l'usufruitier",,"Ni le propriétaire, ni l'usufruitier, ne sont tenus de rebâtir ce qui est tombé de vétusté, ou ce qui a été détruit par cas fortuit.",VIGUEUR,1804-03-21,2999-01-01,LEGIARTI000006429513,https://www.legifrance.gouv.fr/codes/article_lc/LEGIARTI000006429513
cc-608,cc_usufruit,Code civil,608,"Livre II : Des biens et des différentes modifications de la propriété > Titre III : De l'usufruit, de l'usage et de l'habitation > Chapitre Ier : De l'usufruit > Section 2 : Des obligations de l'usufruitier",,"L'usufruitier est tenu, pendant sa jouissance, de toutes les charges annuelles de l'héritage, telles que les contributions et autres qui dans l'usage sont censées charges des fruits.",VIGUEUR,1804-03-21,2999-01-01,LEGIARTI000006429522,https://www.legifrance.gouv.fr/codes/article_lc/LEGIARTI000006429522
cc-609,cc_usufruit,Code civil,609,"Livre II : Des biens et des différentes modifications de la propriété > Titre III : De l'usufruit, de l'usage et de l'habitation > Chapitre Ier : De l'usufruit > Section 2 : Des obligations de l'usufruitier",,"A l'égard des charges qui peuvent être imposées sur la propriété pendant la durée de l'usufruit, l'usufruitier et le propriétaire y contribuent ainsi qu'il suit : Le propriétaire est obligé de les payer, et l'usufruitier doit lui tenir compte des intérêts ; Si elles sont avancées par l'usufruitier, il a la répétition du capital à la fin de l'usufruit.",VIGUEUR,1804-03-21,2999-01-01,LEGIARTI000006429536,https://www.legifrance.gouv.fr/codes/article_lc/LEGIARTI000006429536
cc-610,cc_usufruit,Code civil,610,"Livre II : Des biens et des différentes modifications de la propriété > Titre III : De l'usufruit, de l'usage et de l'habitation > Chapitre Ier : De l'usufruit > Section 2 : Des obligations de l'usufruitier",,"Le legs fait par un testateur, d'une rente viagère ou pension alimentaire, doit être acquitté par le légataire universel de l'usufruit dans son intégrité, et par le légataire à titre universel de l'usufruit dans la proportion de sa jouissance, sans aucune répétition de leur part.",VIGUEUR,1804-03-21,2999-01-01,LEGIARTI000006429541,https://www.legifrance.gouv.fr/codes/article_lc/LEGIARTI000006429541
cc-611,cc_usufruit,Code civil,611,"Livre II : Des biens et des différentes modifications de la propriété > Titre III : De l'usufruit, de l'usage et de l'habitation > Chapitre Ier : De l'usufruit > Section 2 : Des obligations de l'usufruitier",,"L'usufruitier à titre particulier n'est pas tenu des dettes auxquelles le fonds est hypothéqué : s'il est forcé de les payer, il a son recours contre le propriétaire, sauf ce qui est dit à l'article 1020 , au titre "" Des donations entre vifs et des testaments "".",VIGUEUR,1804-03-21,2999-01-01,LEGIARTI000006429550,https://www.legifrance.gouv.fr/codes/article_lc/LEGIARTI000006429550
cc-612,cc_usufruit,Code civil,612,"Livre II : Des biens et des différentes modifications de la propriété > Titre III : De l'usufruit, de l'usage et de l'habitation > Chapitre Ier : De l'usufruit > Section 2 : Des obligations de l'usufruitier",,"L'usufruitier, ou universel, ou à titre universel, doit contribuer avec le propriétaire au paiement des dettes ainsi qu'il suit : On estime la valeur du fonds sujet à usufruit ; on fixe ensuite la contribution aux dettes à raison de cette valeur. Si l'usufruitier veut avancer la somme pour laquelle le fonds doit contribuer, le capital lui en est restitué à la fin de l'usufruit, sans aucun intérêt. Si l'usufruitier ne veut pas faire cette avance, le propriétaire a le choix, ou de payer cette somme, et, dans ce cas, l'usufruitier lui tient compte des intérêts pendant la durée de l'usufruit, ou de faire vendre jusqu'à due concurrence une portion des biens soumis à l'usufruit.",VIGUEUR,1804-03-21,2999-01-01,LEGIARTI000006429559,https://www.legifrance.gouv.fr/codes/article_lc/LEGIARTI000006429559
cc-613,cc_usufruit,Code civil,613,"Livre II : Des biens et des différentes modifications de la propriété > Titre III : De l'usufruit, de l'usage et de l'habitation > Chapitre Ier : De l'usufruit > Section 2 : Des obligations de l'usufruitier",,L'usufruitier n'est tenu que des frais des procès qui concernent la jouissance et des autres condamnations auxquelles ces procès pourraient donner lieu.,VIGUEUR,1804-03-21,2999-01-01,LEGIARTI000006429567,https://www.legifrance.gouv.fr/codes/article_lc/LEGIARTI000006429567
cc-614,cc_usufruit,Code civil,614,"Livre II : Des biens et des différentes modifications de la propriété > Titre III : De l'usufruit, de l'usage et de l'habitation > Chapitre Ier : De l'usufruit > Section 2 : Des obligations de l'usufruitier",,"Si, pendant la durée de l'usufruit, un tiers commet quelque usurpation sur le fonds, ou attente autrement aux droits du propriétaire, l'usufruitier est tenu de le dénoncer à celui-ci ; faute de ce, il est responsable de tout le dommage qui peut en résulter pour le propriétaire, comme il le serait de dégradations commises par lui-même.",VIGUEUR,1804-03-21,2999-01-01,LEGIARTI000006429575,https://www.legifrance.gouv.fr/codes/article_lc/LEGIARTI000006429575
cc-615,cc_usufruit,Code civil,615,"Livre II : Des biens et des différentes modifications de la propriété > Titre III : De l'usufruit, de l'usage et de l'habitation > Chapitre Ier : De l'usufruit > Section 2 : Des obligations de l'usufruitier",,"Si l'usufruit n'est établi que sur un animal qui vient à périr sans la faute de l'usufruitier, celui-ci n'est pas tenu d'en rendre un autre, ni d'en payer l'estimation.",VIGUEUR,1804-03-21,2999-01-01,LEGIARTI000006429584,https://www.legifrance.gouv.fr/codes/article_lc/LEGIARTI000006429584
cc-616,cc_usufruit,Code civil,616,"Livre II : Des biens et des différentes modifications de la propriété > Titre III : De l'usufruit, de l'usage et de l'habitation > Chapitre Ier : De l'usufruit > Section 2 : Des obligations de l'usufruitier",,"Si le troupeau sur lequel un usufruit a été établi périt entièrement par accident ou par maladie et sans la faute de l'usufruitier, celui-ci n'est tenu envers le propriétaire que de lui rendre compte des cuirs, ou de leur valeur estimée à la date de la restitution. Si le troupeau ne périt pas entièrement, l'usufruitier est tenu de remplacer, jusqu'à concurrence du croît, les têtes des animaux qui ont péri.",VIGUEUR,1960-05-18,2999-01-01,LEGIARTI000006429593,https://www.legifrance.gouv.fr/codes/article_lc/LEGIARTI000006429593
cc-618,cc_usufruit,Code civil,618,"Livre II : Des biens et des différentes modifications de la propriété > Titre III : De l'usufruit, de l'usage et de l'habitation > Chapitre Ier : De l'usufruit > Section 3 : Comment l'usufruit prend fin",,"L'usufruit peut aussi cesser par l'abus que l'usufruitier fait de sa jouissance, soit en commettant des dégradations sur le fonds, soit en le laissant dépérir faute d'entretien. Les créanciers de l'usufruitier peuvent intervenir dans les contestations pour la conservation de leurs droits ; ils peuvent offrir la réparation des dégradations commises et des garanties pour l'avenir. Les juges peuvent, suivant la gravité des circonstances, ou prononcer l'extinction absolue de l'usufruit, ou n'ordonner la rentrée du propriétaire dans la jouissance de l'objet qui en est grevé, que sous la charge de payer annuellement à l'usufruitier, ou à ses ayants cause, une somme déterminée, jusqu'à l'instant où l'usufruit aurait dû cesser.",VIGUEUR,1804-03-21,2999-01-01,LEGIARTI000006429618,https://www.legifrance.gouv.fr/codes/article_lc/LEGIARTI000006429618
cc-619,cc_usufruit,Code civil,619,"Livre II : Des biens et des différentes modifications de la propriété > Titre III : De l'usufruit, de l'usage et de l'habitation > Chapitre Ier : De l'usufruit > Section 3 : Comment l'usufruit prend fin",,L'usufruit qui n'est pas accordé à des particuliers ne dure que trente ans.,VIGUEUR,1804-03-21,2999-01-01,LEGIARTI000006429628,https://www.legifrance.gouv.fr/codes/article_lc/LEGIARTI000006429628
cc-620,cc_usufruit,Code civil,620,"Livre II : Des biens et des différentes modifications de la propriété > Titre III : De l'usufruit, de l'usage et de l'habitation > Chapitre Ier : De l'usufruit > Section 3 : Comment l'usufruit prend fin",,"L'usufruit accordé jusqu'à ce qu'un tiers ait atteint un âge fixe dure jusqu'à cette époque, encore que le tiers soit mort avant l'âge fixé.",VIGUEUR,1804-03-21,2999-01-01,LEGIARTI000006429637,https://www.legifrance.gouv.fr/codes/article_lc/LEGIARTI000006429637
cc-621,cc_usufruit,Code civil,621,"Livre II : Des biens et des différentes modifications de la propriété > Titre III : De l'usufruit, de l'usage et de l'habitation > Chapitre Ier : De l'usufruit > Section 3 : Comment l'usufruit prend fin",,"En cas de vente simultanée de l'usufruit et de la nue-propriété d'un bien, le prix se répartit entre l'usufruit et la nue-propriété selon la valeur respective de chacun de ces droits, sauf accord des parties pour reporter l'usufruit sur le prix. La vente du bien grevé d'usufruit, sans l'accord de l'usufruitier, ne modifie pas le droit de ce dernier, qui continue à jouir de son usufruit sur le bien s'il n'y a pas expressément renoncé.",VIGUEUR,2007-01-01,2999-01-01,LEGIARTI000006429647,https://www.legifrance.gouv.fr/codes/article_lc/LEGIARTI000006429647
cc-622,cc_usufruit,Code civil,622,"Livre II : Des biens et des différentes modifications de la propriété > Titre III : De l'usufruit, de l'usage et de l'habitation > Chapitre Ier : De l'usufruit > Section 3 : Comment l'usufruit prend fin",,Les créanciers de l'usufruitier peuvent faire annuler la renonciation qu'il aurait faite à leur préjudice.,VIGUEUR,1804-03-21,2999-01-01,LEGIARTI000006429656,https://www.legifrance.gouv.fr/codes/article_lc/LEGIARTI000006429656
cc-623,cc_usufruit,Code civil,623,"Livre II : Des biens et des différentes modifications de la propriété > Titre III : De l'usufruit, de l'usage et de l'habitation > Chapitre Ier : De l'usufruit > Section 3 : Comment l'usufruit prend fin",,"Si une partie seulement de la chose soumise à l'usufruit est détruite, l'usufruit se conserve sur ce qui reste.",VIGUEUR,1804-03-21,2999-01-01,LEGIARTI000006429665,https://www.legifrance.gouv.fr/codes/article_lc/LEGIARTI000006429665
cc-624,cc_usufruit,Code civil,624,"Livre II : Des biens et des différentes modifications de la propriété > Titre III : De l'usufruit, de l'usage et de l'habitation > Chapitre Ier : De l'usufruit > Section 3 : Comment l'usufruit prend fin",,"Si l'usufruit n'est établi que sur un bâtiment, et que ce bâtiment soit détruit par un incendie ou autre accident, ou qu'il s'écroule de vétusté, l'usufruitier n'aura le droit de jouir ni du sol ni des matériaux. Si l'usufruit était établi sur un domaine dont le bâtiment faisait partie, l'usufruitier jouirait du sol et des matériaux.",VIGUEUR,1804-03-21,2999-01-01,LEGIARTI000006429675,https://www.legifrance.gouv.fr/codes/article_lc/LEGIARTI000006429675
cc-625,cc_usufruit,Code civil,625,"Livre II : Des biens et des différentes modifications de la propriété > Titre III : De l'usufruit, de l'usage et de l'habitation > Chapitre II : De l'usage et de l'habitation",,Les droits d'usage et d'habitation s'établissent et se perdent de la même manière que l'usufruit.,VIGUEUR,1804-03-21,2999-01-01,LEGIARTI000006429693,https://www.legifrance.gouv.fr/codes/article_lc/LEGIARTI000006429693
cc-626,cc_usufruit,Code civil,626,"Livre II : Des biens et des différentes modifications de la propriété > Titre III : De l'usufruit, de l'usage et de l'habitation > Chapitre II : De l'usage et de l'habitation",,"On ne peut en jouir, comme dans le cas de l'usufruit, sans donner préalablement caution et sans faire des états et inventaires.",VIGUEUR,1804-03-21,2999-01-01,LEGIARTI000006429703,https://www.legifrance.gouv.fr/codes/article_lc/LEGIARTI000006429703
cc-628,cc_usufruit,Code civil,628,"Livre II : Des biens et des différentes modifications de la propriété > Titre III : De l'usufruit, de l'usage et de l'habitation > Chapitre II : De l'usage et de l'habitation",,"Les droits d'usage et d'habitation se règlent par le titre qui les a établis et reçoivent, d'après ses dispositions, plus ou moins d'étendue.",VIGUEUR,1804-03-21,2999-01-01,LEGIARTI000006429720,https://www.legifrance.gouv.fr/codes/article_lc/LEGIARTI000006429720
cc-629,cc_usufruit,Code civil,629,"Livre II : Des biens et des différentes modifications de la propriété > Titre III : De l'usufruit, de l'usage et de l'habitation > Chapitre II : De l'usage et de l'habitation",,Si le titre ne s'explique pas sur l'étendue de ces droits ils sont réglés ainsi qu'il suit.,VIGUEUR,1804-03-21,2999-01-01,LEGIARTI000006429729,https://www.legifrance.gouv.fr/codes/article_lc/LEGIARTI000006429729
cc-630,cc_usufruit,Code civil,630,"Livre II : Des biens et des différentes modifications de la propriété > Titre III : De l'usufruit, de l'usage et de l'habitation > Chapitre II : De l'usage et de l'habitation",,Celui qui a l'usage des fruits d'un fonds ne peut en exiger qu'autant qu'il lui en faut pour ses besoins et ceux de sa famille. Il peut en exiger pour les besoins même des enfants qui lui sont survenus depuis la concession de l'usage.,VIGUEUR,1804-03-21,2999-01-01,LEGIARTI000006429738,https://www.legifrance.gouv.fr/codes/article_lc/LEGIARTI000006429738
cc-631,cc_usufruit,Code civil,631,"Livre II : Des biens et des différentes modifications de la propriété > Titre III : De l'usufruit, de l'usage et de l'habitation > Chapitre II : De l'usage et de l'habitation",,L'usager ne peut céder ni louer son droit à un autre.,VIGUEUR,1804-03-21,2999-01-01,LEGIARTI000006429748,https://www.legifrance.gouv.fr/codes/article_lc/LEGIARTI000006429748
cc-632,cc_usufruit,Code civil,632,"Livre II : Des biens et des différentes modifications de la propriété > Titre III : De l'usufruit, de l'usage et de l'habitation > Chapitre II : De l'usage et de l'habitation",,"Celui qui a un droit d'habitation dans une maison peut y demeurer avec sa famille, quand même il n'aurait pas été marié à l'époque où ce droit lui a été donné.",VIGUEUR,1804-03-21,2999-01-01,LEGIARTI000006429757,https://www.legifrance.gouv.fr/codes/article_lc/LEGIARTI000006429757
cc-633,cc_usufruit,Code civil,633,"Livre II : Des biens et des différentes modifications de la propriété > Titre III : De l'usufruit, de l'usage et de l'habitation > Chapitre II : De l'usage et de l'habitation",,Le droit d'habitation se restreint à ce qui est nécessaire pour l'habitation de celui à qui ce droit est concédé et de sa famille.,VIGUEUR,1804-03-21,2999-01-01,LEGIARTI000006429766,https://www.legifrance.gouv.fr/codes/article_lc/LEGIARTI000006429766
cc-634,cc_usufruit,Code civil,634,"Livre II : Des biens et des différentes modifications de la propriété > Titre III : De l'usufruit, de l'usage et de l'habitation > Chapitre II : De l'usage et de l'habitation",,Le droit d'habitation ne peut être ni cédé ni loué.,VIGUEUR,1804-03-21,2999-01-01,LEGIARTI000006429773,https://www.legifrance.gouv.fr/codes/article_lc/LEGIARTI000006429773
cc-635,cc_usufruit,Code civil,635,"Livre II : Des biens et des différentes modifications de la propriété > Titre III : De l'usufruit, de l'usage et de l'habitation > Chapitre II : De l'usage et de l'habitation",,"Si l'usager absorbe tous les fruits du fonds ou s'il occupe la totalité de la maison, il est assujetti aux frais de culture, aux réparations d'entretien et au paiement des contributions, comme l'usufruitier. S'il ne prend qu'une partie des fruits ou s'il n'occupe qu'une partie de la maison, il contribue au prorata de ce dont il jouit.",VIGUEUR,1804-03-21,2999-01-01,LEGIARTI000006429783,https://www.legifrance.gouv.fr/codes/article_lc/LEGIARTI000006429783
cc-636,cc_usufruit,Code civil,636,"Livre II : Des biens et des différentes modifications de la propriété > Titre III : De l'usufruit, de l'usage et de l'habitation > Chapitre II : De l'usage et de l'habitation",,L'usage des bois et forêts est réglé par des lois particulières.,VIGUEUR,1804-03-21,2999-01-01,LEGIARTI000006429793,https://www.legifrance.gouv.fr/codes/article_lc/LEGIARTI000006429793
cc-617,cc_usufruit,Code civil,617,"Livre II : Des biens et des différentes modifications de la propriété > Titre III : De l'usufruit, de l'usage et de l'habitation > Chapitre Ier : De l'usufruit > Section 3 : Comment l'usufruit prend fin",,"L'usufruit s'éteint : Par la mort de l'usufruitier ; Par l'expiration du temps pour lequel il a été accordé ; Par la consolidation ou la réunion sur la même tête, des deux qualités d'usufruitier et de propriétaire ; Par le non-usage du droit pendant trente ans ; Par la perte totale de la chose sur laquelle l'usufruit est établi.",VIGUEUR,2009-05-14,2999-01-01,LEGIARTI000020616161,https://www.legifrance.gouv.fr/codes/article_lc/LEGIARTI000020616161
cc-585,cc_usufruit,Code civil,585,"Livre II : Des biens et des différentes modifications de la propriété > Titre III : De l'usufruit, de l'usage et de l'habitation > Chapitre Ier : De l'usufruit > Section 1 : Des droits de l'usufruitier",,"Les fruits naturels et industriels, pendants par branches ou par racines au moment où l'usufruit est ouvert, appartiennent à l'usufruitier. Ceux qui sont dans le même état au moment où finit l'usufruit appartiennent au propriétaire, sans récompense de part ni d'autre des labours et des semences, mais aussi sans préjudice de la portion des fruits qui pourrait être acquise au métayer, s'il en existait un au commencement ou à la cessation de l'usufruit.",VIGUEUR,2009-05-14,2999-01-01,LEGIARTI000020616197,https://www.legifrance.gouv.fr/codes/article_lc/LEGIARTI000020616197
cc-601,cc_usufruit,Code civil,601,"Livre II : Des biens et des différentes modifications de la propriété > Titre III : De l'usufruit, de l'usage et de l'habitation > Chapitre Ier : De l'usufruit > Section 2 : Des obligations de l'usufruitier",,"Il donne caution de jouir raisonnablement, s'il n'en est dispensé par l'acte constitutif de l'usufruit ; cependant les père et mère ayant l'usufruit légal du bien de leurs enfants, le vendeur ou le donateur, sous réserve d'usufruit, ne sont pas tenus de donner caution.",VIGUEUR,2014-08-06,2999-01-01,LEGIARTI000029336835,https://www.legifrance.gouv.fr/codes/article_lc/LEGIARTI000029336835
cc-627,cc_usufruit,Code civil,627,"Livre II : Des biens et des différentes modifications de la propriété > Titre III : De l'usufruit, de l'usage et de l'habitation > Chapitre II : De l'usage et de l'habitation",,"L'usager, et celui qui a un droit d'habitation, doivent jouir raisonnablement.",VIGUEUR,2014-08-06,2999-01-01,LEGIARTI000029336838,https://www.legifrance.gouv.fr/codes/article_lc/LEGIARTI000029336838
cc-1245-1,cc_responsabilite,Code civil,1245-1,Livre III : Des différentes manières dont on acquiert la propriété > Titre III : Des sources d'obligations > Sous-titre II : La responsabilité extracontractuelle    > Chapitre II : La responsabilité du fait des produits défectueux,,"Les dispositions du présent chapitre s'appliquent à la réparation du dommage qui résulte d'une atteinte à la personne. Elles s'appliquent également à la réparation du dommage supérieur à un montant déterminé par décret, qui résulte d'une atteinte à un bien autre que le produit défectueux lui-même.",VIGUEUR,2016-10-01,2999-01-01,LEGIARTI000032023629,https://www.legifrance.gouv.fr/codes/article_lc/LEGIARTI000032023629
cc-1245-2,cc_responsabilite,Code civil,1245-2,Livre III : Des différentes manières dont on acquiert la propriété > Titre III : Des sources d'obligations > Sous-titre II : La responsabilité extracontractuelle    > Chapitre II : La responsabilité du fait des produits défectueux,,"Est un produit tout bien meuble, même s'il est incorporé dans un immeuble, y compris les produits du sol, de l'élevage, de la chasse et de la pêche. L'électricité est considérée comme un produit.",VIGUEUR,2016-10-01,2999-01-01,LEGIARTI000032023631,https://www.legifrance.gouv.fr/codes/article_lc/LEGIARTI000032023631
cc-1245-3,cc_responsabilite,Code civil,1245-3,Livre III : Des différentes manières dont on acquiert la propriété > Titre III : Des sources d'obligations > Sous-titre II : La responsabilité extracontractuelle    > Chapitre II : La responsabilité du fait des produits défectueux,,"Un produit est défectueux au sens du présent chapitre lorsqu'il n'offre pas la sécurité à laquelle on peut légitimement s'attendre. Dans l'appréciation de la sécurité à laquelle on peut légitimement s'attendre, il doit être tenu compte de toutes les circonstances et notamment de la présentation du produit, de l'usage qui peut en être raisonnablement attendu et du moment de sa mise en circulation. Un produit ne peut être considéré comme défectueux par le seul fait qu'un autre, plus perfectionné, a été mis postérieurement en circulation.",VIGUEUR,2016-10-01,2999-01-01,LEGIARTI000032023633,https://www.legifrance.gouv.fr/codes/article_lc/LEGIARTI000032023633
cc-1245-4,cc_responsabilite,Code civil,1245-4,Livre III : Des différentes manières dont on acquiert la propriété > Titre III : Des sources d'obligations > Sous-titre II : La responsabilité extracontractuelle    > Chapitre II : La responsabilité du fait des produits défectueux,,Un produit est mis en circulation lorsque le producteur s'en est dessaisi volontairement. Un produit ne fait l'objet que d'une seule mise en circulation.,VIGUEUR,2016-10-01,2999-01-01,LEGIARTI000032023635,https://www.legifrance.gouv.fr/codes/article_lc/LEGIARTI000032023635
cc-1245-5,cc_responsabilite,Code civil,1245-5,Livre III : Des différentes manières dont on acquiert la propriété > Titre III : Des sources d'obligations > Sous-titre II : La responsabilité extracontractuelle    > Chapitre II : La responsabilité du fait des produits défectueux,,"Est producteur, lorsqu'il agit à titre professionnel, le fabricant d'un produit fini, le producteur d'une matière première, le fabricant d'une partie composante. Est assimilée à un producteur pour l'application du présent chapitre toute personne agissant à titre professionnel : 1° Qui se présente comme producteur en apposant sur le produit son nom, sa marque ou un autre signe distinctif ; 2° Qui importe un produit dans la Communauté européenne en vue d'une vente, d'une location, avec ou sans promesse de vente, ou de toute autre forme de distribution. Ne sont pas considérées comme producteurs, au sens du présent chapitre, les personnes dont la responsabilité peut être recherchée sur le fondement des articles 1792 à 1792-6 et 1646-1 .",VIGUEUR,2016-10-01,2999-01-01,LEGIARTI000032023637,https://www.legifrance.gouv.fr/codes/article_lc/LEGIARTI000032023637
cc-1245-6,cc_responsabilite,Code civil,1245-6,Livre III : Des différentes manières dont on acquiert la propriété > Titre III : Des sources d'obligations > Sous-titre II : La responsabilité extracontractuelle    > Chapitre II : La responsabilité du fait des produits défectueux,,"Si le producteur ne peut être identifié, le vendeur, le loueur, à l'exception du crédit-bailleur ou du loueur assimilable au crédit-bailleur, ou tout autre fournisseur professionnel, est responsable du défaut de sécurité du produit, dans les mêmes conditions que le producteur, à moins qu'il ne désigne son propre fournisseur ou le producteur, dans un délai de trois mois à compter de la date à laquelle la demande de la victime lui a été notifiée. Le recours du fournisseur contre le producteur obéit aux mêmes règles que la demande émanant de la victime directe du défaut. Toutefois, il doit agir dans l'année suivant la date de sa citation en justice.",VIGUEUR,2016-10-01,2999-01-01,LEGIARTI000032023639,https://www.legifrance.gouv.fr/codes/article_lc/LEGIARTI000032023639
cc-1245-7,cc_responsabilite,Code civil,1245-7,Livre III : Des différentes manières dont on acquiert la propriété > Titre III : Des sources d'obligations > Sous-titre II : La responsabilité extracontractuelle    > Chapitre II : La responsabilité du fait des produits défectueux,,"En cas de dommage causé par le défaut d'un produit incorporé dans un autre, le producteur de la partie composante et celui qui a réalisé l'incorporation sont solidairement responsables.",VIGUEUR,2016-10-01,2999-01-01,LEGIARTI000032023641,https://www.legifrance.gouv.fr/codes/article_lc/LEGIARTI000032023641
cc-1245-8,cc_responsabilite,Code civil,1245-8,Livre III : Des différentes manières dont on acquiert la propriété > Titre III : Des sources d'obligations > Sous-titre II : La responsabilité extracontractuelle    > Chapitre II : La responsabilité du fait des produits défectueux,,"Le demandeur doit prouver le dommage, le défaut et le lien de causalité entre le défaut et le dommage.",VIGUEUR,2016-10-01,2999-01-01,LEGIARTI000032023643,https://www.legifrance.gouv.fr/codes/article_lc/LEGIARTI000032023643
cc-1245-9,cc_responsabilite,Code civil,1245-9,Livre III : Des différentes manières dont on acquiert la propriété > Titre III : Des sources d'obligations > Sous-titre II : La responsabilité extracontractuelle    > Chapitre II : La responsabilité du fait des produits défectueux,,Le producteur peut être responsable du défaut alors même que le produit a été fabriqué dans le respect des règles de l'art ou de normes existantes ou qu'il a fait l'objet d'une autorisation administrative.,VIGUEUR,2016-10-01,2999-01-01,LEGIARTI000032023645,https://www.legifrance.gouv.fr/codes/article_lc/LEGIARTI000032023645
cc-1245-10,cc_responsabilite,Code civil,1245-10,Livre III : Des différentes manières dont on acquiert la propriété > Titre III : Des sources d'obligations > Sous-titre II : La responsabilité extracontractuelle    > Chapitre II : La responsabilité du fait des produits défectueux,,"Le producteur est responsable de plein droit à moins qu'il ne prouve : 1° Qu'il n'avait pas mis le produit en circulation ; 2° Que, compte tenu des circonstances, il y a lieu d'estimer que le défaut ayant causé le dommage n'existait pas au moment où le produit a été mis en circulation par lui ou que ce défaut est né postérieurement ; 3° Que le produit n'a pas été destiné à la vente ou à toute autre forme de distribution ; 4° Que l'état des connaissances scientifiques et techniques, au moment où il a mis le produit en circulation, n'a pas permis de déceler l'existence du défaut ; 5° Ou que le défaut est dû à la conformité du produit avec des règles impératives d'ordre législatif ou réglementaire. Le producteur de la partie composante n'est pas non plus responsable s'il établit que le défaut est imputable à la conception du produit dans lequel cette partie a été incorporée ou aux instructions données par le producteur de ce produit.",VIGUEUR,2016-10-01,2999-01-01,LEGIARTI000032023647,https://www.legifrance.gouv.fr/codes/article_lc/LEGIARTI000032023647
cc-1245-11,cc_responsabilite,Code civil,1245-11,Livre III : Des différentes manières dont on acquiert la propriété > Titre III : Des sources d'obligations > Sous-titre II : La responsabilité extracontractuelle    > Chapitre II : La responsabilité du fait des produits défectueux,,Le producteur ne peut invoquer la cause d'exonération prévue au 4° de l'article 1245-10 lorsque le dommage a été causé par un élément du corps humain ou par les produits issus de celui-ci.,VIGUEUR,2016-10-01,2999-01-01,LEGIARTI000032023649,https://www.legifrance.gouv.fr/codes/article_lc/LEGIARTI000032023649
cc-1245-12,cc_responsabilite,Code civil,1245-12,Livre III : Des différentes manières dont on acquiert la propriété > Titre III : Des sources d'obligations > Sous-titre II : La responsabilité extracontractuelle    > Chapitre II : La responsabilité du fait des produits défectueux,,"La responsabilité du producteur peut être réduite ou supprimée, compte tenu de toutes les circonstances, lorsque le dommage est causé conjointement par un défaut du produit et par la faute de la victime ou d'une personne dont la victime est responsable.",VIGUEUR,2016-10-01,2999-01-01,LEGIARTI000032023651,https://www.legifrance.gouv.fr/codes/article_lc/LEGIARTI000032023651
cc-1245-13,cc_responsabilite,Code civil,1245-13,Livre III : Des différentes manières dont on acquiert la propriété > Titre III : Des sources d'obligations > Sous-titre II : La responsabilité extracontractuelle    > Chapitre II : La responsabilité du fait des produits défectueux,,La responsabilité du producteur envers la victime n'est pas réduite par le fait d'un tiers ayant concouru à la réalisation du dommage.,VIGUEUR,2016-10-01,2999-01-01,LEGIARTI000032023653,https://www.legifrance.gouv.fr/codes/article_lc/LEGIARTI000032023653
cc-1245-14,cc_responsabilite,Code civil,1245-14,Livre III : Des différentes manières dont on acquiert la propriété > Titre III : Des sources d'obligations > Sous-titre II : La responsabilité extracontractuelle    > Chapitre II : La responsabilité du fait des produits défectueux,,"Les clauses qui visent à écarter ou à limiter la responsabilité du fait des produits défectueux sont interdites et réputées non écrites. Toutefois, pour les dommages causés aux biens qui ne sont pas utilisés par la victime principalement pour son usage ou sa consommation privée, les clauses stipulées entre professionnels sont valables.",VIGUEUR,2016-10-01,2999-01-01,LEGIARTI000032023655,https://www.legifrance.gouv.fr/codes/article_lc/LEGIARTI000032023655
cc-1245-15,cc_responsabilite,Code civil,1245-15,Livre III : Des différentes manières dont on acquiert la propriété > Titre III : Des sources d'obligations > Sous-titre II : La responsabilité extracontractuelle    > Chapitre II : La responsabilité du fait des produits défectueux,,"Sauf faute du producteur, la responsabilité de celui-ci, fondée sur les dispositions du présent chapitre, est éteinte dix ans après la mise en circulation du produit même qui a causé le dommage à moins que, durant cette période, la victime n'ait engagé une action en justice.",VIGUEUR,2016-10-01,2999-01-01,LEGIARTI000032023657,https://www.legifrance.gouv.fr/codes/article_lc/LEGIARTI000032023657
cc-1245-16,cc_responsabilite,Code civil,1245-16,Livre III : Des différentes manières dont on acquiert la propriété > Titre III : Des sources d'obligations > Sous-titre II : La responsabilité extracontractuelle    > Chapitre II : La responsabilité du fait des produits défectueux,,"L'action en réparation fondée sur les dispositions du présent chapitre se prescrit dans un délai de trois ans à compter de la date à laquelle le demandeur a eu ou aurait dû avoir connaissance du dommage, du défaut et de l'identité du producteur.",VIGUEUR,2016-10-01,2999-01-01,LEGIARTI000032023659,https://www.legifrance.gouv.fr/codes/article_lc/LEGIARTI000032023659
cc-1245-17,cc_responsabilite,Code civil,1245-17,Livre III : Des différentes manières dont on acquiert la propriété > Titre III : Des sources d'obligations > Sous-titre II : La responsabilité extracontractuelle    > Chapitre II : La responsabilité du fait des produits défectueux,,Les dispositions du présent chapitre ne portent pas atteinte aux droits dont la victime d'un dommage peut se prévaloir au titre du droit de la responsabilité contractuelle ou extracontractuelle ou au titre d'un régime spécial de responsabilité. Le producteur reste responsable des conséquences de sa faute et de celle des personnes dont il répond.,VIGUEUR,2016-10-01,2999-01-01,LEGIARTI000032023661,https://www.legifrance.gouv.fr/codes/article_lc/LEGIARTI000032023661
cc-1245,cc_responsabilite,Code civil,1245,Livre III : Des différentes manières dont on acquiert la propriété > Titre III : Des sources d'obligations > Sous-titre II : La responsabilité extracontractuelle    > Chapitre II : La responsabilité du fait des produits défectueux,,"Le producteur est responsable du dommage causé par un défaut de son produit, qu'il soit ou non lié par un contrat avec la victime.",VIGUEUR,2016-10-01,2999-01-01,LEGIARTI000032041540,https://www.legifrance.gouv.fr/codes/article_lc/LEGIARTI000032041540
cc-1244,cc_responsabilite,Code civil,1244,Livre III : Des différentes manières dont on acquiert la propriété > Titre III : Des sources d'obligations > Sous-titre II : La responsabilité extracontractuelle    > Chapitre Ier : La responsabilité extracontractuelle en général,,"Le propriétaire d'un bâtiment est responsable du dommage causé par sa ruine, lorsqu'elle est arrivée par une suite du défaut d'entretien ou par le vice de sa construction.",VIGUEUR,2016-10-01,2999-01-01,LEGIARTI000032041546,https://www.legifrance.gouv.fr/codes/article_lc/LEGIARTI000032041546
cc-1243,cc_responsabilite,Code civil,1243,Livre III : Des différentes manières dont on acquiert la propriété > Titre III : Des sources d'obligations > Sous-titre II : La responsabilité extracontractuelle    > Chapitre Ier : La responsabilité extracontractuelle en général,,"Le propriétaire d'un animal, ou celui qui s'en sert, pendant qu'il est à son usage, est responsable du dommage que l'animal a causé, soit que l'animal fût sous sa garde, soit qu'il fût égaré ou échappé.",VIGUEUR,2016-10-01,2999-01-01,LEGIARTI000032041553,https://www.legifrance.gouv.fr/codes/article_lc/LEGIARTI000032041553
cc-1241,cc_responsabilite,Code civil,1241,Livre III : Des différentes manières dont on acquiert la propriété > Titre III : Des sources d'obligations > Sous-titre II : La responsabilité extracontractuelle    > Chapitre Ier : La responsabilité extracontractuelle en général,,"Chacun est responsable du dommage qu'il a causé non seulement par son fait, mais encore par sa négligence ou par son imprudence.",VIGUEUR,2016-10-01,2999-01-01,LEGIARTI000032041565,https://www.legifrance.gouv.fr/codes/article_lc/LEGIARTI000032041565
cc-1240,cc_responsabilite,Code civil,1240,Livre III : Des différentes manières dont on acquiert la propriété > Titre III : Des sources d'obligations > Sous-titre II : La responsabilité extracontractuelle    > Chapitre Ier : La responsabilité extracontractuelle en général,,"Tout fait quelconque de l'homme, qui cause à autrui un dommage, oblige celui par la faute duquel il est arrivé à le réparer.",VIGUEUR,2016-10-01,2999-01-01,LEGIARTI000032041571,https://www.legifrance.gouv.fr/codes/article_lc/LEGIARTI000032041571
cc-1246,cc_responsabilite,Code civil,1246,Livre III : Des différentes manières dont on acquiert la propriété > Titre III : Des sources d'obligations > Sous-titre II : La responsabilité extracontractuelle    > Chapitre III : La réparation du préjudice écologique,,Toute personne responsable d'un préjudice écologique est tenue de le réparer.,VIGUEUR,2016-10-01,2999-01-01,LEGIARTI000033019109,https://www.legifrance.gouv.fr/codes/article_lc/LEGIARTI000033019109
cc-1247,cc_responsabilite,Code civil,1247,Livre III : Des différentes manières dont on acquiert la propriété > Titre III : Des sources d'obligations > Sous-titre II : La responsabilité extracontractuelle    > Chapitre III : La réparation du préjudice écologique,,"Est réparable, dans les conditions prévues au présent titre, le préjudice écologique consistant en une atteinte non négligeable aux éléments ou aux fonctions des écosystèmes ou aux bénéfices collectifs tirés par l'homme de l'environnement.",VIGUEUR,2016-10-01,2999-01-01,LEGIARTI000033019111,https://www.legifrance.gouv.fr/codes/article_lc/LEGIARTI000033019111
cc-1249,cc_responsabilite,Code civil,1249,Livre III : Des différentes manières dont on acquiert la propriété > Titre III : Des sources d'obligations > Sous-titre II : La responsabilité extracontractuelle    > Chapitre III : La réparation du préjudice écologique,,"La réparation du préjudice écologique s'effectue par priorité en nature. En cas d'impossibilité de droit ou de fait ou d'insuffisance des mesures de réparation, le juge condamne le responsable à verser des dommages et intérêts, affectés à la réparation de l'environnement, au demandeur ou, si celui-ci ne peut prendre les mesures utiles à cette fin, à l'Etat. L'évaluation du préjudice tient compte, le cas échéant, des mesures de réparation déjà intervenues, en particulier dans le cadre de la mise en œuvre du titre VI du livre Ier du code de l'environnement.",VIGUEUR,2016-10-01,2999-01-01,LEGIARTI000033019118,https://www.legifrance.gouv.fr/codes/article_lc/LEGIARTI000033019118
cc-1250,cc_responsabilite,Code civil,1250,Livre III : Des différentes manières dont on acquiert la propriété > Titre III : Des sources d'obligations > Sous-titre II : La responsabilité extracontractuelle    > Chapitre III : La réparation du préjudice écologique,,"En cas d'astreinte, celle-ci est liquidée par le juge au profit du demandeur, qui l'affecte à la réparation de l'environnement ou, si le demandeur ne peut prendre les mesures utiles à cette fin, au profit de l'Etat, qui l'affecte à cette même fin. Le juge se réserve le pouvoir de la liquider.",VIGUEUR,2016-10-01,2999-01-01,LEGIARTI000033019122,https://www.legifrance.gouv.fr/codes/article_lc/LEGIARTI000033019122
cc-1251,cc_responsabilite,Code civil,1251,Livre III : Des différentes manières dont on acquiert la propriété > Titre III : Des sources d'obligations > Sous-titre II : La responsabilité extracontractuelle    > Chapitre III : La réparation du préjudice écologique,,"Les dépenses exposées pour prévenir la réalisation imminente d'un dommage, pour éviter son aggravation ou pour en réduire les conséquences constituent un préjudice réparable.",VIGUEUR,2016-10-01,2999-01-01,LEGIARTI000033019125,https://www.legifrance.gouv.fr/codes/article_lc/LEGIARTI000033019125
cc-1252,cc_responsabilite,Code civil,1252,Livre III : Des différentes manières dont on acquiert la propriété > Titre III : Des sources d'obligations > Sous-titre II : La responsabilité extracontractuelle    > Chapitre III : La réparation du préjudice écologique,,"Indépendamment de la réparation du préjudice écologique, le juge, saisi d'une demande en ce sens par une personne mentionnée à l'article 1248 , peut prescrire les mesures raisonnables propres à prévenir ou faire cesser le dommage.",VIGUEUR,2016-10-01,2999-01-01,LEGIARTI000033019128,https://www.legifrance.gouv.fr/codes/article_lc/LEGIARTI000033019128
cc-1248,cc_responsabilite,Code civil,1248,Livre III : Des différentes manières dont on acquiert la propriété > Titre III : Des sources d'obligations > Sous-titre II : La responsabilité extracontractuelle    > Chapitre III : La réparation du préjudice écologique,,"L'action en réparation du préjudice écologique est ouverte à toute personne ayant qualité et intérêt à agir, telle que l'Etat, l'Office français de la biodiversité, les collectivités territoriales et leurs groupements dont le territoire est concerné, ainsi que les établissements publics et les associations agréées ou créées depuis au moins cinq ans à la date d'introduction de l'instance qui ont pour objet la protection de la nature et la défense de l'environnement.",VIGUEUR,2020-01-01,2999-01-01,LEGIARTI000038846675,https://www.legifrance.gouv.fr/codes/article_lc/LEGIARTI000038846675
cc-1253,cc_responsabilite,Code civil,1253,Livre III : Des différentes manières dont on acquiert la propriété > Titre III : Des sources d'obligations > Sous-titre II : La responsabilité extracontractuelle    > Chapitre IV : Les troubles anormaux du voisinage,,"Le propriétaire, le locataire, l'occupant sans titre, le bénéficiaire d'un titre ayant pour objet principal de l'autoriser à occuper ou à exploiter un fonds, le maître d'ouvrage ou celui qui en exerce les pouvoirs qui est à l'origine d'un trouble excédant les inconvénients normaux de voisinage est responsable de plein droit du dommage qui en résulte. Sous réserve de l' article L. 311-1-1 du code rural et de la pêche maritime , cette responsabilité n'est pas engagée lorsque le trouble anormal provient d'activités, quelle qu'en soit la nature, existant antérieurement à l'acte transférant la propriété ou octroyant la jouissance du bien ou, à défaut d'acte, à la date d'entrée en possession du bien par la personne lésée. Ces activités doivent être conformes aux lois et aux règlements et s'être poursuivies dans les mêmes conditions ou dans des conditions nouvelles qui ne sont pas à l'origine d'une aggravation du trouble anormal.",VIGUEUR,2024-04-17,2999-01-01,LEGIARTI000049423788,https://www.legifrance.gouv.fr/codes/article_lc/LEGIARTI000049423788
cc-1254,cc_responsabilite,Code civil,1254,Livre III : Des différentes manières dont on acquiert la propriété > Titre III : Des sources d'obligations > Sous-titre II : La responsabilité extracontractuelle    > Chapitre V : Sanction civile en cas de faute dolosive ayant causé des dommages sériels,,"Lorsqu'une personne est reconnue responsable d'un manquement aux obligations légales ou contractuelles afférentes à son activité professionnelle, le juge peut, à la demande du ministère public, devant les juridictions de l'ordre judiciaire, ou du Gouvernement, devant les juridictions de l'ordre administratif, et par une décision spécialement motivée, la condamner au paiement d'une sanction civile, dont le produit est affecté à un fonds consacré au financement des actions de groupe. La condamnation au paiement de la sanction civile ne peut intervenir que si les conditions suivantes sont remplies : 1° L'auteur du dommage a délibérément commis une faute en vue d'obtenir un gain ou une économie indu ; 2° Le manquement constaté a causé un ou plusieurs dommages à plusieurs personnes physiques ou morales placées dans une situation similaire. Le montant de la sanction est proportionné à la gravité de la faute commise et au profit que l'auteur de la faute en a retiré. Si celui-ci est une personne physique, ce montant ne peut être supérieur au double du profit réalisé. Si l'auteur est une personne morale, ce montant ne peut être supérieur au quintuple du montant du profit réalisé. Lorsqu'une sanction civile est susceptible d'être cumulée avec une amende administrative ou pénale infligée en raison des mêmes faits à l'auteur du manquement, le montant global des amendes prononcées ne dépasse pas le maximum légal le plus élevé. Le risque d'une condamnation à la sanction civile n'est pas assurable.",VIGUEUR,2025-05-03,2999-01-01,LEGIARTI000051541660,https://www.legifrance.gouv.fr/codes/article_lc/LEGIARTI000051541660
cc-1242,cc_responsabilite,Code civil,1242,Livre III : Des différentes manières dont on acquiert la propriété > Titre III : Des sources d'obligations > Sous-titre II : La responsabilité extracontractuelle    > Chapitre Ier : La responsabilité extracontractuelle en général,,"On est responsable non seulement du dommage que l'on cause par son propre fait, mais encore de celui qui est causé par le fait des personnes dont on doit répondre, ou des choses que l'on a sous sa garde. Toutefois, celui qui détient, à un titre quelconque, tout ou partie de l'immeuble ou des biens mobiliers dans lesquels un incendie a pris naissance ne sera responsable, vis-à-vis des tiers, des dommages causés par cet incendie que s'il est prouvé qu'il doit être attribué à sa faute ou à la faute des personnes dont il est responsable. Cette disposition ne s'applique pas aux rapports entre propriétaires et locataires, qui demeurent régis par les articles 1733 et 1734 du code civil . Les parents, en tant qu'ils exercent l'autorité parentale, sont, de plein droit, solidairement responsables du dommage causé par leurs enfants mineurs, sauf lorsque que ceux-ci ont été confiés à un tiers par une décision administrative ou judiciaire. Les maîtres et les commettants, du dommage causé par leurs domestiques et préposés dans les fonctions auxquelles ils les ont employés ; Les instituteurs et les artisans, du dommage causé par leurs élèves et apprentis pendant le temps qu'ils sont sous leur surveillance. La responsabilité ci-dessus a lieu, à moins que les parents et les artisans ne prouvent qu'ils n'ont pu empêcher le fait qui donne lieu à cette responsabilité. En ce qui concerne les instituteurs, les fautes, imprudences ou négligences invoquées contre eux comme ayant causé le fait dommageable, devront être prouvées, conformément au droit commun, par le demandeur, à l'instance.",VIGUEUR,2025-06-25,2999-01-01,LEGIARTI000051786000,https://www.legifrance.gouv.fr/codes/article_lc/LEGIARTI000051786000
cc-893,cc_liberalites,Code civil,893,Livre III : Des différentes manières dont on acquiert la propriété > Titre II : Des libéralités > Chapitre Ier : Dispositions générales.,,La libéralité est l'acte par lequel une personne dispose à titre gratuit de tout ou partie de ses biens ou de ses droits au profit d'une autre personne. Il ne peut être fait de libéralité que par donation entre vifs ou par testament.,VIGUEUR,2007-01-01,2999-01-01,LEGIARTI000006433489,https://www.legifrance.gouv.fr/codes/article_lc/LEGIARTI000006433489
cc-894,cc_liberalites,Code civil,894,Livre III : Des différentes manières dont on acquiert la propriété > Titre II : Des libéralités > Chapitre Ier : Dispositions générales.,,La donation entre vifs est un acte par lequel le donateur se dépouille actuellement et irrévocablement de la chose donnée en faveur du donataire qui l'accepte.,VIGUEUR,2007-01-01,2999-01-01,LEGIARTI000006433497,https://www.legifrance.gouv.fr/codes/article_lc/LEGIARTI000006433497
cc-895,cc_liberalites,Code civil,895,Livre III : Des différentes manières dont on acquiert la propriété > Titre II : Des libéralités > Chapitre Ier : Dispositions générales.,,"Le testament est un acte par lequel le testateur dispose, pour le temps où il n'existera plus, de tout ou partie de ses biens ou de ses droits et qu'il peut révoquer.",VIGUEUR,2007-01-01,2999-01-01,LEGIARTI000006433504,https://www.legifrance.gouv.fr/codes/article_lc/LEGIARTI000006433504
cc-896,cc_liberalites,Code civil,896,Livre III : Des différentes manières dont on acquiert la propriété > Titre II : Des libéralités > Chapitre Ier : Dispositions générales.,,La disposition par laquelle une personne est chargée de conserver et de rendre à un tiers ne produit d'effet que dans le cas où elle est autorisée par la loi.,VIGUEUR,2007-01-01,2999-01-01,LEGIARTI000006433514,https://www.legifrance.gouv.fr/codes/article_lc/LEGIARTI000006433514
cc-899,cc_liberalites,Code civil,899,Livre III : Des différentes manières dont on acquiert la propriété > Titre II : Des libéralités > Chapitre Ier : Dispositions générales.,,Il en sera de même de la disposition entre vifs ou testamentaire par laquelle l'usufruit sera donné à l'un et la nue-propriété à l'autre.,VIGUEUR,2007-01-01,2999-01-01,LEGIARTI000006433542,https://www.legifrance.gouv.fr/codes/article_lc/LEGIARTI000006433542
cc-900,cc_liberalites,Code civil,900,Livre III : Des différentes manières dont on acquiert la propriété > Titre II : Des libéralités > Chapitre Ier : Dispositions générales.,,"Dans toute disposition entre vifs ou testamentaire, les conditions impossibles, celles qui sont contraires aux lois ou aux moeurs, seront réputées non écrites.",VIGUEUR,2007-01-01,2999-01-01,LEGIARTI000006433551,https://www.legifrance.gouv.fr/codes/article_lc/LEGIARTI000006433551
cc-900-1,cc_liberalites,Code civil,900-1,Livre III : Des différentes manières dont on acquiert la propriété > Titre II : Des libéralités > Chapitre Ier : Dispositions générales.,,"Les clauses d'inaliénabilité affectant un bien donné ou légué ne sont valables que si elles sont temporaires et justifiées par un intérêt sérieux et légitime. Même dans ce cas, le donataire ou le légataire peut être judiciairement autorisé à disposer du bien si l'intérêt qui avait justifié la clause a disparu ou s'il advient qu'un intérêt plus important l'exige. Les dispositions du présent article ne préjudicient pas aux libéralités consenties à des personnes morales ou mêmes à des personnes physiques à charge de constituer des personnes morales.",VIGUEUR,2007-01-01,2999-01-01,LEGIARTI000006433561,https://www.legifrance.gouv.fr/codes/article_lc/LEGIARTI000006433561
cc-900-2,cc_liberalites,Code civil,900-2,Livre III : Des différentes manières dont on acquiert la propriété > Titre II : Des libéralités > Chapitre Ier : Dispositions générales.,,"Tout gratifié peut demander que soient révisées en justice les conditions et charges grevant les donations ou legs qu'il a reçus, lorsque, par suite d'un changement de circonstances, l'exécution en est devenue pour lui soit extrêmement difficile, soit sérieusement dommageable.",VIGUEUR,2007-01-01,2999-01-01,LEGIARTI000006433570,https://www.legifrance.gouv.fr/codes/article_lc/LEGIARTI000006433570
cc-900-3,cc_liberalites,Code civil,900-3,Livre III : Des différentes manières dont on acquiert la propriété > Titre II : Des libéralités > Chapitre Ier : Dispositions générales.,,"La demande en révision est formée par voie principale ; elle peut l'être aussi par voie reconventionnelle, en réponse à l'action en exécution ou en révocation que les héritiers du disposant ont introduite. Elle est formée contre les héritiers ; elle l'est en même temps contre le ministère public s'il y a doute sur l'existence ou l'identité de certains d'entre eux ; s'il n'y a pas d'héritier connu, elle est formée contre le ministère public. Celui-ci doit, dans tous les cas, avoir communication de l'affaire.",VIGUEUR,2007-01-01,2999-01-01,LEGIARTI000006433580,https://www.legifrance.gouv.fr/codes/article_lc/LEGIARTI000006433580
cc-900-4,cc_liberalites,Code civil,900-4,Livre III : Des différentes manières dont on acquiert la propriété > Titre II : Des libéralités > Chapitre Ier : Dispositions générales.,,"Le juge saisi de la demande en révision peut, selon les cas et même d'office, soit réduire en quantité ou périodicité les prestations grevant la libéralité, soit en modifier l'objet en s'inspirant de l'intention du disposant, soit même les regrouper, avec des prestations analogues résultant d'autres libéralités. Il peut autoriser l'aliénation de tout ou partie des biens faisant l'objet de la libéralité en ordonnant que le prix en sera employé à des fins en rapport avec la volonté du disposant. Il prescrit les mesures propres à maintenir, autant qu'il est possible, l'appellation que le disposant avait entendu donner à sa libéralité.",VIGUEUR,2007-01-01,2999-01-01,LEGIARTI000006433591,https://www.legifrance.gouv.fr/codes/article_lc/LEGIARTI000006433591
cc-900-5,cc_liberalites,Code civil,900-5,Livre III : Des différentes manières dont on acquiert la propriété > Titre II : Des libéralités > Chapitre Ier : Dispositions générales.,,"La demande n'est recevable que dix années après la mort du disposant ou, en cas de demandes successives, dix années après le jugement qui a ordonné la précédente révision. La personne gratifiée doit justifier des diligences qu'elle a faites, dans l'intervalle, pour exécuter ses obligations.",VIGUEUR,2007-01-01,2999-01-01,LEGIARTI000006433599,https://www.legifrance.gouv.fr/codes/article_lc/LEGIARTI000006433599
cc-900-6,cc_liberalites,Code civil,900-6,Livre III : Des différentes manières dont on acquiert la propriété > Titre II : Des libéralités > Chapitre Ier : Dispositions générales.,,La tierce opposition à l'encontre du jugement faisant droit à la demande en révision n'est recevable qu'en cas de fraude imputable au donataire ou légataire. La rétractation ou la réformation du jugement attaqué n'ouvre droit à aucune action contre le tiers acquéreur de bonne foi.,VIGUEUR,2007-01-01,2999-01-01,LEGIARTI000006433610,https://www.legifrance.gouv.fr/codes/article_lc/LEGIARTI000006433610
cc-900-7,cc_liberalites,Code civil,900-7,Livre III : Des différentes manières dont on acquiert la propriété > Titre II : Des libéralités > Chapitre Ier : Dispositions générales.,,"Si, postérieurement à la révision, l'exécution des conditions ou des charges, telle qu'elle était prévue à l'origine, redevient possible, elle pourra être demandée par les héritiers.",VIGUEUR,2007-01-01,2999-01-01,LEGIARTI000006433619,https://www.legifrance.gouv.fr/codes/article_lc/LEGIARTI000006433619
cc-900-8,cc_liberalites,Code civil,900-8,Livre III : Des différentes manières dont on acquiert la propriété > Titre II : Des libéralités > Chapitre Ier : Dispositions générales.,,Est réputée non écrite toute clause par laquelle le disposant prive de la libéralité celui qui mettrait en cause la validité d'une clause d'inaliénabilité ou demanderait l'autorisation d'aliéner.,VIGUEUR,2007-01-01,2999-01-01,LEGIARTI000006433629,https://www.legifrance.gouv.fr/codes/article_lc/LEGIARTI000006433629
cc-901,cc_liberalites,Code civil,901,Livre III : Des différentes manières dont on acquiert la propriété > Titre II : Des libéralités > Chapitre II : De la capacité de disposer ou de recevoir par donation entre vifs ou par testament.,,"Pour faire une libéralité, il faut être sain d'esprit. La libéralité est nulle lorsque le consentement a été vicié par l'erreur, le dol ou la violence.",VIGUEUR,2007-01-01,2999-01-01,LEGIARTI000006433635,https://www.legifrance.gouv.fr/codes/article_lc/LEGIARTI000006433635
cc-902,cc_liberalites,Code civil,902,Livre III : Des différentes manières dont on acquiert la propriété > Titre II : Des libéralités > Chapitre II : De la capacité de disposer ou de recevoir par donation entre vifs ou par testament.,,"Toutes personnes peuvent disposer et recevoir soit par donation entre vifs, soit par testament, excepté celles que la loi en déclare incapables.",VIGUEUR,2007-01-01,2999-01-01,LEGIARTI000006433637,https://www.legifrance.gouv.fr/codes/article_lc/LEGIARTI000006433637
cc-903,cc_liberalites,Code civil,903,Livre III : Des différentes manières dont on acquiert la propriété > Titre II : Des libéralités > Chapitre II : De la capacité de disposer ou de recevoir par donation entre vifs ou par testament.,,"Le mineur âgé de moins de seize ans ne pourra aucunement disposer, sauf ce qui est réglé au chapitre IX du présent titre.",VIGUEUR,2007-01-01,2999-01-01,LEGIARTI000006433639,https://www.legifrance.gouv.fr/codes/article_lc/LEGIARTI000006433639
cc-904,cc_liberalites,Code civil,904,Livre III : Des différentes manières dont on acquiert la propriété > Titre II : Des libéralités > Chapitre II : De la capacité de disposer ou de recevoir par donation entre vifs ou par testament.,,"Le mineur, parvenu à l'âge de seize ans et non émancipé, ne pourra disposer que par testament, et jusqu'à concurrence seulement de la moitié des biens dont la loi permet au majeur de disposer. Toutefois, s'il est appelé sous les drapeaux pour une campagne de guerre, il pourra, pendant la durée des hostilités, disposer de la même quotité que s'il était majeur, en faveur de l'un quelconque de ses parents ou de plusieurs d'entre eux et jusqu'au sixième degré inclusivement ou encore en faveur de son conjoint survivant. A défaut de parents au sixième degré inclusivement, le mineur pourra disposer comme le ferait un majeur.",VIGUEUR,2007-01-01,2999-01-01,LEGIARTI000006433642,https://www.legifrance.gouv.fr/codes/article_lc/LEGIARTI000006433642
cc-906,cc_liberalites,Code civil,906,Livre III : Des différentes manières dont on acquiert la propriété > Titre II : Des libéralités > Chapitre II : De la capacité de disposer ou de recevoir par donation entre vifs ou par testament.,,"Pour être capable de recevoir entre vifs, il suffit d'être conçu au moment de la donation. Pour être capable de recevoir par testament, il suffit d'être conçu à l'époque du décès du testateur. Néanmoins, la donation ou le testament n'auront leur effet qu'autant que l'enfant sera né viable.",VIGUEUR,2007-01-01,2999-01-01,LEGIARTI000006433644,https://www.legifrance.gouv.fr/codes/article_lc/LEGIARTI000006433644
cc-907,cc_liberalites,Code civil,907,Livre III : Des différentes manières dont on acquiert la propriété > Titre II : Des libéralités > Chapitre II : De la capacité de disposer ou de recevoir par donation entre vifs ou par testament.,,"Le mineur, quoique parvenu à l'âge de seize ans, ne pourra, même par testament, disposer au profit de son tuteur. Le mineur, devenu majeur ou émancipé, ne pourra disposer, soit par donation entre vifs, soit par testament, au profit de celui qui aura été son tuteur, si le compte définitif de la tutelle n'a été préalablement rendu et apuré. Sont exceptés, dans les deux cas ci-dessus, les ascendants des mineurs, qui sont ou qui ont été leurs tuteurs.",VIGUEUR,2007-01-01,2999-01-01,LEGIARTI000006433646,https://www.legifrance.gouv.fr/codes/article_lc/LEGIARTI000006433646
cc-909,cc_liberalites,Code civil,909,Livre III : Des différentes manières dont on acquiert la propriété > Titre II : Des libéralités > Chapitre II : De la capacité de disposer ou de recevoir par donation entre vifs ou par testament.,,"Les membres des professions médicales et de la pharmacie, ainsi que les auxiliaires médicaux qui ont prodigué des soins à une personne pendant la maladie dont elle meurt ne peuvent profiter des dispositions entre vifs ou testamentaires qu'elle aurait faites en leur faveur pendant le cours de celle-ci. Les mandataires judiciaires à la protection des majeurs et les personnes morales au nom desquelles ils exercent leurs fonctions ne peuvent pareillement profiter des dispositions entre vifs ou testamentaires que les personnes dont ils assurent la protection auraient faites en leur faveur quelle que soit la date de la libéralité. Sont exceptées : 1° Les dispositions rémunératoires faites à titre particulier, eu égard aux facultés du disposant et aux services rendus ; 2° Les dispositions universelles, dans le cas de parenté jusqu'au quatrième degré inclusivement, pourvu toutefois que le décédé n'ait pas d'héritiers en ligne directe ; à moins que celui au profit de qui la disposition a été faite ne soit lui-même du nombre de ces héritiers. Les mêmes règles seront observées à l'égard du ministre du culte.",VIGUEUR,2009-01-01,2999-01-01,LEGIARTI000006433669,https://www.legifrance.gouv.fr/codes/article_lc/LEGIARTI000006433669
cc-913-1,cc_liberalites,Code civil,913-1,"Livre III : Des différentes manières dont on acquiert la propriété > Titre II : Des libéralités > Chapitre III : De la réserve héréditaire, de la quotité disponible et de la réduction. > Section 1 : De la réserve héréditaire et de la quotité disponible",,"Sont compris dans l'article 913 , sous le nom d'enfants, les descendants en quelque degré que ce soit, encore qu'ils ne doivent être comptés que pour l'enfant dont ils tiennent la place dans la succession du disposant.",VIGUEUR,2007-01-01,2999-01-01,LEGIARTI000006433705,https://www.legifrance.gouv.fr/codes/article_lc/LEGIARTI000006433705
cc-914-1,cc_liberalites,Code civil,914-1,"Livre III : Des différentes manières dont on acquiert la propriété > Titre II : Des libéralités > Chapitre III : De la réserve héréditaire, de la quotité disponible et de la réduction. > Section 1 : De la réserve héréditaire et de la quotité disponible",,"Les libéralités, par actes entre vifs ou par testament, ne pourront excéder les trois quarts des biens si, à défaut de descendant, le défunt laisse un conjoint survivant, non divorcé.",VIGUEUR,2007-01-01,2999-01-01,LEGIARTI000006433720,https://www.legifrance.gouv.fr/codes/article_lc/LEGIARTI000006433720
cc-917,cc_liberalites,Code civil,917,"Livre III : Des différentes manières dont on acquiert la propriété > Titre II : Des libéralités > Chapitre III : De la réserve héréditaire, de la quotité disponible et de la réduction. > Section 1 : De la réserve héréditaire et de la quotité disponible",,"Si la disposition par acte entre vifs ou par testament est d'un usufruit ou d'une rente viagère dont la valeur excède la quotité disponible, les héritiers au profit desquels la loi fait une réserve, auront l'option, ou d'exécuter cette disposition, ou de faire l'abandon de la propriété de la quotité disponible.",VIGUEUR,2007-01-01,2999-01-01,LEGIARTI000006433731,https://www.legifrance.gouv.fr/codes/article_lc/LEGIARTI000006433731
cc-918,cc_liberalites,Code civil,918,"Livre III : Des différentes manières dont on acquiert la propriété > Titre II : Des libéralités > Chapitre III : De la réserve héréditaire, de la quotité disponible et de la réduction. > Section 2 : De la réduction des libéralités excessives > Paragraphe 1 : Des opérations préliminaires à la réduction",,"La valeur en pleine propriété des biens aliénés, soit à charge de rente viagère, soit à fonds perdus, ou avec réserve d'usufruit à l'un des successibles en ligne directe, est imputée sur la quotité disponible. L'éventuel excédent est sujet à réduction. Cette imputation et cette réduction ne peuvent être demandées que par ceux des autres successibles en ligne directe qui n'ont pas consenti à ces aliénations.",VIGUEUR,2007-01-01,2999-01-01,LEGIARTI000006433740,https://www.legifrance.gouv.fr/codes/article_lc/LEGIARTI000006433740
cc-919,cc_liberalites,Code civil,919,"Livre III : Des différentes manières dont on acquiert la propriété > Titre II : Des libéralités > Chapitre III : De la réserve héréditaire, de la quotité disponible et de la réduction. > Section 2 : De la réduction des libéralités excessives > Paragraphe 1 : Des opérations préliminaires à la réduction",,"La quotité disponible pourra être donnée en tout ou en partie soit par acte entre vifs, soit par testament, aux enfants ou autres successibles du donateur, sans être sujette au rapport par le donataire ou le légataire venant à la succession, pourvu qu'en ce qui touche les dons la disposition ait été faite expressément et hors part successorale. La déclaration que la donation est hors part successorale pourra être faite, soit par l'acte qui contiendra la disposition, soit postérieurement, dans la forme des dispositions entre vifs ou testamentaires.",VIGUEUR,2007-01-01,2999-01-01,LEGIARTI000006433747,https://www.legifrance.gouv.fr/codes/article_lc/LEGIARTI000006433747
cc-920,cc_liberalites,Code civil,920,"Livre III : Des différentes manières dont on acquiert la propriété > Titre II : Des libéralités > Chapitre III : De la réserve héréditaire, de la quotité disponible et de la réduction. > Section 2 : De la réduction des libéralités excessives > Paragraphe 1 : Des opérations préliminaires à la réduction",,"Les libéralités, directes ou indirectes, qui portent atteinte à la réserve d'un ou plusieurs héritiers, sont réductibles à la quotité disponible lors de l'ouverture de la succession.",VIGUEUR,2007-01-01,2999-01-01,LEGIARTI000006433749,https://www.legifrance.gouv.fr/codes/article_lc/LEGIARTI000006433749
cc-922,cc_liberalites,Code civil,922,"Livre III : Des différentes manières dont on acquiert la propriété > Titre II : Des libéralités > Chapitre III : De la réserve héréditaire, de la quotité disponible et de la réduction. > Section 2 : De la réduction des libéralités excessives > Paragraphe 2 : De l'exercice de la réduction",,"La réduction se détermine en formant une masse de tous les biens existant au décès du donateur ou testateur. Les biens dont il a été disposé par donation entre vifs sont fictivement réunis à cette masse, d'après leur état à l'époque de la donation et leur valeur à l'ouverture de la succession, après qu'en ont été déduites les dettes ou les charges les grevant. Si les biens ont été aliénés, il est tenu compte de leur valeur à l'époque de l'aliénation. S'il y a eu subrogation, il est tenu compte de la valeur des nouveaux biens au jour de l'ouverture de la succession, d'après leur état à l'époque de l'acquisition. Toutefois, si la dépréciation des nouveaux biens était, en raison de leur nature, inéluctable au jour de leur acquisition, il n'est pas tenu compte de la subrogation. On calcule sur tous ces biens, eu égard à la qualité des héritiers qu'il laisse, quelle est la quotité dont le défunt a pu disposer.",VIGUEUR,2007-01-01,2999-01-01,LEGIARTI000006433755,https://www.legifrance.gouv.fr/codes/article_lc/LEGIARTI000006433755
cc-923,cc_liberalites,Code civil,923,"Livre III : Des différentes manières dont on acquiert la propriété > Titre II : Des libéralités > Chapitre III : De la réserve héréditaire, de la quotité disponible et de la réduction. > Section 2 : De la réduction des libéralités excessives > Paragraphe 2 : De l'exercice de la réduction",,"Il n'y aura jamais lieu à réduire les donations entre vifs, qu'après avoir épuisé la valeur de tous les biens compris dans les dispositions testamentaires ; et lorsqu'il y aura lieu à cette réduction, elle se fera en commençant par la dernière donation, et ainsi de suite en remontant des dernières aux plus anciennes.",VIGUEUR,2007-01-01,2999-01-01,LEGIARTI000006433758,https://www.legifrance.gouv.fr/codes/article_lc/LEGIARTI000006433758
cc-924,cc_liberalites,Code civil,924,"Livre III : Des différentes manières dont on acquiert la propriété > Titre II : Des libéralités > Chapitre III : De la réserve héréditaire, de la quotité disponible et de la réduction. > Section 2 : De la réduction des libéralités excessives > Paragraphe 2 : De l'exercice de la réduction",,"Lorsque la libéralité excède la quotité disponible, le gratifié, successible ou non successible, doit indemniser les héritiers réservataires à concurrence de la portion excessive de la libéralité, quel que soit cet excédent. Le paiement de l'indemnité par l'héritier réservataire se fait en moins prenant et en priorité par voie d'imputation sur ses droits dans la réserve.",VIGUEUR,2007-01-01,2999-01-01,LEGIARTI000006433760,https://www.legifrance.gouv.fr/codes/article_lc/LEGIARTI000006433760
cc-926,cc_liberalites,Code civil,926,"Livre III : Des différentes manières dont on acquiert la propriété > Titre II : Des libéralités > Chapitre III : De la réserve héréditaire, de la quotité disponible et de la réduction. > Section 2 : De la réduction des libéralités excessives > Paragraphe 2 : De l'exercice de la réduction",,"Lorsque les dispositions testamentaires excéderont soit la quotité disponible, soit la portion de cette quotité qui resterait après avoir déduit la valeur des donations entre vifs, la réduction sera faite au marc le franc, sans aucune distinction entre les legs universels et les legs particuliers.",VIGUEUR,2007-01-01,2999-01-01,LEGIARTI000006433766,https://www.legifrance.gouv.fr/codes/article_lc/LEGIARTI000006433766
cc-927,cc_liberalites,Code civil,927,"Livre III : Des différentes manières dont on acquiert la propriété > Titre II : Des libéralités > Chapitre III : De la réserve héréditaire, de la quotité disponible et de la réduction. > Section 2 : De la réduction des libéralités excessives > Paragraphe 2 : De l'exercice de la réduction",,"Néanmoins dans tous les cas où le testateur aura expressément déclaré qu'il entend que tel legs soit acquitté de préférence aux autres, cette préférence aura lieu ; et le legs qui en sera l'objet ne sera réduit qu'autant que la valeur des autres ne remplirait pas la réserve légale.",VIGUEUR,2007-01-01,2999-01-01,LEGIARTI000006433768,https://www.legifrance.gouv.fr/codes/article_lc/LEGIARTI000006433768
cc-928,cc_liberalites,Code civil,928,"Livre III : Des différentes manières dont on acquiert la propriété > Titre II : Des libéralités > Chapitre III : De la réserve héréditaire, de la quotité disponible et de la réduction. > Section 2 : De la réduction des libéralités excessives > Paragraphe 2 : De l'exercice de la réduction",,"Lorsque la réduction s'exécute en nature, le donataire restitue les fruits de ce qui excède la portion disponible, à compter du jour du décès du donateur, si la demande en réduction est faite dans l'année ; sinon, du jour de la demande.",VIGUEUR,2007-01-01,2999-01-01,LEGIARTI000006433770,https://www.legifrance.gouv.fr/codes/article_lc/LEGIARTI000006433770
cc-929,cc_liberalites,Code civil,929,"Livre III : Des différentes manières dont on acquiert la propriété > Titre II : Des libéralités > Chapitre III : De la réserve héréditaire, de la quotité disponible et de la réduction. > Section 2 : De la réduction des libéralités excessives > Paragraphe 3 : De la renonciation anticipée à l'action en réduction",,Tout héritier réservataire présomptif peut renoncer à exercer une action en réduction dans une succession non ouverte. Cette renonciation doit être faite au profit d'une ou de plusieurs personnes déterminées. La renonciation n'engage le renonçant que du jour où elle a été acceptée par celui dont il a vocation à hériter. La renonciation peut viser une atteinte portant sur la totalité de la réserve ou sur une fraction seulement. Elle peut également ne viser que la réduction d'une libéralité portant sur un bien déterminé. L'acte de renonciation ne peut créer d'obligations à la charge de celui dont on a vocation à hériter ou être conditionné à un acte émanant de ce dernier.,VIGUEUR,2007-01-01,2999-01-01,LEGIARTI000006433772,https://www.legifrance.gouv.fr/codes/article_lc/LEGIARTI000006433772
cc-930,cc_liberalites,Code civil,930,"Livre III : Des différentes manières dont on acquiert la propriété > Titre II : Des libéralités > Chapitre III : De la réserve héréditaire, de la quotité disponible et de la réduction. > Section 2 : De la réduction des libéralités excessives > Paragraphe 3 : De la renonciation anticipée à l'action en réduction",,"La renonciation est établie par acte authentique spécifique reçu par deux notaires. Elle est signée séparément par chaque renonçant en présence des seuls notaires. Elle mentionne précisément ses conséquences juridiques futures pour chaque renonçant. La renonciation est nulle lorsqu'elle n'a pas été établie dans les conditions fixées au précédent alinéa, ou lorsque le consentement du renonçant a été vicié par l'erreur, le dol ou la violence. La renonciation peut être faite dans le même acte par plusieurs héritiers réservataires.",VIGUEUR,2007-01-01,2999-01-01,LEGIARTI000006433774,https://www.legifrance.gouv.fr/codes/article_lc/LEGIARTI000006433774
cc-931,cc_liberalites,Code civil,931,Livre III : Des différentes manières dont on acquiert la propriété > Titre II : Des libéralités > Chapitre IV : Des donations entre vifs. > Section 1 : De la forme des donations entre vifs.,,"Tous actes portant donation entre vifs seront passés devant notaires dans la forme ordinaire des contrats ; et il en restera minute, sous peine de nullité.",VIGUEUR,2007-01-01,2999-01-01,LEGIARTI000006433777,https://www.legifrance.gouv.fr/codes/article_lc/LEGIARTI000006433777
cc-932,cc_liberalites,Code civil,932,Livre III : Des différentes manières dont on acquiert la propriété > Titre II : Des libéralités > Chapitre IV : Des donations entre vifs. > Section 1 : De la forme des donations entre vifs.,,"La donation entre vifs n'engagera le donateur, et ne produira aucun effet, que du jour qu'elle aura été acceptée en termes exprès. L'acceptation pourra être faite du vivant du donateur par un acte postérieur et authentique, dont il restera minute ; mais alors la donation n'aura d'effet, à l'égard du donateur, que du jour où l'acte qui constatera cette acceptation lui aura été notifié.",VIGUEUR,2007-01-01,2999-01-01,LEGIARTI000006433779,https://www.legifrance.gouv.fr/codes/article_lc/LEGIARTI000006433779
cc-933,cc_liberalites,Code civil,933,Livre III : Des différentes manières dont on acquiert la propriété > Titre II : Des libéralités > Chapitre IV : Des donations entre vifs. > Section 1 : De la forme des donations entre vifs.,,"Si le donataire est majeur, l'acceptation doit être faite par lui ou, en son nom, par la personne fondée de sa procuration, portant pouvoir d'accepter la donation faite, ou un pouvoir général d'accepter les donations qui auraient été ou qui pourraient être faites. Cette procuration devra être passée devant notaires ; et une expédition devra en être annexée à la minute de la donation, à la minute de l'acceptation qui serait faite par acte séparé.",VIGUEUR,2007-01-01,2999-01-01,LEGIARTI000006433784,https://www.legifrance.gouv.fr/codes/article_lc/LEGIARTI000006433784
cc-935,cc_liberalites,Code civil,935,Livre III : Des différentes manières dont on acquiert la propriété > Titre II : Des libéralités > Chapitre IV : Des donations entre vifs. > Section 1 : De la forme des donations entre vifs.,,"La donation faite à un mineur non émancipé ou à un majeur en tutelle devra être acceptée par son tuteur, conformément à l'article 463 , au titre "" De la minorité, de la tutelle et de l'émancipation "". Néanmoins, les père et mère du mineur non émancipé, ou les autres ascendants, même du vivant des père et mère, quoiqu'ils ne soient pas tuteurs du mineur, pourront accepter pour lui.",VIGUEUR,2007-01-01,2999-01-01,LEGIARTI000006433795,https://www.legifrance.gouv.fr/codes/article_lc/LEGIARTI000006433795
cc-936,cc_liberalites,Code civil,936,Livre III : Des différentes manières dont on acquiert la propriété > Titre II : Des libéralités > Chapitre IV : Des donations entre vifs. > Section 1 : De la forme des donations entre vifs.,,"Le sourd-muet qui saura écrire pourra accepter lui-même ou par un fondé de pouvoir. S'il ne sait pas écrire, l'acceptation doit être faite par un curateur nommé à cet effet, suivant les règles établies au titre "" De la minorité, de la tutelle et de l'émancipation "".",VIGUEUR,2007-01-01,2999-01-01,LEGIARTI000006433804,https://www.legifrance.gouv.fr/codes/article_lc/LEGIARTI000006433804
cc-938,cc_liberalites,Code civil,938,Livre III : Des différentes manières dont on acquiert la propriété > Titre II : Des libéralités > Chapitre IV : Des donations entre vifs. > Section 1 : De la forme des donations entre vifs.,,"La donation dûment acceptée sera parfaite par le seul consentement des parties ; et la propriété des objets donnés sera transférée au donataire, sans qu'il soit besoin d'autre tradition.",VIGUEUR,2007-01-01,2999-01-01,LEGIARTI000006433806,https://www.legifrance.gouv.fr/codes/article_lc/LEGIARTI000006433806
cc-941,cc_liberalites,Code civil,941,Livre III : Des différentes manières dont on acquiert la propriété > Titre II : Des libéralités > Chapitre IV : Des donations entre vifs. > Section 1 : De la forme des donations entre vifs.,,"Le défaut de publication pourra être opposé par toutes personnes ayant intérêt, excepté toutefois celles qui sont chargées de faire faire la publication, ou leurs ayants cause, et le donateur.",VIGUEUR,2007-01-01,2999-01-01,LEGIARTI000006433820,https://www.legifrance.gouv.fr/codes/article_lc/LEGIARTI000006433820
cc-943,cc_liberalites,Code civil,943,Livre III : Des différentes manières dont on acquiert la propriété > Titre II : Des libéralités > Chapitre IV : Des donations entre vifs. > Section 1 : De la forme des donations entre vifs.,,"La donation entre vifs ne pourra comprendre que les biens présents du donateur ; si elle comprend des biens à venir, elle sera nulle à cet égard.",VIGUEUR,2007-01-01,2999-01-01,LEGIARTI000006433830,https://www.legifrance.gouv.fr/codes/article_lc/LEGIARTI000006433830
cc-944,cc_liberalites,Code civil,944,Livre III : Des différentes manières dont on acquiert la propriété > Titre II : Des libéralités > Chapitre IV : Des donations entre vifs. > Section 1 : De la forme des donations entre vifs.,,"Toute donation entre vifs, faite sous des conditions dont l'exécution dépend de la seule volonté du donateur, sera nulle.",VIGUEUR,2007-01-01,2999-01-01,LEGIARTI000006433834,https://www.legifrance.gouv.fr/codes/article_lc/LEGIARTI000006433834
cc-945,cc_liberalites,Code civil,945,Livre III : Des différentes manières dont on acquiert la propriété > Titre II : Des libéralités > Chapitre IV : Des donations entre vifs. > Section 1 : De la forme des donations entre vifs.,,"Elle sera pareillement nulle si elle a été faite sous la condition d'acquitter d'autres dettes ou charges que celles qui existaient à l'époque de la donation ou qui seraient exprimées soit dans l'acte de donation, soit dans l'état qui devrait y être annexé.",VIGUEUR,2007-01-01,2999-01-01,LEGIARTI000006433841,https://www.legifrance.gouv.fr/codes/article_lc/LEGIARTI000006433841
cc-946,cc_liberalites,Code civil,946,Livre III : Des différentes manières dont on acquiert la propriété > Titre II : Des libéralités > Chapitre IV : Des donations entre vifs. > Section 1 : De la forme des donations entre vifs.,,"En cas que le donateur se soit réservé la liberté de disposer d'un effet compris dans la donation ou d'une somme fixe sur les biens donnés, s'il meurt sans en avoir disposé, ledit effet ou ladite somme appartiendra aux héritiers du donateur, nonobstant toutes clauses et stipulations à ce contraires.",VIGUEUR,2007-01-01,2999-01-01,LEGIARTI000006433843,https://www.legifrance.gouv.fr/codes/article_lc/LEGIARTI000006433843
cc-947,cc_liberalites,Code civil,947,Livre III : Des différentes manières dont on acquiert la propriété > Titre II : Des libéralités > Chapitre IV : Des donations entre vifs. > Section 1 : De la forme des donations entre vifs.,,Les quatre articles précédents ne s'appliquent point aux donations dont est mention aux chapitres VIII et IX du présent titre.,VIGUEUR,2007-01-01,2999-01-01,LEGIARTI000006433845,https://www.legifrance.gouv.fr/codes/article_lc/LEGIARTI000006433845
cc-948,cc_liberalites,Code civil,948,Livre III : Des différentes manières dont on acquiert la propriété > Titre II : Des libéralités > Chapitre IV : Des donations entre vifs. > Section 1 : De la forme des donations entre vifs.,,"Tout acte de donation d'effets mobiliers ne sera valable que pour les effets dont un état estimatif, signé du donateur et du donataire, ou de ceux qui acceptent pour lui, aura été annexé à la minute de la donation.",VIGUEUR,2007-01-01,2999-01-01,LEGIARTI000006433853,https://www.legifrance.gouv.fr/codes/article_lc/LEGIARTI000006433853
cc-949,cc_liberalites,Code civil,949,Livre III : Des différentes manières dont on acquiert la propriété > Titre II : Des libéralités > Chapitre IV : Des donations entre vifs. > Section 1 : De la forme des donations entre vifs.,,"Il est permis au donateur de faire la réserve à son profit ou de disposer, au profit d'un autre, de la jouissance ou de l'usufruit des biens meubles ou immeubles donnés.",VIGUEUR,2007-01-01,2999-01-01,LEGIARTI000006433858,https://www.legifrance.gouv.fr/codes/article_lc/LEGIARTI000006433858
cc-950,cc_liberalites,Code civil,950,Livre III : Des différentes manières dont on acquiert la propriété > Titre II : Des libéralités > Chapitre IV : Des donations entre vifs. > Section 1 : De la forme des donations entre vifs.,,"Lorsque la donation d'effets mobiliers aura été faite avec réserve d'usufruit, le donataire sera tenu, à l'expiration de l'usufruit, de prendre les effets donnés qui se trouveront en nature, dans l'état où il seront ; et il aura action contre le donateur ou ses héritiers, pour raison des objets non existants, jusqu'à concurrence de la valeur qui leur aura été donnée dans l'état estimatif.",VIGUEUR,2007-01-01,2999-01-01,LEGIARTI000006433861,https://www.legifrance.gouv.fr/codes/article_lc/LEGIARTI000006433861
cc-951,cc_liberalites,Code civil,951,Livre III : Des différentes manières dont on acquiert la propriété > Titre II : Des libéralités > Chapitre IV : Des donations entre vifs. > Section 1 : De la forme des donations entre vifs.,,"Le donateur pourra stipuler le droit de retour des objets donnés soit pour le cas du prédécès du donataire seul, soit pour le cas du prédécès du donataire et de ses descendants. Ce droit ne pourra être stipulé qu'au profit du donateur seul.",VIGUEUR,2007-01-01,2999-01-01,LEGIARTI000006433871,https://www.legifrance.gouv.fr/codes/article_lc/LEGIARTI000006433871
cc-952,cc_liberalites,Code civil,952,Livre III : Des différentes manières dont on acquiert la propriété > Titre II : Des libéralités > Chapitre IV : Des donations entre vifs. > Section 1 : De la forme des donations entre vifs.,,"L'effet du droit de retour est de résoudre toutes les aliénations des biens et des droits donnés, et de faire revenir ces biens et droits au donateur, libres de toutes charges et hypothèques, exceptée l'hypothèque légale des époux si les autres biens de l'époux donataire ne suffisent pas à l'accomplissement de ce retour et que la donation lui a été faite par le contrat de mariage dont résultent ces charges et hypothèques.",VIGUEUR,2007-01-01,2999-01-01,LEGIARTI000006433881,https://www.legifrance.gouv.fr/codes/article_lc/LEGIARTI000006433881
cc-953,cc_liberalites,Code civil,953,Livre III : Des différentes manières dont on acquiert la propriété > Titre II : Des libéralités > Chapitre IV : Des donations entre vifs. > Section 2 : Des exceptions à la règle de l'irrévocabilité des donations entre vifs.,,"La donation entre vifs ne pourra être révoquée que pour cause d'inexécution des conditions sous lesquelles elle aura été faite, pour cause d'ingratitude, et pour cause de survenance d'enfants.",VIGUEUR,2007-01-01,2999-01-01,LEGIARTI000006433883,https://www.legifrance.gouv.fr/codes/article_lc/LEGIARTI000006433883
cc-954,cc_liberalites,Code civil,954,Livre III : Des différentes manières dont on acquiert la propriété > Titre II : Des libéralités > Chapitre IV : Des donations entre vifs. > Section 2 : Des exceptions à la règle de l'irrévocabilité des donations entre vifs.,,"Dans le cas de la révocation pour cause d'inexécution des conditions, les biens rentreront dans les mains du donateur, libres de toutes charges et hypothèques du chef du donataire ; et le donateur aura, contre les tiers détenteurs des immeubles donnés, tous les droits qu'il aurait contre le donataire lui-même.",VIGUEUR,2007-01-01,2999-01-01,LEGIARTI000006433885,https://www.legifrance.gouv.fr/codes/article_lc/LEGIARTI000006433885
cc-955,cc_liberalites,Code civil,955,Livre III : Des différentes manières dont on acquiert la propriété > Titre II : Des libéralités > Chapitre IV : Des donations entre vifs. > Section 2 : Des exceptions à la règle de l'irrévocabilité des donations entre vifs.,,"La donation entre vifs ne pourra être révoquée pour cause d'ingratitude que dans les cas suivants : 1° Si le donataire a attenté à la vie du donateur ; 2° S'il s'est rendu coupable envers lui de sévices, délits ou injures graves ; 3° S'il lui refuse des aliments.",VIGUEUR,2007-01-01,2999-01-01,LEGIARTI000006433887,https://www.legifrance.gouv.fr/codes/article_lc/LEGIARTI000006433887
cc-956,cc_liberalites,Code civil,956,Livre III : Des différentes manières dont on acquiert la propriété > Titre II : Des libéralités > Chapitre IV : Des donations entre vifs. > Section 2 : Des exceptions à la règle de l'irrévocabilité des donations entre vifs.,,"La révocation pour cause d'inexécution des conditions, ou pour cause d'ingratitude, n'aura jamais lieu de plein droit.",VIGUEUR,2007-01-01,2999-01-01,LEGIARTI000006433893,https://www.legifrance.gouv.fr/codes/article_lc/LEGIARTI000006433893
cc-957,cc_liberalites,Code civil,957,Livre III : Des différentes manières dont on acquiert la propriété > Titre II : Des libéralités > Chapitre IV : Des donations entre vifs. > Section 2 : Des exceptions à la règle de l'irrévocabilité des donations entre vifs.,,"La demande en révocation pour cause d'ingratitude devra être formée dans l'année, à compter du jour du délit imputé par le donateur au donataire, ou du jour que le délit aura pu être connu par le donateur. Cette révocation ne pourra être demandée par le donateur contre les héritiers du donataire, ni par les héritiers du donateur contre le donataire, à moins que, dans ce dernier cas, l'action n'ait été intentée par le donateur, ou qu'il ne soit décédé dans l'année du délit.",VIGUEUR,2007-01-01,2999-01-01,LEGIARTI000006433904,https://www.legifrance.gouv.fr/codes/article_lc/LEGIARTI000006433904
cc-959,cc_liberalites,Code civil,959,Livre III : Des différentes manières dont on acquiert la propriété > Titre II : Des libéralités > Chapitre IV : Des donations entre vifs. > Section 2 : Des exceptions à la règle de l'irrévocabilité des donations entre vifs.,,Les donations en faveur de mariage ne seront pas révocables pour cause d'ingratitude.,VIGUEUR,2007-01-01,2999-01-01,LEGIARTI000006433943,https://www.legifrance.gouv.fr/codes/article_lc/LEGIARTI000006433943
cc-961,cc_liberalites,Code civil,961,Livre III : Des différentes manières dont on acquiert la propriété > Titre II : Des libéralités > Chapitre IV : Des donations entre vifs. > Section 2 : Des exceptions à la règle de l'irrévocabilité des donations entre vifs.,,"Cette révocation peut avoir lieu, encore que l'enfant du donateur ou de la donatrice fût conçu au temps de la donation.",VIGUEUR,2007-01-01,2999-01-01,LEGIARTI000006433953,https://www.legifrance.gouv.fr/codes/article_lc/LEGIARTI000006433953
cc-963,cc_liberalites,Code civil,963,Livre III : Des différentes manières dont on acquiert la propriété > Titre II : Des libéralités > Chapitre IV : Des donations entre vifs. > Section 2 : Des exceptions à la règle de l'irrévocabilité des donations entre vifs.,,"Les biens et droits compris dans la donation révoquée rentrent dans le patrimoine du donateur, libres de toutes charges et hypothèques du chef du donataire, sans qu'ils puissent demeurer affectés, même subsidiairement, à l'hypothèque légale des époux ; il en est ainsi même si la donation a été faite en faveur du mariage du donataire et insérée dans le contrat de mariage.",VIGUEUR,2007-01-01,2999-01-01,LEGIARTI000006433964,https://www.legifrance.gouv.fr/codes/article_lc/LEGIARTI000006433964
cc-964,cc_liberalites,Code civil,964,Livre III : Des différentes manières dont on acquiert la propriété > Titre II : Des libéralités > Chapitre IV : Des donations entre vifs. > Section 2 : Des exceptions à la règle de l'irrévocabilité des donations entre vifs.,,La mort de l'enfant du donateur est sans effet sur la révocation des donations prévue à l'article 960 .,VIGUEUR,2007-01-01,2999-01-01,LEGIARTI000006433974,https://www.legifrance.gouv.fr/codes/article_lc/LEGIARTI000006433974
cc-965,cc_liberalites,Code civil,965,Livre III : Des différentes manières dont on acquiert la propriété > Titre II : Des libéralités > Chapitre IV : Des donations entre vifs. > Section 2 : Des exceptions à la règle de l'irrévocabilité des donations entre vifs.,,"Le donateur peut, à tout moment, renoncer à exercer la révocation pour survenance d'enfant.",VIGUEUR,2007-01-01,2999-01-01,LEGIARTI000006433983,https://www.legifrance.gouv.fr/codes/article_lc/LEGIARTI000006433983
cc-966,cc_liberalites,Code civil,966,Livre III : Des différentes manières dont on acquiert la propriété > Titre II : Des libéralités > Chapitre IV : Des donations entre vifs. > Section 2 : Des exceptions à la règle de l'irrévocabilité des donations entre vifs.,,L'action en révocation se prescrit par cinq ans à compter de la naissance ou de l'adoption du dernier enfant. Elle ne peut être exercée que par le donateur.,VIGUEUR,2007-01-01,2999-01-01,LEGIARTI000006433992,https://www.legifrance.gouv.fr/codes/article_lc/LEGIARTI000006433992
cc-967,cc_liberalites,Code civil,967,Livre III : Des différentes manières dont on acquiert la propriété > Titre II : Des libéralités > Chapitre V : Des dispositions testamentaires. > Section 1 : Des règles générales sur la forme des testaments.,,"Toute personne pourra disposer par testament soit sous le titre d'institution d'héritier, soit sous le titre de legs, soit sous toute autre dénomination propre à manifester sa volonté.",VIGUEUR,2007-01-01,2999-01-01,LEGIARTI000006434023,https://www.legifrance.gouv.fr/codes/article_lc/LEGIARTI000006434023
cc-968,cc_liberalites,Code civil,968,Livre III : Des différentes manières dont on acquiert la propriété > Titre II : Des libéralités > Chapitre V : Des dispositions testamentaires. > Section 1 : Des règles générales sur la forme des testaments.,,"Un testament ne pourra être fait dans le même acte par deux ou plusieurs personnes soit au profit d'un tiers, soit à titre de disposition réciproque ou mutuelle.",VIGUEUR,2007-01-01,2999-01-01,LEGIARTI000006434040,https://www.legifrance.gouv.fr/codes/article_lc/LEGIARTI000006434040
cc-969,cc_liberalites,Code civil,969,Livre III : Des différentes manières dont on acquiert la propriété > Titre II : Des libéralités > Chapitre V : Des dispositions testamentaires. > Section 1 : Des règles générales sur la forme des testaments.,,Un testament pourra être olographe ou fait par acte public ou dans la forme mystique.,VIGUEUR,2007-01-01,2999-01-01,LEGIARTI000006434054,https://www.legifrance.gouv.fr/codes/article_lc/LEGIARTI000006434054
cc-970,cc_liberalites,Code civil,970,Livre III : Des différentes manières dont on acquiert la propriété > Titre II : Des libéralités > Chapitre V : Des dispositions testamentaires. > Section 1 : Des règles générales sur la forme des testaments.,,"Le testament olographe ne sera point valable s'il n'est écrit en entier, daté et signé de la main du testateur : il n'est assujetti à aucune autre forme.",VIGUEUR,2007-01-01,2999-01-01,LEGIARTI000006434066,https://www.legifrance.gouv.fr/codes/article_lc/LEGIARTI000006434066
cc-971,cc_liberalites,Code civil,971,Livre III : Des différentes manières dont on acquiert la propriété > Titre II : Des libéralités > Chapitre V : Des dispositions testamentaires. > Section 1 : Des règles générales sur la forme des testaments.,,Le testament par acte public est reçu par deux notaires ou par un notaire assisté de deux témoins.,VIGUEUR,2007-01-01,2999-01-01,LEGIARTI000006434084,https://www.legifrance.gouv.fr/codes/article_lc/LEGIARTI000006434084
cc-973,cc_liberalites,Code civil,973,Livre III : Des différentes manières dont on acquiert la propriété > Titre II : Des libéralités > Chapitre V : Des dispositions testamentaires. > Section 1 : Des règles générales sur la forme des testaments.,,"Ce testament doit être signé par le testateur en présence des témoins et du notaire ; si le testateur déclare qu'il ne sait ou ne peut signer, il sera fait dans l'acte mention expresse de sa déclaration, ainsi que de la cause qui l'empêche de signer.",VIGUEUR,2007-01-01,2999-01-01,LEGIARTI000006434122,https://www.legifrance.gouv.fr/codes/article_lc/LEGIARTI000006434122
cc-974,cc_liberalites,Code civil,974,Livre III : Des différentes manières dont on acquiert la propriété > Titre II : Des libéralités > Chapitre V : Des dispositions testamentaires. > Section 1 : Des règles générales sur la forme des testaments.,,Le testament devra être signé par les témoins et par le notaire.,VIGUEUR,2007-01-01,2999-01-01,LEGIARTI000006434139,https://www.legifrance.gouv.fr/codes/article_lc/LEGIARTI000006434139
cc-975,cc_liberalites,Code civil,975,Livre III : Des différentes manières dont on acquiert la propriété > Titre II : Des libéralités > Chapitre V : Des dispositions testamentaires. > Section 1 : Des règles générales sur la forme des testaments.,,"Ne pourront être pris pour témoins du testament par acte public, ni les légataires, à quelque titre qu'ils soient, ni leurs parents ou alliés jusqu'au quatrième degré inclusivement, ni les clercs des notaires par lesquels les actes seront reçus.",VIGUEUR,2007-01-01,2999-01-01,LEGIARTI000006434158,https://www.legifrance.gouv.fr/codes/article_lc/LEGIARTI000006434158
cc-976,cc_liberalites,Code civil,976,Livre III : Des différentes manières dont on acquiert la propriété > Titre II : Des libéralités > Chapitre V : Des dispositions testamentaires. > Section 1 : Des règles générales sur la forme des testaments.,,"Lorsque le testateur voudra faire un testament mystique, le papier qui contiendra les dispositions ou le papier qui servira d'enveloppe, s'il y en a une, sera clos, cacheté et scellé. Le testateur le présentera ainsi clos, cacheté et scellé au notaire et à deux témoins, ou il le fera clore, cacheter et sceller en leur présence, et il déclarera que le contenu de ce papier est son testament, signé de lui, et écrit par lui ou par un autre, en affirmant, dans ce dernier cas, qu'il en a personnellement vérifié le libellé ; il indiquera, dans tous les cas, le mode d'écriture employé (à la main ou mécanique). Le notaire en dressera, en brevet, l'acte de suscription qu'il écrira ou fera écrire à la main ou mécaniquement sur ce papier ou sur la feuille qui servira d'enveloppe et portera la date et l'indication du lieu où il a été passé, la description du pli et de l'empreinte du sceau, et mention de toutes les formalités ci-dessus ; cet acte sera signé tant par le testateur que par le notaire et les témoins. Tout ce que dessus sera fait de suite et sans divertir à autres actes. En cas que le testateur, par un empêchement survenu depuis la signature du testament, ne puisse signer l'acte de suscription, il sera fait mention de la déclaration qu'il en aura faite et du motif qu'il en aura donné.",VIGUEUR,2007-01-01,2999-01-01,LEGIARTI000006434176,https://www.legifrance.gouv.fr/codes/article_lc/LEGIARTI000006434176
cc-977,cc_liberalites,Code civil,977,Livre III : Des différentes manières dont on acquiert la propriété > Titre II : Des libéralités > Chapitre V : Des dispositions testamentaires. > Section 1 : Des règles générales sur la forme des testaments.,,"Si le testateur ne sait signer ou s'il n'a pu le faire lorsqu'il a fait écrire ses dispositions, il sera procédé comme il est dit à l'article précédent ; il sera fait, en outre, mention à l'acte de suscription que le testateur a déclaré ne savoir signer ou n'avoir pu le faire lorsqu'il a fait écrire ses dispositions.",VIGUEUR,2007-01-01,2999-01-01,LEGIARTI000006434183,https://www.legifrance.gouv.fr/codes/article_lc/LEGIARTI000006434183
cc-978,cc_liberalites,Code civil,978,Livre III : Des différentes manières dont on acquiert la propriété > Titre II : Des libéralités > Chapitre V : Des dispositions testamentaires. > Section 1 : Des règles générales sur la forme des testaments.,,Ceux qui ne savent ou ne peuvent lire ne pourront faire de dispositions dans la forme du testament mystique.,VIGUEUR,2007-01-01,2999-01-01,LEGIARTI000006434192,https://www.legifrance.gouv.fr/codes/article_lc/LEGIARTI000006434192
cc-979,cc_liberalites,Code civil,979,Livre III : Des différentes manières dont on acquiert la propriété > Titre II : Des libéralités > Chapitre V : Des dispositions testamentaires. > Section 1 : Des règles générales sur la forme des testaments.,,"En cas que le testateur ne puisse parler, mais qu'il puisse écrire, il pourra faire un testament mystique, à la charge expresse que le testament sera signé de lui et écrit par lui ou par un autre, qu'il le présentera au notaire et aux témoins, et qu'en haut de l'acte de suscription il écrira, en leur présence, que le papier qu'il présente est son testament et signera. Il sera fait mention dans l'acte de suscription que le testateur a écrit et signé ces mots en présence du notaire et des témoins et sera, au surplus, observé tout ce qui est prescrit par l'article 976 et n'est pas contraire au présent article. Dans tous les cas prévus au présent article ou aux articles précédents, le testament mystique dans lequel n'auront point été observées les formalités légales, et qui sera nul comme tel, vaudra cependant comme testament olographe si toutes les conditions requises pour sa validité comme testament olographe sont remplies, même s'il a été qualifié de testament mystique.",VIGUEUR,2007-01-01,2999-01-01,LEGIARTI000006434202,https://www.legifrance.gouv.fr/codes/article_lc/LEGIARTI000006434202
cc-980,cc_liberalites,Code civil,980,Livre III : Des différentes manières dont on acquiert la propriété > Titre II : Des libéralités > Chapitre V : Des dispositions testamentaires. > Section 1 : Des règles générales sur la forme des testaments.,,"Les témoins appelés pour être présents aux testaments devront comprendre la langue française et être majeurs, savoir signer et avoir la jouissance de leurs droits civils. Ils pourront être de l'un ou de l'autre sexe, mais le mari et la femme ne pourront être témoins dans le même acte.",VIGUEUR,2007-01-01,2999-01-01,LEGIARTI000006434217,https://www.legifrance.gouv.fr/codes/article_lc/LEGIARTI000006434217
cc-982,cc_liberalites,Code civil,982,Livre III : Des différentes manières dont on acquiert la propriété > Titre II : Des libéralités > Chapitre V : Des dispositions testamentaires. > Section 2 : Des règles particulières sur la forme de certains testaments.,,"Les testaments mentionnés à l'article précédent pourront encore, si le testateur est malade ou blessé, être reçus, dans les hôpitaux ou les formations sanitaires militaires, telles que les définissent les règlements de l'armée, par le médecin-chef, quel que soit son grade, assisté de l'officier d'administration gestionnaire. A défaut de cet officier d'administration, la présence de deux témoins sera nécessaire.",VIGUEUR,2007-01-01,2999-01-01,LEGIARTI000006434255,https://www.legifrance.gouv.fr/codes/article_lc/LEGIARTI000006434255
cc-983,cc_liberalites,Code civil,983,Livre III : Des différentes manières dont on acquiert la propriété > Titre II : Des libéralités > Chapitre V : Des dispositions testamentaires. > Section 2 : Des règles particulières sur la forme de certains testaments.,,"Dans tous les cas, il est fait un double original des testaments mentionnés aux articles 981 et 982 . Si cette formalité n'a pu être accomplie en raison de l'état de santé du testateur, il est dressé une expédition du testament, signée par les témoins et par les officiers instrumentaires, pour tenir lieu du second original. Il y est fait mention des causes qui ont empêché de dresser le second original. Dès que leur communication est possible, et dans le plus bref délai, les deux originaux, ou l'original et l'expédition du testament, sont adressés par courriers distincts, sous pli clos et cacheté, au ministre chargé de la défense nationale ou de la mer, pour être déposés chez le notaire indiqué par le testateur ou, à défaut d'indication, chez le président de la chambre des notaires de l'arrondissement du dernier domicile du testateur.",VIGUEUR,2007-01-01,2999-01-01,LEGIARTI000006434269,https://www.legifrance.gouv.fr/codes/article_lc/LEGIARTI000006434269
cc-984,cc_liberalites,Code civil,984,Livre III : Des différentes manières dont on acquiert la propriété > Titre II : Des libéralités > Chapitre V : Des dispositions testamentaires. > Section 2 : Des règles particulières sur la forme de certains testaments.,,"Le testament fait dans la forme ci-dessus établie sera nul six mois après que le testateur sera venu dans un lieu où il aura la liberté d'employer les formes ordinaires, à moins que, avant l'expiration de ce délai, il n'ait été de nouveau placé dans une des situations spéciales prévues à l'article 93 . Le testament sera alors valable pendant la durée de cette situation spéciale et pendant un nouveau délai de six mois après son expiration.",VIGUEUR,2007-01-01,2999-01-01,LEGIARTI000006434281,https://www.legifrance.gouv.fr/codes/article_lc/LEGIARTI000006434281
cc-987,cc_liberalites,Code civil,987,Livre III : Des différentes manières dont on acquiert la propriété > Titre II : Des libéralités > Chapitre V : Des dispositions testamentaires. > Section 2 : Des règles particulières sur la forme de certains testaments.,,"Les testaments mentionnés aux deux précédents articles deviendront nuls six mois après que les communications auront été rétablies dans le lieu où le testateur se trouve, ou six mois après qu'il aura passé dans un lieu où elles ne seront point interrompues.",VIGUEUR,2007-01-01,2999-01-01,LEGIARTI000006434319,https://www.legifrance.gouv.fr/codes/article_lc/LEGIARTI000006434319
cc-988,cc_liberalites,Code civil,988,Livre III : Des différentes manières dont on acquiert la propriété > Titre II : Des libéralités > Chapitre V : Des dispositions testamentaires. > Section 2 : Des règles particulières sur la forme de certains testaments.,,"Au cours d'un voyage maritime, soit en route, soit pendant un arrêt dans un port, lorsqu'il y aura impossibilité de communiquer avec la terre ou lorsqu'il n'existera pas dans le port, si l'on est à l'étranger, d'agent diplomatique ou consulaire français investi des fonctions de notaire, les testaments des personnes présentes à bord seront reçus, en présence de deux témoins : sur les bâtiments de l'Etat, par l'officier d'administration ou, à son défaut, par le commandant ou celui qui en remplit les fonctions, et sur les autres bâtiments, par le capitaine, maître ou patron, assisté du second du navire, ou, à leur défaut, par ceux qui les remplacent. L'acte indiquera celle des circonstances ci-dessus prévues dans laquelle il aura été reçu.",VIGUEUR,2007-01-01,2999-01-01,LEGIARTI000006434331,https://www.legifrance.gouv.fr/codes/article_lc/LEGIARTI000006434331
cc-989,cc_liberalites,Code civil,989,Livre III : Des différentes manières dont on acquiert la propriété > Titre II : Des libéralités > Chapitre V : Des dispositions testamentaires. > Section 2 : Des règles particulières sur la forme de certains testaments.,,"Sur les bâtiments de l'Etat, le testament de l'officier d'administration sera, dans les circonstances prévues à l'article précédent, reçu par le commandant ou par celui qui en remplit les fonctions, et, s'il n'y a pas d'officier d'administration, le testament du commandant sera reçu par celui qui vient après lui dans l'ordre du service. Sur les autres bâtiments, le testament du capitaine, maître ou patron, ou celui du second, seront, dans les mêmes circonstances, reçus par les personnes qui viennent après eux dans l'ordre du service.",VIGUEUR,2007-01-01,2999-01-01,LEGIARTI000006434345,https://www.legifrance.gouv.fr/codes/article_lc/LEGIARTI000006434345
cc-990,cc_liberalites,Code civil,990,Livre III : Des différentes manières dont on acquiert la propriété > Titre II : Des libéralités > Chapitre V : Des dispositions testamentaires. > Section 2 : Des règles particulières sur la forme de certains testaments.,,"Dans tous les cas, il sera fait un double original des testaments mentionnés aux deux articles précédents. Si cette formalité n'a pu être remplie à raison de l'état de santé du testateur, il sera dressé une expédition du testament pour tenir lieu du second original ; cette expédition sera signée par les témoins et par les officiers instrumentaires. Il y sera fait mention des causes qui ont empêché de dresser le second original.",VIGUEUR,2007-01-01,2999-01-01,LEGIARTI000006434355,https://www.legifrance.gouv.fr/codes/article_lc/LEGIARTI000006434355
cc-991,cc_liberalites,Code civil,991,Livre III : Des différentes manières dont on acquiert la propriété > Titre II : Des libéralités > Chapitre V : Des dispositions testamentaires. > Section 2 : Des règles particulières sur la forme de certains testaments.,,"Au premier arrêt dans un port étranger où se trouve un agent diplomatique ou consulaire français, l'un des originaux ou l'expédition du testament est remis, sous pli clos et cacheté, à celui-ci. Cet agent adresse ce pli au ministre chargé de la mer, afin que le dépôt prévu à l'article 983 soit effectué.",VIGUEUR,2007-01-01,2999-01-01,LEGIARTI000006434367,https://www.legifrance.gouv.fr/codes/article_lc/LEGIARTI000006434367
cc-992,cc_liberalites,Code civil,992,Livre III : Des différentes manières dont on acquiert la propriété > Titre II : Des libéralités > Chapitre V : Des dispositions testamentaires. > Section 2 : Des règles particulières sur la forme de certains testaments.,,"A l'arrivée du bâtiment dans un port du territoire national, les deux originaux du testament, ou l'original et son expédition, ou l'original qui reste, en cas de transmission ou de remise effectuée pendant le cours du voyage, sont déposés, sous pli clos et cacheté, pour les bâtiments de l'Etat au ministre chargé de la défense nationale et, pour les autres bâtiments, au ministre chargé de la mer. Chacune de ces pièces est adressée, séparément et par courriers différents, au ministre chargé de la mer, qui les transmet conformément à l'article 983 .",VIGUEUR,2007-01-01,2999-01-01,LEGIARTI000006434376,https://www.legifrance.gouv.fr/codes/article_lc/LEGIARTI000006434376
cc-994,cc_liberalites,Code civil,994,Livre III : Des différentes manières dont on acquiert la propriété > Titre II : Des libéralités > Chapitre V : Des dispositions testamentaires. > Section 2 : Des règles particulières sur la forme de certains testaments.,,"Le testament fait au cours d'un voyage maritime, en la forme prescrite par les articles 988 et suivants, ne sera valable qu'autant que le testateur mourra à bord ou dans les six mois après qu'il sera débarqué dans un lieu où il aura pu le refaire dans les formes ordinaires. Toutefois, si le testateur entreprend un nouveau voyage maritime avant l'expiration de ce délai, le testament sera valable pendant la durée de ce voyage et pendant un nouveau délai de six mois après que le testateur sera de nouveau débarqué.",VIGUEUR,2007-01-01,2999-01-01,LEGIARTI000006434398,https://www.legifrance.gouv.fr/codes/article_lc/LEGIARTI000006434398
cc-995,cc_liberalites,Code civil,995,Livre III : Des différentes manières dont on acquiert la propriété > Titre II : Des libéralités > Chapitre V : Des dispositions testamentaires. > Section 2 : Des règles particulières sur la forme de certains testaments.,,"Les dispositions insérées dans un testament fait, au cours d'un voyage maritime, au profit des officiers du bâtiment autres que ceux qui seraient parents ou alliés du testateur, seront nulles et non avenues. Il en sera ainsi, que le testament soit fait en la forme olographe ou qu'il soit reçu conformément aux articles 988 et suivants .",VIGUEUR,2007-01-01,2999-01-01,LEGIARTI000006434420,https://www.legifrance.gouv.fr/codes/article_lc/LEGIARTI000006434420
cc-996,cc_liberalites,Code civil,996,Livre III : Des différentes manières dont on acquiert la propriété > Titre II : Des libéralités > Chapitre V : Des dispositions testamentaires. > Section 2 : Des règles particulières sur la forme de certains testaments.,,"Il sera donné lecture au testateur, en présence des témoins, des dispositions de l'article 984 , 987 ou 994 , suivant le cas, et mention de cette lecture sera faite dans le testament.",VIGUEUR,2007-01-01,2999-01-01,LEGIARTI000006434446,https://www.legifrance.gouv.fr/codes/article_lc/LEGIARTI000006434446
cc-997,cc_liberalites,Code civil,997,Livre III : Des différentes manières dont on acquiert la propriété > Titre II : Des libéralités > Chapitre V : Des dispositions testamentaires. > Section 2 : Des règles particulières sur la forme de certains testaments.,,"Les testaments compris dans les articles ci-dessus de la présente section seront signés par le testateur, par ceux qui les auront reçus et par les témoins.",VIGUEUR,2007-01-01,2999-01-01,LEGIARTI000006434461,https://www.legifrance.gouv.fr/codes/article_lc/LEGIARTI000006434461
cc-998,cc_liberalites,Code civil,998,Livre III : Des différentes manières dont on acquiert la propriété > Titre II : Des libéralités > Chapitre V : Des dispositions testamentaires. > Section 2 : Des règles particulières sur la forme de certains testaments.,,"Si le testateur déclare qu'il ne peut ou ne sait signer, il sera fait mention de sa déclaration, ainsi que de la cause qui l'empêche de signer. Dans le cas où la présence de deux témoins est requise, le testament sera signé au moins par l'un d'eux, et il sera fait mention de la cause pour laquelle l'autre n'aura pas signé.",VIGUEUR,2007-01-01,2999-01-01,LEGIARTI000006434472,https://www.legifrance.gouv.fr/codes/article_lc/LEGIARTI000006434472
cc-999,cc_liberalites,Code civil,999,Livre III : Des différentes manières dont on acquiert la propriété > Titre II : Des libéralités > Chapitre V : Des dispositions testamentaires. > Section 2 : Des règles particulières sur la forme de certains testaments.,,"Un Français qui se trouvera en pays étranger pourra faire ses dispositions testamentaires par acte sous signature privée, ainsi qu'il est prescrit en l'article 970 , ou par acte authentique, avec les formes usitées dans le lieu où cet acte sera passé.",VIGUEUR,2007-01-01,2999-01-01,LEGIARTI000006434483,https://www.legifrance.gouv.fr/codes/article_lc/LEGIARTI000006434483
cc-1000,cc_liberalites,Code civil,1000,Livre III : Des différentes manières dont on acquiert la propriété > Titre II : Des libéralités > Chapitre V : Des dispositions testamentaires. > Section 2 : Des règles particulières sur la forme de certains testaments.,,"Les testaments faits en pays étranger ne pourront être exécutés sur les biens situés en France qu'après avoir été enregistrés au bureau du domicile du testateur, s'il en a conservé un, sinon au bureau de son dernier domicile connu en France ; et, dans le cas où le testament contiendrait des dispositions d'immeubles qui y seraient situés, il devra être, en outre, enregistré au bureau de la situation de ces immeubles, sans qu'il puisse être exigé un double droit.",VIGUEUR,2007-01-01,2999-01-01,LEGIARTI000006434494,https://www.legifrance.gouv.fr/codes/article_lc/LEGIARTI000006434494
cc-1001,cc_liberalites,Code civil,1001,Livre III : Des différentes manières dont on acquiert la propriété > Titre II : Des libéralités > Chapitre V : Des dispositions testamentaires. > Section 2 : Des règles particulières sur la forme de certains testaments.,,Les formalités auxquelles les divers testaments sont assujettis par les dispositions de la présente section et de la précédente doivent être observées à peine de nullité.,VIGUEUR,2007-01-01,2999-01-01,LEGIARTI000006434506,https://www.legifrance.gouv.fr/codes/article_lc/LEGIARTI000006434506
cc-1002,cc_liberalites,Code civil,1002,Livre III : Des différentes manières dont on acquiert la propriété > Titre II : Des libéralités > Chapitre V : Des dispositions testamentaires. > Section 3 : Des institutions d'héritiers et des legs en général.,,"Les dispositions testamentaires sont ou universelles, ou à titre universel, ou à titre particulier. Chacune de ces dispositions, soit qu'elle ait été faite sous la dénomination d'institution d'héritier, soit qu'elle ait été faite sous la dénomination de legs, produira son effet suivant les règles ci-après établies pour les legs universels, pour les legs à titre universel, et pour les legs particuliers.",VIGUEUR,2007-01-01,2999-01-01,LEGIARTI000006434529,https://www.legifrance.gouv.fr/codes/article_lc/LEGIARTI000006434529
cc-1003,cc_liberalites,Code civil,1003,Livre III : Des différentes manières dont on acquiert la propriété > Titre II : Des libéralités > Chapitre V : Des dispositions testamentaires. > Section 4 : Du legs universel.,,Le legs universel est la disposition testamentaire par laquelle le testateur donne à une ou plusieurs personnes l'universalité des biens qu'il laissera à son décès.,VIGUEUR,2007-01-01,2999-01-01,LEGIARTI000006434553,https://www.legifrance.gouv.fr/codes/article_lc/LEGIARTI000006434553
cc-1004,cc_liberalites,Code civil,1004,Livre III : Des différentes manières dont on acquiert la propriété > Titre II : Des libéralités > Chapitre V : Des dispositions testamentaires. > Section 4 : Du legs universel.,,"Lorsqu'au décès du testateur il y a des héritiers auxquels une quotité de ses biens est réservée par la loi, ces héritiers sont saisis de plein droit, par sa mort, de tous les biens de la succession ; et le légataire universel est tenu de leur demander la délivrance des biens compris dans le testament.",VIGUEUR,2007-01-01,2999-01-01,LEGIARTI000006434565,https://www.legifrance.gouv.fr/codes/article_lc/LEGIARTI000006434565
cc-1005,cc_liberalites,Code civil,1005,Livre III : Des différentes manières dont on acquiert la propriété > Titre II : Des libéralités > Chapitre V : Des dispositions testamentaires. > Section 4 : Du legs universel.,,"Néanmoins, dans les mêmes cas, le légataire universel aura la jouissance des biens compris dans le testament, à compter du jour du décès, si la demande en délivrance a été faite dans l'année, depuis cette époque ; sinon, cette jouissance ne commencera que du jour de la demande formée en justice, ou du jour que la délivrance aurait été volontairement consentie.",VIGUEUR,2007-01-01,2999-01-01,LEGIARTI000006434576,https://www.legifrance.gouv.fr/codes/article_lc/LEGIARTI000006434576
cc-1006,cc_liberalites,Code civil,1006,Livre III : Des différentes manières dont on acquiert la propriété > Titre II : Des libéralités > Chapitre V : Des dispositions testamentaires. > Section 4 : Du legs universel.,,"Lorsqu'au décès du testateur il n'y aura pas d'héritiers auxquels une quotité de ses biens soit réservée par la loi, le légataire universel sera saisi de plein droit par la mort du testateur, sans être tenu de demander la délivrance.",VIGUEUR,2007-01-01,2999-01-01,LEGIARTI000006434591,https://www.legifrance.gouv.fr/codes/article_lc/LEGIARTI000006434591
cc-1009,cc_liberalites,Code civil,1009,Livre III : Des différentes manières dont on acquiert la propriété > Titre II : Des libéralités > Chapitre V : Des dispositions testamentaires. > Section 4 : Du legs universel.,,"Le légataire universel, qui sera en concours avec un héritier auquel la loi réserve une quotité des biens, sera tenu des dettes et charges de la succession du testateur, personnellement pour sa part et portion et hypothécairement pour le tout ; et il sera tenu d'acquitter tous les legs, sauf le cas de réduction, ainsi qu'il est expliqué aux articles 926 et 927 .",VIGUEUR,2007-01-01,2999-01-01,LEGIARTI000006434633,https://www.legifrance.gouv.fr/codes/article_lc/LEGIARTI000006434633
cc-1010,cc_liberalites,Code civil,1010,Livre III : Des différentes manières dont on acquiert la propriété > Titre II : Des libéralités > Chapitre V : Des dispositions testamentaires. > Section 5 : Du legs à titre universel.,,"Le legs à titre universel est celui par lequel le testateur lègue une quote-part des biens dont la loi lui permet de disposer, telle qu'une moitié, un tiers, ou tous ses immeubles, ou tout son mobilier, ou une quotité fixe de tous ses immeubles ou de tout son mobilier. Tout autre legs ne forme qu'une disposition à titre particulier.",VIGUEUR,2007-01-01,2999-01-01,LEGIARTI000006434659,https://www.legifrance.gouv.fr/codes/article_lc/LEGIARTI000006434659
cc-1011,cc_liberalites,Code civil,1011,Livre III : Des différentes manières dont on acquiert la propriété > Titre II : Des libéralités > Chapitre V : Des dispositions testamentaires. > Section 5 : Du legs à titre universel.,,"Les légataires à titre universel seront tenus de demander la délivrance aux héritiers auxquels une quotité des biens est réservée par la loi ; à leur défaut, aux légataires universels et, à défaut de ceux-ci, aux héritiers appelés dans l'ordre établi au titre "" Des successions "".",VIGUEUR,2007-01-01,2999-01-01,LEGIARTI000006434676,https://www.legifrance.gouv.fr/codes/article_lc/LEGIARTI000006434676
cc-1012,cc_liberalites,Code civil,1012,Livre III : Des différentes manières dont on acquiert la propriété > Titre II : Des libéralités > Chapitre V : Des dispositions testamentaires. > Section 5 : Du legs à titre universel.,,"Le légataire à titre universel sera tenu, comme le légataire universel, des dettes et charges de la succession du testateur, personnellement pour sa part et portion, et hypothécairement pour le tout.",VIGUEUR,2007-01-01,2999-01-01,LEGIARTI000006434691,https://www.legifrance.gouv.fr/codes/article_lc/LEGIARTI000006434691
cc-1013,cc_liberalites,Code civil,1013,Livre III : Des différentes manières dont on acquiert la propriété > Titre II : Des libéralités > Chapitre V : Des dispositions testamentaires. > Section 5 : Du legs à titre universel.,,"Lorsque le testateur n'aura disposé que d'une quotité de la portion disponible, et qu'il l'aura fait à titre universel, ce légataire sera tenu d'acquitter les legs particuliers par contribution avec les héritiers naturels.",VIGUEUR,2007-01-01,2999-01-01,LEGIARTI000006434707,https://www.legifrance.gouv.fr/codes/article_lc/LEGIARTI000006434707
cc-1014,cc_liberalites,Code civil,1014,Livre III : Des différentes manières dont on acquiert la propriété > Titre II : Des libéralités > Chapitre V : Des dispositions testamentaires. > Section 6 : Des legs particuliers.,,"Tout legs pur et simple donnera au légataire, du jour du décès du testateur, un droit à la chose léguée, droit transmissible à ses héritiers ou ayants cause. Néanmoins le légataire particulier ne pourra se mettre en possession de la chose léguée, ni en prétendre les fruits ou intérêts, qu'à compter du jour de sa demande en délivrance, formée suivant l'ordre établi par l'article 1011 , ou du jour auquel cette délivrance lui aurait été volontairement consentie.",VIGUEUR,2007-01-01,2999-01-01,LEGIARTI000006434726,https://www.legifrance.gouv.fr/codes/article_lc/LEGIARTI000006434726
cc-1015,cc_liberalites,Code civil,1015,Livre III : Des différentes manières dont on acquiert la propriété > Titre II : Des libéralités > Chapitre V : Des dispositions testamentaires. > Section 6 : Des legs particuliers.,,"Les intérêts ou fruits de la chose léguée courront au profit du légataire, dès le jour du décès, et sans qu'il ait formé sa demande en justice : 1° Lorsque le testateur aura expressément déclaré sa volonté, à cet égard, dans le testament ; 2° Lorsqu'une rente viagère ou une pension aura été léguée à titre d'aliments.",VIGUEUR,2007-01-01,2999-01-01,LEGIARTI000006434736,https://www.legifrance.gouv.fr/codes/article_lc/LEGIARTI000006434736
cc-1016,cc_liberalites,Code civil,1016,Livre III : Des différentes manières dont on acquiert la propriété > Titre II : Des libéralités > Chapitre V : Des dispositions testamentaires. > Section 6 : Des legs particuliers.,,"Les frais de la demande en délivrance seront à la charge de la succession, sans néanmoins qu'il puisse en résulter de réduction de la réserve légale. Les droits d'enregistrement seront dus par le légataire. Le tout, s'il n'en a été autrement ordonné par le testament. Chaque legs pourra être enregistré séparément, sans que cet enregistrement puisse profiter à aucun autre qu'au légataire ou à ses ayants cause.",VIGUEUR,2007-01-01,2999-01-01,LEGIARTI000006434738,https://www.legifrance.gouv.fr/codes/article_lc/LEGIARTI000006434738
cc-1017,cc_liberalites,Code civil,1017,Livre III : Des différentes manières dont on acquiert la propriété > Titre II : Des libéralités > Chapitre V : Des dispositions testamentaires. > Section 6 : Des legs particuliers.,,"Les héritiers du testateur, ou autres débiteurs d'un legs, seront personnellement tenus de l'acquitter, chacun au prorata de la part et portion dont ils profiteront dans la succession. Ils en seront tenus hypothécairement pour le tout, jusqu'à concurrence de la valeur des immeubles de la succession dont ils seront détenteurs.",VIGUEUR,2007-01-01,2999-01-01,LEGIARTI000006434740,https://www.legifrance.gouv.fr/codes/article_lc/LEGIARTI000006434740
cc-1018,cc_liberalites,Code civil,1018,Livre III : Des différentes manières dont on acquiert la propriété > Titre II : Des libéralités > Chapitre V : Des dispositions testamentaires. > Section 6 : Des legs particuliers.,,La chose léguée sera délivrée avec les accessoires nécessaires et dans l'état où elle se trouvera au jour du décès du donateur.,VIGUEUR,2007-01-01,2999-01-01,LEGIARTI000006434742,https://www.legifrance.gouv.fr/codes/article_lc/LEGIARTI000006434742
cc-1019,cc_liberalites,Code civil,1019,Livre III : Des différentes manières dont on acquiert la propriété > Titre II : Des libéralités > Chapitre V : Des dispositions testamentaires. > Section 6 : Des legs particuliers.,,"Lorsque celui qui a légué la propriété d'un immeuble, l'a ensuite augmentée par des acquisitions, ces acquisitions, fussent-elles contiguës, ne seront pas censées, sans une nouvelle disposition, faire partie du legs. Il en sera autrement des embellissements, ou des constructions nouvelles faites sur le fonds légué, ou d'un enclos dont le testateur aurait augmenté l'enceinte.",VIGUEUR,2007-01-01,2999-01-01,LEGIARTI000006434744,https://www.legifrance.gouv.fr/codes/article_lc/LEGIARTI000006434744
cc-1020,cc_liberalites,Code civil,1020,Livre III : Des différentes manières dont on acquiert la propriété > Titre II : Des libéralités > Chapitre V : Des dispositions testamentaires. > Section 6 : Des legs particuliers.,,"Si, avant le testament ou depuis, la chose léguée a été hypothéquée pour une dette de la succession, ou même pour la dette d'un tiers, ou si elle est grevée d'un usufruit, celui qui doit acquitter le legs n'est point tenu de la dégager, à moins qu'il n'ait été chargé de le faire par une disposition expresse du testateur.",VIGUEUR,2007-01-01,2999-01-01,LEGIARTI000006434746,https://www.legifrance.gouv.fr/codes/article_lc/LEGIARTI000006434746
cc-1021,cc_liberalites,Code civil,1021,Livre III : Des différentes manières dont on acquiert la propriété > Titre II : Des libéralités > Chapitre V : Des dispositions testamentaires. > Section 6 : Des legs particuliers.,,"Lorsque le testateur aura légué la chose d'autrui, le legs sera nul, soit que le testateur ait connu ou non qu'elle ne lui appartenait pas.",VIGUEUR,2007-01-01,2999-01-01,LEGIARTI000006434748,https://www.legifrance.gouv.fr/codes/article_lc/LEGIARTI000006434748
cc-1022,cc_liberalites,Code civil,1022,Livre III : Des différentes manières dont on acquiert la propriété > Titre II : Des libéralités > Chapitre V : Des dispositions testamentaires. > Section 6 : Des legs particuliers.,,"Lorsque le legs sera d'une chose indéterminée, l'héritier ne sera pas obligé de la donner de la meilleure qualité, et il ne pourra l'offrir de la plus mauvaise.",VIGUEUR,2007-01-01,2999-01-01,LEGIARTI000006434750,https://www.legifrance.gouv.fr/codes/article_lc/LEGIARTI000006434750
cc-1023,cc_liberalites,Code civil,1023,Livre III : Des différentes manières dont on acquiert la propriété > Titre II : Des libéralités > Chapitre V : Des dispositions testamentaires. > Section 6 : Des legs particuliers.,,"Le legs fait au créancier ne sera pas censé en compensation de sa créance, ni le legs fait au domestique en compensation de ses gages.",VIGUEUR,2007-01-01,2999-01-01,LEGIARTI000006434752,https://www.legifrance.gouv.fr/codes/article_lc/LEGIARTI000006434752
cc-1024,cc_liberalites,Code civil,1024,Livre III : Des différentes manières dont on acquiert la propriété > Titre II : Des libéralités > Chapitre V : Des dispositions testamentaires. > Section 6 : Des legs particuliers.,,"Le légataire à titre particulier ne sera point tenu des dettes de la succession, sauf la réduction du legs ainsi qu'il est dit ci-dessus, et sauf l'action hypothécaire des créanciers.",VIGUEUR,2007-01-01,2999-01-01,LEGIARTI000006434754,https://www.legifrance.gouv.fr/codes/article_lc/LEGIARTI000006434754
cc-1025,cc_liberalites,Code civil,1025,Livre III : Des différentes manières dont on acquiert la propriété > Titre II : Des libéralités > Chapitre V : Des dispositions testamentaires. > Section 7 : Des exécuteurs testamentaires.,,Le testateur peut nommer un ou plusieurs exécuteurs testamentaires jouissant de la pleine capacité civile pour veiller ou procéder à l'exécution de ses volontés. L'exécuteur testamentaire qui a accepté sa mission est tenu de l'accomplir. Les pouvoirs de l'exécuteur testamentaire ne sont pas transmissibles à cause de mort.,VIGUEUR,2007-01-01,2999-01-01,LEGIARTI000006434756,https://www.legifrance.gouv.fr/codes/article_lc/LEGIARTI000006434756
cc-1026,cc_liberalites,Code civil,1026,Livre III : Des différentes manières dont on acquiert la propriété > Titre II : Des libéralités > Chapitre V : Des dispositions testamentaires. > Section 7 : Des exécuteurs testamentaires.,,L'exécuteur testamentaire peut être relevé de sa mission pour motifs graves par le tribunal.,VIGUEUR,2007-01-01,2999-01-01,LEGIARTI000006434758,https://www.legifrance.gouv.fr/codes/article_lc/LEGIARTI000006434758
cc-1027,cc_liberalites,Code civil,1027,Livre III : Des différentes manières dont on acquiert la propriété > Titre II : Des libéralités > Chapitre V : Des dispositions testamentaires. > Section 7 : Des exécuteurs testamentaires.,,"S'il y a plusieurs exécuteurs testamentaires acceptant, l'un d'eux peut agir à défaut des autres, à moins que le testateur en ait disposé autrement ou qu'il ait divisé leur fonction.",VIGUEUR,2007-01-01,2999-01-01,LEGIARTI000006434760,https://www.legifrance.gouv.fr/codes/article_lc/LEGIARTI000006434760
cc-1028,cc_liberalites,Code civil,1028,Livre III : Des différentes manières dont on acquiert la propriété > Titre II : Des libéralités > Chapitre V : Des dispositions testamentaires. > Section 7 : Des exécuteurs testamentaires.,,"L'exécuteur testamentaire est mis en cause en cas de contestation sur la validité ou l'exécution d'un testament ou d'un legs. Dans tous les cas, il intervient pour soutenir la validité ou exiger l'exécution des dispositions litigieuses.",VIGUEUR,2007-01-01,2999-01-01,LEGIARTI000006434762,https://www.legifrance.gouv.fr/codes/article_lc/LEGIARTI000006434762
cc-1030,cc_liberalites,Code civil,1030,Livre III : Des différentes manières dont on acquiert la propriété > Titre II : Des libéralités > Chapitre V : Des dispositions testamentaires. > Section 7 : Des exécuteurs testamentaires.,,Le testateur peut habiliter l'exécuteur testamentaire à prendre possession en tout ou partie du mobilier de la succession et à le vendre s'il est nécessaire pour acquitter les legs particuliers dans la limite de la quotité disponible.,VIGUEUR,2007-01-01,2999-01-01,LEGIARTI000006434764,https://www.legifrance.gouv.fr/codes/article_lc/LEGIARTI000006434764
cc-1031,cc_liberalites,Code civil,1031,Livre III : Des différentes manières dont on acquiert la propriété > Titre II : Des libéralités > Chapitre V : Des dispositions testamentaires. > Section 7 : Des exécuteurs testamentaires.,,Les habilitations mentionnées aux articles 1030 et 1030-1 sont données par le testateur pour une durée qui ne peut excéder deux années à compter de l'ouverture du testament. Une prorogation d'une année au plus peut être accordée par le juge.,VIGUEUR,2007-01-01,2999-01-01,LEGIARTI000006434766,https://www.legifrance.gouv.fr/codes/article_lc/LEGIARTI000006434766
cc-1032,cc_liberalites,Code civil,1032,Livre III : Des différentes manières dont on acquiert la propriété > Titre II : Des libéralités > Chapitre V : Des dispositions testamentaires. > Section 7 : Des exécuteurs testamentaires.,,La mission de l'exécuteur testamentaire prend fin au plus tard deux ans après l'ouverture du testament sauf prorogation par le juge.,VIGUEUR,2007-01-01,2999-01-01,LEGIARTI000006434768,https://www.legifrance.gouv.fr/codes/article_lc/LEGIARTI000006434768
cc-1033,cc_liberalites,Code civil,1033,Livre III : Des différentes manières dont on acquiert la propriété > Titre II : Des libéralités > Chapitre V : Des dispositions testamentaires. > Section 7 : Des exécuteurs testamentaires.,,"L'exécuteur testamentaire rend compte dans les six mois suivant la fin de sa mission. Si l'exécution testamentaire prend fin par le décès de l'exécuteur, l'obligation de rendre des comptes incombe à ses héritiers. Il assume la responsabilité d'un mandataire à titre gratuit.",VIGUEUR,2007-01-01,2999-01-01,LEGIARTI000006434770,https://www.legifrance.gouv.fr/codes/article_lc/LEGIARTI000006434770
cc-1034,cc_liberalites,Code civil,1034,Livre III : Des différentes manières dont on acquiert la propriété > Titre II : Des libéralités > Chapitre V : Des dispositions testamentaires. > Section 7 : Des exécuteurs testamentaires.,,Les frais supportés par l'exécuteur testamentaire dans l'exercice de sa mission sont à la charge de la succession.,VIGUEUR,2007-01-01,2999-01-01,LEGIARTI000006434772,https://www.legifrance.gouv.fr/codes/article_lc/LEGIARTI000006434772
cc-1035,cc_liberalites,Code civil,1035,Livre III : Des différentes manières dont on acquiert la propriété > Titre II : Des libéralités > Chapitre V : Des dispositions testamentaires. > Section 8 : De la révocation des testaments et de leur caducité.,,"Les testaments ne pourront être révoqués, en tout ou en partie, que par un testament postérieur ou par un acte devant notaires portant déclaration du changement de volonté.",VIGUEUR,2007-01-01,2999-01-01,LEGIARTI000006434774,https://www.legifrance.gouv.fr/codes/article_lc/LEGIARTI000006434774
cc-1036,cc_liberalites,Code civil,1036,Livre III : Des différentes manières dont on acquiert la propriété > Titre II : Des libéralités > Chapitre V : Des dispositions testamentaires. > Section 8 : De la révocation des testaments et de leur caducité.,,"Les testaments postérieurs, qui ne révoqueront pas d'une manière expresse les précédents, n'annuleront, dans ceux-ci, que celles des dispositions y contenues qui se trouveront incompatibles avec les nouvelles ou qui seront contraires.",VIGUEUR,2007-01-01,2999-01-01,LEGIARTI000006434776,https://www.legifrance.gouv.fr/codes/article_lc/LEGIARTI000006434776
cc-1037,cc_liberalites,Code civil,1037,Livre III : Des différentes manières dont on acquiert la propriété > Titre II : Des libéralités > Chapitre V : Des dispositions testamentaires. > Section 8 : De la révocation des testaments et de leur caducité.,,"La révocation faite dans un testament postérieur aura tout son effet, quoique ce nouvel acte reste sans exécution par l'incapacité de l'héritier institué ou du légataire, ou par leur refus de recueillir.",VIGUEUR,2007-01-01,2999-01-01,LEGIARTI000006434778,https://www.legifrance.gouv.fr/codes/article_lc/LEGIARTI000006434778
cc-1038,cc_liberalites,Code civil,1038,Livre III : Des différentes manières dont on acquiert la propriété > Titre II : Des libéralités > Chapitre V : Des dispositions testamentaires. > Section 8 : De la révocation des testaments et de leur caducité.,,"Toute aliénation, celle même par vente avec faculté de rachat ou par échange, que fera le testateur de tout ou de partie de la chose léguée, emportera la révocation du legs pour tout ce qui a été aliéné, encore que l'aliénation postérieure soit nulle, et que l'objet soit rentré dans la main du testateur.",VIGUEUR,2007-01-01,2999-01-01,LEGIARTI000006434780,https://www.legifrance.gouv.fr/codes/article_lc/LEGIARTI000006434780
cc-1039,cc_liberalites,Code civil,1039,Livre III : Des différentes manières dont on acquiert la propriété > Titre II : Des libéralités > Chapitre V : Des dispositions testamentaires. > Section 8 : De la révocation des testaments et de leur caducité.,,Toute disposition testamentaire sera caduque si celui en faveur de qui elle est faite n'a pas survécu au testateur.,VIGUEUR,2007-01-01,2999-01-01,LEGIARTI000006434782,https://www.legifrance.gouv.fr/codes/article_lc/LEGIARTI000006434782
cc-1040,cc_liberalites,Code civil,1040,Livre III : Des différentes manières dont on acquiert la propriété > Titre II : Des libéralités > Chapitre V : Des dispositions testamentaires. > Section 8 : De la révocation des testaments et de leur caducité.,,"Toute disposition testamentaire faite sous une condition dépendante d'un événement incertain, et telle que, dans l'intention du testateur, cette disposition ne doive être exécutée qu'autant que l'événement arrivera ou n'arrivera pas, sera caduque, si l'héritier institué ou le légataire décède avant l'accomplissement de la condition.",VIGUEUR,2007-01-01,2999-01-01,LEGIARTI000006434789,https://www.legifrance.gouv.fr/codes/article_lc/LEGIARTI000006434789
cc-1041,cc_liberalites,Code civil,1041,Livre III : Des différentes manières dont on acquiert la propriété > Titre II : Des libéralités > Chapitre V : Des dispositions testamentaires. > Section 8 : De la révocation des testaments et de leur caducité.,,"La condition qui, dans l'intention du testateur, ne fait que suspendre l'exécution de la disposition, n'empêchera pas l'héritier institué, ou le légataire, d'avoir un droit acquis et transmissible à ses héritiers.",VIGUEUR,2007-01-01,2999-01-01,LEGIARTI000006434798,https://www.legifrance.gouv.fr/codes/article_lc/LEGIARTI000006434798
cc-1042,cc_liberalites,Code civil,1042,Livre III : Des différentes manières dont on acquiert la propriété > Titre II : Des libéralités > Chapitre V : Des dispositions testamentaires. > Section 8 : De la révocation des testaments et de leur caducité.,,"Le legs sera caduc si la chose léguée a totalement péri pendant la vie du testateur. Il en sera de même si elle a péri depuis sa mort, sans le fait et la faute de l'héritier, quoique celui-ci ait été mis en retard de la délivrer, lorsqu'elle eût également dû périr entre les mains du légataire.",VIGUEUR,2007-01-01,2999-01-01,LEGIARTI000006434808,https://www.legifrance.gouv.fr/codes/article_lc/LEGIARTI000006434808
cc-1043,cc_liberalites,Code civil,1043,Livre III : Des différentes manières dont on acquiert la propriété > Titre II : Des libéralités > Chapitre V : Des dispositions testamentaires. > Section 8 : De la révocation des testaments et de leur caducité.,,La disposition testamentaire sera caduque lorsque l'héritier institué ou le légataire la répudiera ou se trouvera incapable de la recueillir.,VIGUEUR,2007-01-01,2999-01-01,LEGIARTI000006434814,https://www.legifrance.gouv.fr/codes/article_lc/LEGIARTI000006434814
cc-1044,cc_liberalites,Code civil,1044,Livre III : Des différentes manières dont on acquiert la propriété > Titre II : Des libéralités > Chapitre V : Des dispositions testamentaires. > Section 8 : De la révocation des testaments et de leur caducité.,,Il y aura lieu à accroissement au profit des légataires dans le cas où le legs sera fait à plusieurs conjointement. Le legs sera réputé fait conjointement lorsqu'il le sera par une seule et même disposition et que le testateur n'aura pas assigné la part de chacun des colégataires dans la chose léguée.,VIGUEUR,2007-01-01,2999-01-01,LEGIARTI000006434825,https://www.legifrance.gouv.fr/codes/article_lc/LEGIARTI000006434825
cc-1045,cc_liberalites,Code civil,1045,Livre III : Des différentes manières dont on acquiert la propriété > Titre II : Des libéralités > Chapitre V : Des dispositions testamentaires. > Section 8 : De la révocation des testaments et de leur caducité.,,"Il sera encore réputé fait conjointement quand une chose qui n'est pas susceptible d'être divisée sans détérioration aura été donnée par le même acte à plusieurs personnes, même séparément.",VIGUEUR,2007-01-01,2999-01-01,LEGIARTI000006434835,https://www.legifrance.gouv.fr/codes/article_lc/LEGIARTI000006434835
cc-1046,cc_liberalites,Code civil,1046,Livre III : Des différentes manières dont on acquiert la propriété > Titre II : Des libéralités > Chapitre V : Des dispositions testamentaires. > Section 8 : De la révocation des testaments et de leur caducité.,,"Les mêmes causes qui, suivant l'article 954 et les deux premières dispositions de l'article 955 , autoriseront la demande en révocation de la donation entre vifs, seront admises pour la demande en révocation des dispositions testamentaires.",VIGUEUR,2007-01-01,2999-01-01,LEGIARTI000006434847,https://www.legifrance.gouv.fr/codes/article_lc/LEGIARTI000006434847
cc-1047,cc_liberalites,Code civil,1047,Livre III : Des différentes manières dont on acquiert la propriété > Titre II : Des libéralités > Chapitre V : Des dispositions testamentaires. > Section 8 : De la révocation des testaments et de leur caducité.,,"Si cette demande est fondée sur une injure grave faite à la mémoire du testateur, elle doit être intentée dans l'année, à compter du jour du délit.",VIGUEUR,2007-01-01,2999-01-01,LEGIARTI000006434852,https://www.legifrance.gouv.fr/codes/article_lc/LEGIARTI000006434852
cc-1048,cc_liberalites,Code civil,1048,Livre III : Des différentes manières dont on acquiert la propriété > Titre II : Des libéralités > Chapitre VI : Des libéralités graduelles et résiduelles. > Section 1 : Des libéralités graduelles.,,"Une libéralité peut être grevée d'une charge comportant l'obligation pour le donataire ou le légataire de conserver les biens ou droits qui en sont l'objet et de les transmettre, à son décès, à un second gratifié, désigné dans l'acte.",VIGUEUR,2007-01-01,2999-01-01,LEGIARTI000006434876,https://www.legifrance.gouv.fr/codes/article_lc/LEGIARTI000006434876
cc-1049,cc_liberalites,Code civil,1049,Livre III : Des différentes manières dont on acquiert la propriété > Titre II : Des libéralités > Chapitre VI : Des libéralités graduelles et résiduelles. > Section 1 : Des libéralités graduelles.,,"La libéralité ainsi consentie ne peut produire son effet que sur des biens ou des droits identifiables à la date de la transmission et subsistant en nature au décès du grevé. Lorsqu'elle porte sur des valeurs mobilières, la libéralité produit également son effet, en cas d'aliénation, sur les valeurs mobilières qui y ont été subrogées. Lorsqu'elle concerne un immeuble, la charge grevant la libéralité est soumise à publicité.",VIGUEUR,2007-01-01,2999-01-01,LEGIARTI000006434889,https://www.legifrance.gouv.fr/codes/article_lc/LEGIARTI000006434889
cc-1050,cc_liberalites,Code civil,1050,Livre III : Des différentes manières dont on acquiert la propriété > Titre II : Des libéralités > Chapitre VI : Des libéralités graduelles et résiduelles. > Section 1 : Des libéralités graduelles.,,"Les droits du second gratifié s'ouvrent à la mort du grevé. Toutefois, le grevé peut abandonner, au profit du second gratifié, la jouissance du bien ou du droit objet de la libéralité. Cet abandon anticipé ne peut préjudicier aux créanciers du grevé antérieurs à l'abandon, ni aux tiers ayant acquis, de ce dernier, un droit sur le bien ou le droit abandonné.",VIGUEUR,2007-01-01,2999-01-01,LEGIARTI000006434900,https://www.legifrance.gouv.fr/codes/article_lc/LEGIARTI000006434900
cc-1051,cc_liberalites,Code civil,1051,Livre III : Des différentes manières dont on acquiert la propriété > Titre II : Des libéralités > Chapitre VI : Des libéralités graduelles et résiduelles. > Section 1 : Des libéralités graduelles.,,Le second gratifié est réputé tenir ses droits de l'auteur de la libéralité. Il en va de même de ses héritiers lorsque ceux-ci recueillent la libéralité dans les conditions prévues à l'article 1056 .,VIGUEUR,2007-01-01,2999-01-01,LEGIARTI000006434912,https://www.legifrance.gouv.fr/codes/article_lc/LEGIARTI000006434912
cc-1052,cc_liberalites,Code civil,1052,Livre III : Des différentes manières dont on acquiert la propriété > Titre II : Des libéralités > Chapitre VI : Des libéralités graduelles et résiduelles. > Section 1 : Des libéralités graduelles.,,Il appartient au disposant de prescrire des garanties et des sûretés pour la bonne exécution de la charge.,VIGUEUR,2007-01-01,2999-01-01,LEGIARTI000006434914,https://www.legifrance.gouv.fr/codes/article_lc/LEGIARTI000006434914
cc-1053,cc_liberalites,Code civil,1053,Livre III : Des différentes manières dont on acquiert la propriété > Titre II : Des libéralités > Chapitre VI : Des libéralités graduelles et résiduelles. > Section 1 : Des libéralités graduelles.,,"Le second gratifié ne peut être soumis à l'obligation de conserver et de transmettre. Si la charge a été stipulée au-delà du premier degré, elle demeure valable mais pour le premier degré seulement.",VIGUEUR,2007-01-01,2999-01-01,LEGIARTI000006434921,https://www.legifrance.gouv.fr/codes/article_lc/LEGIARTI000006434921
cc-1054,cc_liberalites,Code civil,1054,Livre III : Des différentes manières dont on acquiert la propriété > Titre II : Des libéralités > Chapitre VI : Des libéralités graduelles et résiduelles. > Section 1 : Des libéralités graduelles.,,"Si le grevé est héritier réservataire du disposant, la charge ne peut être imposée que sur la quotité disponible. Le donataire peut toutefois accepter, dans l'acte de donation ou postérieurement dans un acte établi dans les conditions prévues à l'article 930 , que la charge grève tout ou partie de sa réserve. Le légataire peut, dans un délai d'un an à compter du jour où il a eu connaissance du testament, demander que sa part de réserve soit, en tout ou partie, libérée de la charge. A défaut, il doit en assumer l'exécution. La charge portant sur la part de réserve du grevé, avec son consentement, bénéficie de plein droit, dans cette mesure, à l'ensemble de ses enfants nés et à naître.",VIGUEUR,2007-01-01,2999-01-01,LEGIARTI000006434932,https://www.legifrance.gouv.fr/codes/article_lc/LEGIARTI000006434932
cc-1055,cc_liberalites,Code civil,1055,Livre III : Des différentes manières dont on acquiert la propriété > Titre II : Des libéralités > Chapitre VI : Des libéralités graduelles et résiduelles. > Section 1 : Des libéralités graduelles.,,"L'auteur d'une donation graduelle peut la révoquer à l'égard du second gratifié tant que celui-ci n'a pas notifié, dans les formes requises en matière de donation, son acceptation au donateur. Par dérogation à l'article 932 , la donation graduelle peut être acceptée par le second gratifié après le décès du donateur.",VIGUEUR,2007-01-01,2999-01-01,LEGIARTI000006434944,https://www.legifrance.gouv.fr/codes/article_lc/LEGIARTI000006434944
cc-1056,cc_liberalites,Code civil,1056,Livre III : Des différentes manières dont on acquiert la propriété > Titre II : Des libéralités > Chapitre VI : Des libéralités graduelles et résiduelles. > Section 1 : Des libéralités graduelles.,,"Lorsque le second gratifié prédécède au grevé ou renonce au bénéfice de la libéralité graduelle, les biens ou droits qui en faisaient l'objet dépendent de la succession du grevé, à moins que l'acte prévoit expressément que ses héritiers pourront la recueillir ou désigne un autre second gratifié.",VIGUEUR,2007-01-01,2999-01-01,LEGIARTI000006434955,https://www.legifrance.gouv.fr/codes/article_lc/LEGIARTI000006434955
cc-1057,cc_liberalites,Code civil,1057,Livre III : Des différentes manières dont on acquiert la propriété > Titre II : Des libéralités > Chapitre VI : Des libéralités graduelles et résiduelles. > Section 2 : Des libéralités résiduelles.,,Il peut être prévu dans une libéralité qu'une personne sera appelée à recueillir ce qui subsistera du don ou legs fait à un premier gratifié à la mort de celui-ci.,VIGUEUR,2007-01-01,2999-01-01,LEGIARTI000006434965,https://www.legifrance.gouv.fr/codes/article_lc/LEGIARTI000006434965
cc-1058,cc_liberalites,Code civil,1058,Livre III : Des différentes manières dont on acquiert la propriété > Titre II : Des libéralités > Chapitre VI : Des libéralités graduelles et résiduelles. > Section 2 : Des libéralités résiduelles.,,"La libéralité résiduelle n'oblige pas le premier gratifié à conserver les biens reçus. Elle l'oblige à transmettre les biens subsistants. Lorsque les biens, objets de la libéralité résiduelle, ont été aliénés par le premier gratifié, les droits du second bénéficiaire ne se reportent ni sur le produit de ces aliénations ni sur les nouveaux biens acquis.",VIGUEUR,2007-01-01,2999-01-01,LEGIARTI000006434977,https://www.legifrance.gouv.fr/codes/article_lc/LEGIARTI000006434977
cc-1059,cc_liberalites,Code civil,1059,Livre III : Des différentes manières dont on acquiert la propriété > Titre II : Des libéralités > Chapitre VI : Des libéralités graduelles et résiduelles. > Section 2 : Des libéralités résiduelles.,,"Le premier gratifié ne peut disposer par testament des biens donnés ou légués à titre résiduel. La libéralité résiduelle peut interdire au premier gratifié de disposer des biens par donation entre vifs. Toutefois, lorsqu'il est héritier réservataire, le premier gratifié conserve la possibilité de disposer entre vifs ou à cause de mort des biens qui ont été donnés en avancement de part successorale.",VIGUEUR,2007-01-01,2999-01-01,LEGIARTI000006434986,https://www.legifrance.gouv.fr/codes/article_lc/LEGIARTI000006434986
cc-1060,cc_liberalites,Code civil,1060,Livre III : Des différentes manières dont on acquiert la propriété > Titre II : Des libéralités > Chapitre VI : Des libéralités graduelles et résiduelles. > Section 2 : Des libéralités résiduelles.,,Le premier gratifié n'est pas tenu de rendre compte de sa gestion au disposant ou à ses héritiers.,VIGUEUR,2007-01-01,2999-01-01,LEGIARTI000006434995,https://www.legifrance.gouv.fr/codes/article_lc/LEGIARTI000006434995
cc-1061,cc_liberalites,Code civil,1061,Livre III : Des différentes manières dont on acquiert la propriété > Titre II : Des libéralités > Chapitre VI : Des libéralités graduelles et résiduelles. > Section 2 : Des libéralités résiduelles.,,"Les dispositions prévues aux articles 1049 , 1051 , 1052 , 1055 et 1056 sont applicables aux libéralités résiduelles.",VIGUEUR,2007-01-01,2999-01-01,LEGIARTI000006435005,https://www.legifrance.gouv.fr/codes/article_lc/LEGIARTI000006435005
cc-1075-1,cc_liberalites,Code civil,1075-1,Livre III : Des différentes manières dont on acquiert la propriété > Titre II : Des libéralités > Chapitre VII : Des libéralités-partages. > Section 1 : Dispositions générales.,,"Toute personne peut également faire la distribution et le partage de ses biens et de ses droits entre des descendants de degrés différents, qu'ils soient ou non ses héritiers présomptifs.",VIGUEUR,2007-01-01,2999-01-01,LEGIARTI000006435175,https://www.legifrance.gouv.fr/codes/article_lc/LEGIARTI000006435175
cc-1075-2,cc_liberalites,Code civil,1075-2,Livre III : Des différentes manières dont on acquiert la propriété > Titre II : Des libéralités > Chapitre VII : Des libéralités-partages. > Section 1 : Dispositions générales.,,"Si ses biens comprennent une entreprise individuelle à caractère industriel, commercial, artisanal, agricole ou libéral ou des droits sociaux d'une société exerçant une activité à caractère industriel, commercial, artisanal, agricole ou libéral et dans laquelle il exerce une fonction dirigeante, le disposant peut en faire, sous forme de donation-partage et dans les conditions prévues aux articles 1075 et 1075-1 , la distribution et le partage entre le ou les donataires visés auxdits articles et une ou plusieurs autres personnes, sous réserve des conditions propres à chaque forme de société ou stipulées dans les statuts. Cette libéralité est faite sous réserve que les biens corporels et incorporels affectés à l'exploitation de l'entreprise ou les droits sociaux entrent dans cette distribution et ce partage, et que cette distribution et ce partage aient pour effet de n'attribuer à ces autres personnes que la propriété ou la jouissance de tout ou partie de ces biens ou droits.",VIGUEUR,2007-01-01,2999-01-01,LEGIARTI000006435194,https://www.legifrance.gouv.fr/codes/article_lc/LEGIARTI000006435194
cc-1075-3,cc_liberalites,Code civil,1075-3,Livre III : Des différentes manières dont on acquiert la propriété > Titre II : Des libéralités > Chapitre VII : Des libéralités-partages. > Section 1 : Dispositions générales.,,L'action en complément de part pour cause de lésion ne peut être exercée contre les donations-partages et les testaments-partages.,VIGUEUR,2007-01-01,2999-01-01,LEGIARTI000006435210,https://www.legifrance.gouv.fr/codes/article_lc/LEGIARTI000006435210
cc-1076,cc_liberalites,Code civil,1076,Livre III : Des différentes manières dont on acquiert la propriété > Titre II : Des libéralités > Chapitre VII : Des libéralités-partages. > Section 2 : Des donations-partages. > Paragraphe 1 : Des donations-partages faites aux héritiers présomptifs.,,La donation-partage ne peut avoir pour objet que des biens présents. La donation et le partage peuvent être faits par actes séparés pourvu que le disposant intervienne aux deux actes.,VIGUEUR,2007-01-01,2999-01-01,LEGIARTI000006435244,https://www.legifrance.gouv.fr/codes/article_lc/LEGIARTI000006435244
cc-1077,cc_liberalites,Code civil,1077,Livre III : Des différentes manières dont on acquiert la propriété > Titre II : Des libéralités > Chapitre VII : Des libéralités-partages. > Section 2 : Des donations-partages. > Paragraphe 1 : Des donations-partages faites aux héritiers présomptifs.,,"Les biens reçus à titre de partage anticipé par un héritier réservataire présomptif s'imputent sur sa part de réserve, à moins qu'ils n'aient été donnés expressément hors part.",VIGUEUR,2007-01-01,2999-01-01,LEGIARTI000006435272,https://www.legifrance.gouv.fr/codes/article_lc/LEGIARTI000006435272
cc-1077-1,cc_liberalites,Code civil,1077-1,Livre III : Des différentes manières dont on acquiert la propriété > Titre II : Des libéralités > Chapitre VII : Des libéralités-partages. > Section 2 : Des donations-partages. > Paragraphe 1 : Des donations-partages faites aux héritiers présomptifs.,,"L'héritier réservataire, qui n'a pas concouru à la donation-partage, ou qui a reçu un lot inférieur à sa part de réserve, peut exercer l'action en réduction, s'il n'existe pas à l'ouverture de la succession des biens non compris dans le partage et suffisants pour composer ou compléter sa réserve, compte tenu des libéralités dont il a pu bénéficier.",VIGUEUR,2007-01-01,2999-01-01,LEGIARTI000006435292,https://www.legifrance.gouv.fr/codes/article_lc/LEGIARTI000006435292
cc-1077-2,cc_liberalites,Code civil,1077-2,Livre III : Des différentes manières dont on acquiert la propriété > Titre II : Des libéralités > Chapitre VII : Des libéralités-partages. > Section 2 : Des donations-partages. > Paragraphe 1 : Des donations-partages faites aux héritiers présomptifs.,,"Les donations-partages suivent les règles des donations entre vifs pour tout ce qui concerne l'imputation, le calcul de la réserve et la réduction. L'action en réduction ne peut être introduite qu'après le décès du disposant qui a fait le partage. En cas de donation-partage faite conjointement par les deux époux, l'action en réduction ne peut être introduite qu'après le décès du survivant des disposants, sauf pour l'enfant non commun qui peut agir dès le décès de son auteur. L'action se prescrit par cinq ans à compter de ce décès. L'héritier présomptif non encore conçu au moment de la donation-partage dispose d'une semblable action pour composer ou compléter sa part héréditaire.",VIGUEUR,2007-01-01,2999-01-01,LEGIARTI000006435319,https://www.legifrance.gouv.fr/codes/article_lc/LEGIARTI000006435319
cc-1078,cc_liberalites,Code civil,1078,Livre III : Des différentes manières dont on acquiert la propriété > Titre II : Des libéralités > Chapitre VII : Des libéralités-partages. > Section 2 : Des donations-partages. > Paragraphe 1 : Des donations-partages faites aux héritiers présomptifs.,,"Nonobstant les règles applicables aux donations entre vifs, les biens donnés seront, sauf convention contraire, évalués au jour de la donation-partage pour l'imputation et le calcul de la réserve, à condition que tous les héritiers réservataires vivants ou représentés au décès de l'ascendant aient reçu un lot dans le partage anticipé et l'aient expressément accepté, et qu'il n'ait pas été prévu de réserve d'usufruit portant sur une somme d'argent.",VIGUEUR,2007-01-01,2999-01-01,LEGIARTI000006435332,https://www.legifrance.gouv.fr/codes/article_lc/LEGIARTI000006435332
cc-1078-2,cc_liberalites,Code civil,1078-2,Livre III : Des différentes manières dont on acquiert la propriété > Titre II : Des libéralités > Chapitre VII : Des libéralités-partages. > Section 2 : Des donations-partages. > Paragraphe 1 : Des donations-partages faites aux héritiers présomptifs.,,Les parties peuvent aussi convenir qu'une donation antérieure faite hors part sera incorporée au partage et imputée sur la part de réserve du donataire à titre d'avancement de part successorale.,VIGUEUR,2007-01-01,2999-01-01,LEGIARTI000006435334,https://www.legifrance.gouv.fr/codes/article_lc/LEGIARTI000006435334
cc-1078-3,cc_liberalites,Code civil,1078-3,Livre III : Des différentes manières dont on acquiert la propriété > Titre II : Des libéralités > Chapitre VII : Des libéralités-partages. > Section 2 : Des donations-partages. > Paragraphe 1 : Des donations-partages faites aux héritiers présomptifs.,,"Les conventions dont il est parlé aux deux articles précédents peuvent avoir lieu même en l'absence de nouvelles donations du disposant. Elles ne sont pas regardées comme des libéralités entre les héritiers présomptifs, mais comme un partage fait par le disposant.",VIGUEUR,2007-01-01,2999-01-01,LEGIARTI000006435336,https://www.legifrance.gouv.fr/codes/article_lc/LEGIARTI000006435336
cc-1079,cc_liberalites,Code civil,1079,Livre III : Des différentes manières dont on acquiert la propriété > Titre II : Des libéralités > Chapitre VII : Des libéralités-partages. > Section 3 : Des testaments-partages.,,Le testament-partage produit les effets d'un partage. Ses bénéficiaires ne peuvent renoncer à se prévaloir du testament pour réclamer un nouveau partage de la succession.,VIGUEUR,2007-01-01,2999-01-01,LEGIARTI000006435338,https://www.legifrance.gouv.fr/codes/article_lc/LEGIARTI000006435338
cc-1080,cc_liberalites,Code civil,1080,Livre III : Des différentes manières dont on acquiert la propriété > Titre II : Des libéralités > Chapitre VII : Des libéralités-partages. > Section 3 : Des testaments-partages.,,Le bénéficiaire qui n'a pas reçu un lot égal à sa part de réserve peut exercer l'action en réduction conformément à l'article 1077-2 .,VIGUEUR,2007-01-01,2999-01-01,LEGIARTI000006435340,https://www.legifrance.gouv.fr/codes/article_lc/LEGIARTI000006435340
cc-1081,cc_liberalites,Code civil,1081,"Livre III : Des différentes manières dont on acquiert la propriété > Titre II : Des libéralités > Chapitre VIII : Des donations faites par contrat de mariage aux époux, et aux enfants à naître du mariage.",,"Toute donation entre vifs de biens présents, quoique faite par contrat de mariage aux époux, ou à l'un d'eux, sera soumise aux règles générales prescrites pour les donations faites à ce titre. Elle ne pourra avoir lieu au profit des enfants à naître, si ce n'est dans les cas énoncés au chapitre VI du présent titre.",VIGUEUR,2007-01-01,2999-01-01,LEGIARTI000006435342,https://www.legifrance.gouv.fr/codes/article_lc/LEGIARTI000006435342
cc-1082,cc_liberalites,Code civil,1082,"Livre III : Des différentes manières dont on acquiert la propriété > Titre II : Des libéralités > Chapitre VIII : Des donations faites par contrat de mariage aux époux, et aux enfants à naître du mariage.",,"Les père et mère, les autres ascendants, les parents collatéraux des époux, et même les étrangers, pourront, par contrat de mariage, disposer de tout ou partie des biens qu'ils laisseront au jour de leur décès, tant au profit desdits époux, qu'au profit des enfants à naître de leur mariage, dans le cas où le donateur survivrait à l'époux donataire. Pareille donation, quoique faite au profit seulement des époux ou de l'un d'eux, sera toujours, dans ledit cas de survie du donateur, présumée faite au profit des enfants et descendants à naître du mariage.",VIGUEUR,2007-01-01,2999-01-01,LEGIARTI000006435344,https://www.legifrance.gouv.fr/codes/article_lc/LEGIARTI000006435344
cc-1083,cc_liberalites,Code civil,1083,"Livre III : Des différentes manières dont on acquiert la propriété > Titre II : Des libéralités > Chapitre VIII : Des donations faites par contrat de mariage aux époux, et aux enfants à naître du mariage.",,"La donation dans la forme portée au précédent article sera irrévocable en ce sens seulement que le donateur ne pourra plus disposer, à titre gratuit, des objets compris dans la donation, si ce n'est pour sommes modiques, à titre de récompense ou autrement.",VIGUEUR,2007-01-01,2999-01-01,LEGIARTI000006435346,https://www.legifrance.gouv.fr/codes/article_lc/LEGIARTI000006435346
cc-1084,cc_liberalites,Code civil,1084,"Livre III : Des différentes manières dont on acquiert la propriété > Titre II : Des libéralités > Chapitre VIII : Des donations faites par contrat de mariage aux époux, et aux enfants à naître du mariage.",,"La donation par contrat de mariage pourra être faite cumulativement des biens présents et à venir, en tout ou partie, à la charge qu'il sera annexé à l'acte un état des dettes et charges du donateur existantes au jour de la donation ; auquel cas, il sera libre au donataire, lors du décès du donateur, de s'en tenir aux biens présents, en renonçant au surplus des biens du donateur.",VIGUEUR,2007-01-01,2999-01-01,LEGIARTI000006435348,https://www.legifrance.gouv.fr/codes/article_lc/LEGIARTI000006435348
cc-1085,cc_liberalites,Code civil,1085,"Livre III : Des différentes manières dont on acquiert la propriété > Titre II : Des libéralités > Chapitre VIII : Des donations faites par contrat de mariage aux époux, et aux enfants à naître du mariage.",,"Si l'état dont est mention au précédent article n'a point été annexé à l'acte contenant donation des biens présents et à venir, le donataire sera obligé d'accepter ou de répudier cette donation pour le tout. En cas d'acceptation, il ne pourra réclamer que les biens qui se trouveront existants au jour du décès du donateur, et il sera soumis au paiement de toutes les dettes et charges de la succession.",VIGUEUR,2007-01-01,2999-01-01,LEGIARTI000006435350,https://www.legifrance.gouv.fr/codes/article_lc/LEGIARTI000006435350
cc-1086,cc_liberalites,Code civil,1086,"Livre III : Des différentes manières dont on acquiert la propriété > Titre II : Des libéralités > Chapitre VIII : Des donations faites par contrat de mariage aux époux, et aux enfants à naître du mariage.",,"La donation par contrat de mariage en faveur des époux et des enfants à naître de leur mariage pourra encore être faite, à condition de payer indistinctement toutes les dettes et charges de la succession du donateur, ou sous d'autres conditions dont l'exécution dépendrait de sa volonté, par quelque personne que la donation soit faite : le donataire sera tenu d'accomplir ces conditions, s'il n'aime mieux renoncer à la donation ; et en cas que le donateur, par contrat de mariage, se soit réservé la liberté de disposer d'un effet compris dans la donation de ses biens présents, ou d'une somme fixe à prendre sur ces mêmes biens, l'effet ou la somme, s'il meurt sans en avoir disposé, seront censés compris dans la donation et appartiendront au donataire ou à ses héritiers.",VIGUEUR,2007-01-01,2999-01-01,LEGIARTI000006435352,https://www.legifrance.gouv.fr/codes/article_lc/LEGIARTI000006435352
cc-1087,cc_liberalites,Code civil,1087,"Livre III : Des différentes manières dont on acquiert la propriété > Titre II : Des libéralités > Chapitre VIII : Des donations faites par contrat de mariage aux époux, et aux enfants à naître du mariage.",,Les donations faites par contrat de mariage ne pourront être attaquées ni déclarées nulles sous prétexte de défaut d'acceptation.,VIGUEUR,2007-01-01,2999-01-01,LEGIARTI000006435354,https://www.legifrance.gouv.fr/codes/article_lc/LEGIARTI000006435354
cc-1088,cc_liberalites,Code civil,1088,"Livre III : Des différentes manières dont on acquiert la propriété > Titre II : Des libéralités > Chapitre VIII : Des donations faites par contrat de mariage aux époux, et aux enfants à naître du mariage.",,Toute donation faite en faveur du mariage sera caduque si le mariage ne s'ensuit pas.,VIGUEUR,2007-01-01,2999-01-01,LEGIARTI000006435367,https://www.legifrance.gouv.fr/codes/article_lc/LEGIARTI000006435367
cc-1089,cc_liberalites,Code civil,1089,"Livre III : Des différentes manières dont on acquiert la propriété > Titre II : Des libéralités > Chapitre VIII : Des donations faites par contrat de mariage aux époux, et aux enfants à naître du mariage.",,"Les donations faites à l'un des époux, dans les termes des articles 1082 , 1084 et 1086 ci-dessus, deviendront caduques si le donateur survit à l'époux donataire et à sa postérité.",VIGUEUR,2007-01-01,2999-01-01,LEGIARTI000006435380,https://www.legifrance.gouv.fr/codes/article_lc/LEGIARTI000006435380
cc-1090,cc_liberalites,Code civil,1090,"Livre III : Des différentes manières dont on acquiert la propriété > Titre II : Des libéralités > Chapitre VIII : Des donations faites par contrat de mariage aux époux, et aux enfants à naître du mariage.",,"Toutes donations faites aux époux par leur contrat de mariage seront, lors de l'ouverture de la succession du donateur, réductibles à la portion dont la loi lui permettait de disposer.",VIGUEUR,2007-01-01,2999-01-01,LEGIARTI000006435392,https://www.legifrance.gouv.fr/codes/article_lc/LEGIARTI000006435392
cc-1091,cc_liberalites,Code civil,1091,"Livre III : Des différentes manières dont on acquiert la propriété > Titre II : Des libéralités > Chapitre IX : Des dispositions entre époux, soit par contrat de mariage, soit pendant le mariage.",,"Les époux pourront, par contrat de mariage, se faire réciproquement, ou l'un des deux à l'autre, telle donation qu'ils jugeront à propos, sous les modifications ci-après exprimées.",VIGUEUR,2007-01-01,2999-01-01,LEGIARTI000006435412,https://www.legifrance.gouv.fr/codes/article_lc/LEGIARTI000006435412
cc-1092,cc_liberalites,Code civil,1092,"Livre III : Des différentes manières dont on acquiert la propriété > Titre II : Des libéralités > Chapitre IX : Des dispositions entre époux, soit par contrat de mariage, soit pendant le mariage.",,"Toute donation entre vifs de biens présents, faite entre époux par contrat de mariage, ne sera point censée faite sous la condition de survie du donataire, si cette condition n'est formellement exprimée ; et elle sera soumise à toutes les règles et formes ci-dessus prescrites pour ces sortes de donations.",VIGUEUR,2007-01-01,2999-01-01,LEGIARTI000006435422,https://www.legifrance.gouv.fr/codes/article_lc/LEGIARTI000006435422
cc-1093,cc_liberalites,Code civil,1093,"Livre III : Des différentes manières dont on acquiert la propriété > Titre II : Des libéralités > Chapitre IX : Des dispositions entre époux, soit par contrat de mariage, soit pendant le mariage.",,"La donation de biens à venir, ou de biens présents et à venir, faite entre époux par contrat de mariage, soit simple, soit réciproque, sera soumise aux règles établies par le chapitre précédent, à l'égard des donations pareilles qui leur seront faites par un tiers, sauf qu'elle ne sera point transmissible aux enfants issus du mariage, en cas de décès de l'époux donataire avant l'époux donateur.",VIGUEUR,2007-01-01,2999-01-01,LEGIARTI000006435431,https://www.legifrance.gouv.fr/codes/article_lc/LEGIARTI000006435431
cc-1094-3,cc_liberalites,Code civil,1094-3,"Livre III : Des différentes manières dont on acquiert la propriété > Titre II : Des libéralités > Chapitre IX : Des dispositions entre époux, soit par contrat de mariage, soit pendant le mariage.",,"Les enfants ou descendants pourront, nonobstant toute stipulation contraire du disposant, exiger, quant aux biens soumis à l'usufruit, qu'il soit dressé inventaire des meubles ainsi qu'état des immeubles, qu'il soit fait emploi des sommes et que les titres au porteur soient, au choix de l'usufruitier, convertis en titres nominatifs ou déposés chez un dépositaire agréé.",VIGUEUR,2007-01-01,2999-01-01,LEGIARTI000006435444,https://www.legifrance.gouv.fr/codes/article_lc/LEGIARTI000006435444
cc-1095,cc_liberalites,Code civil,1095,"Livre III : Des différentes manières dont on acquiert la propriété > Titre II : Des libéralités > Chapitre IX : Des dispositions entre époux, soit par contrat de mariage, soit pendant le mariage.",,"Le mineur ne pourra, par contrat de mariage, donner à l'autre époux, soit par donation simple, soit par donation réciproque, qu'avec le consentement et l'assistance de ceux dont le consentement est requis pour la validité de son mariage ; et, avec ce consentement, il pourra donner tout ce que la loi permet à l'époux majeur de donner à l'autre conjoint.",VIGUEUR,2007-01-01,2999-01-01,LEGIARTI000006435454,https://www.legifrance.gouv.fr/codes/article_lc/LEGIARTI000006435454
cc-1098,cc_liberalites,Code civil,1098,"Livre III : Des différentes manières dont on acquiert la propriété > Titre II : Des libéralités > Chapitre IX : Des dispositions entre époux, soit par contrat de mariage, soit pendant le mariage.",,"Si un époux a fait à son conjoint, dans les limites de l'article 1094-1 , une libéralité en propriété, chacun des enfants qui ne sont pas issus des deux époux aura, en ce qui le concerne, sauf volonté contraire et non équivoque du disposant, la faculté de substituer à l'exécution de cette libéralité l'abandon de l'usufruit de la part de succession qu'il eût recueillie en l'absence de conjoint survivant. Ceux qui auront exercé cette faculté pourront exiger que soient appliquées les dispositions de l'article 1094-3 .",VIGUEUR,2007-01-01,2999-01-01,LEGIARTI000006435467,https://www.legifrance.gouv.fr/codes/article_lc/LEGIARTI000006435467
cc-1099-1,cc_liberalites,Code civil,1099-1,"Livre III : Des différentes manières dont on acquiert la propriété > Titre II : Des libéralités > Chapitre IX : Des dispositions entre époux, soit par contrat de mariage, soit pendant le mariage.",,"Quand un époux acquiert un bien avec des deniers qui lui ont été donnés par l'autre à cette fin, la donation n'est que des deniers et non du bien auquel ils sont employés. En ce cas, les droits du donateur ou de ses héritiers n'ont pour objet qu'une somme d'argent suivant la valeur actuelle du bien. Si le bien a été aliéné, on considère la valeur qu'il avait au jour de l'aliénation, et si un nouveau bien a été subrogé au bien aliéné, la valeur de ce nouveau bien.",VIGUEUR,2007-01-01,2999-01-01,LEGIARTI000006435469,https://www.legifrance.gouv.fr/codes/article_lc/LEGIARTI000006435469
cc-912,cc_liberalites,Code civil,912,"Livre III : Des différentes manières dont on acquiert la propriété > Titre II : Des libéralités > Chapitre III : De la réserve héréditaire, de la quotité disponible et de la réduction. > Section 1 : De la réserve héréditaire et de la quotité disponible",,"La réserve héréditaire est la part des biens et droits successoraux dont la loi assure la dévolution libre de charges à certains héritiers dits réservataires, s'ils sont appelés à la succession et s'ils l'acceptent. La quotité disponible est la part des biens et droits successoraux qui n'est pas réservée par la loi et dont le défunt a pu disposer librement par des libéralités.",VIGUEUR,2007-01-01,2999-01-01,LEGIARTI000006435530,https://www.legifrance.gouv.fr/codes/article_lc/LEGIARTI000006435530
cc-916,cc_liberalites,Code civil,916,"Livre III : Des différentes manières dont on acquiert la propriété > Titre II : Des libéralités > Chapitre III : De la réserve héréditaire, de la quotité disponible et de la réduction. > Section 1 : De la réserve héréditaire et de la quotité disponible",,"A défaut de descendant et de conjoint survivant non divorcé, les libéralités par actes entre vifs ou testamentaires pourront épuiser la totalité des biens.",VIGUEUR,2007-01-01,2999-01-01,LEGIARTI000006435592,https://www.legifrance.gouv.fr/codes/article_lc/LEGIARTI000006435592
cc-940,cc_liberalites,Code civil,940,Livre III : Des différentes manières dont on acquiert la propriété > Titre II : Des libéralités > Chapitre IV : Des donations entre vifs. > Section 1 : De la forme des donations entre vifs.,,"Lorsque la donation sera faite à des mineurs, à des majeurs en tutelle ou à des établissements publics, la publication sera faite à la diligence des tuteurs, curateurs ou administrateurs.",VIGUEUR,2007-01-01,2999-01-01,LEGIARTI000006435628,https://www.legifrance.gouv.fr/codes/article_lc/LEGIARTI000006435628
cc-942,cc_liberalites,Code civil,942,Livre III : Des différentes manières dont on acquiert la propriété > Titre II : Des libéralités > Chapitre IV : Des donations entre vifs. > Section 1 : De la forme des donations entre vifs.,,"Les mineurs, les majeurs en tutelle ne seront point restitués contre le défaut d'acceptation ou de publication des donations ; sauf leur recours contre leurs tuteurs, s'il y échet, et sans que la restitution puisse avoir lieu, dans le cas même où lesdits tuteurs se trouveraient insolvables.",VIGUEUR,2007-01-01,2999-01-01,LEGIARTI000006435639,https://www.legifrance.gouv.fr/codes/article_lc/LEGIARTI000006435639
cc-960,cc_liberalites,Code civil,960,Livre III : Des différentes manières dont on acquiert la propriété > Titre II : Des libéralités > Chapitre IV : Des donations entre vifs. > Section 2 : Des exceptions à la règle de l'irrévocabilité des donations entre vifs.,,"Toutes donations entre vifs faites par personnes qui n'avaient point d'enfants ou de descendants actuellement vivants dans le temps de la donation, de quelque valeur que ces donations puissent être, et à quelque titre qu'elles aient été faites, et encore qu'elles fussent mutuelles ou rémunératoires, même celles qui auraient été faites en faveur de mariage par autres que par les conjoints l'un à l'autre, peuvent être révoquées, si l'acte de donation le prévoit, par la survenance d'un enfant issu du donateur, même après son décès, ou adopté par lui dans les formes et conditions prévues au chapitre Ier du titre VIII du livre Ier.",VIGUEUR,2007-01-01,2999-01-01,LEGIARTI000006435678,https://www.legifrance.gouv.fr/codes/article_lc/LEGIARTI000006435678
cc-962,cc_liberalites,Code civil,962,Livre III : Des différentes manières dont on acquiert la propriété > Titre II : Des libéralités > Chapitre IV : Des donations entre vifs. > Section 2 : Des exceptions à la règle de l'irrévocabilité des donations entre vifs.,,"La donation peut pareillement être révoquée, même si le donataire est entré en possession des biens donnés et qu'il y a été laissé par le donateur depuis la survenance de l'enfant. Toutefois, le donataire n'est pas tenu de restituer les fruits qu'il a perçus, de quelque nature qu'ils soient, si ce n'est du jour auquel la naissance de l'enfant ou son adoption en la forme plénière lui a été notifiée par exploit ou autre acte en bonne forme, même si la demande pour rentrer dans les biens donnés a été formée après cette notification.",VIGUEUR,2007-01-01,2999-01-01,LEGIARTI000006435689,https://www.legifrance.gouv.fr/codes/article_lc/LEGIARTI000006435689
cc-1029,cc_liberalites,Code civil,1029,Livre III : Des différentes manières dont on acquiert la propriété > Titre II : Des libéralités > Chapitre V : Des dispositions testamentaires. > Section 7 : Des exécuteurs testamentaires.,,"L'exécuteur testamentaire prend les mesures conservatoires utiles à la bonne exécution du testament. Il peut faire procéder, dans les formes prévues à l'article 789 , à l'inventaire de la succession en présence ou non des héritiers, après les avoir dûment appelés. Il peut provoquer la vente du mobilier à défaut de liquidités suffisantes pour acquitter les dettes urgentes de la succession.",VIGUEUR,2007-01-01,2999-01-01,LEGIARTI000006435705,https://www.legifrance.gouv.fr/codes/article_lc/LEGIARTI000006435705
cc-1075,cc_liberalites,Code civil,1075,Livre III : Des différentes manières dont on acquiert la propriété > Titre II : Des libéralités > Chapitre VII : Des libéralités-partages. > Section 1 : Dispositions générales.,,"Toute personne peut faire, entre ses héritiers présomptifs, la distribution et le partage de ses biens et de ses droits. Cet acte peut se faire sous forme de donation-partage ou de testament-partage. Il est soumis aux formalités, conditions et règles prescrites pour les donations entre vifs dans le premier cas et pour les testaments dans le second.",VIGUEUR,2007-01-01,2999-01-01,LEGIARTI000006435751,https://www.legifrance.gouv.fr/codes/article_lc/LEGIARTI000006435751
cc-1078-1,cc_liberalites,Code civil,1078-1,Livre III : Des différentes manières dont on acquiert la propriété > Titre II : Des libéralités > Chapitre VII : Des libéralités-partages. > Section 2 : Des donations-partages. > Paragraphe 1 : Des donations-partages faites aux héritiers présomptifs.,,"Le lot de certains gratifiés pourra être formé, en totalité ou en partie, des donations, soit rapportables, soit faites hors part, déjà reçues par eux du disposant, eu égard éventuellement aux emplois et remplois qu'ils auront pu faire dans l'intervalle. La date d'évaluation applicable au partage anticipé sera également applicable aux donations antérieures qui lui auront été ainsi incorporées. Toute stipulation contraire sera réputée non écrite.",VIGUEUR,2007-01-01,2999-01-01,LEGIARTI000006435769,https://www.legifrance.gouv.fr/codes/article_lc/LEGIARTI000006435769
cc-1094,cc_liberalites,Code civil,1094,"Livre III : Des différentes manières dont on acquiert la propriété > Titre II : Des libéralités > Chapitre IX : Des dispositions entre époux, soit par contrat de mariage, soit pendant le mariage.",,"L'époux, soit par contrat de mariage, soit pendant le mariage, pourra, pour le cas où il ne laisserait point d'enfant ni de descendant, disposer en faveur de l'autre époux en propriété, de tout ce dont il pourrait disposer en faveur d'un étranger.",VIGUEUR,2007-01-01,2999-01-01,LEGIARTI000006435789,https://www.legifrance.gouv.fr/codes/article_lc/LEGIARTI000006435789
cc-1094-1,cc_liberalites,Code civil,1094-1,"Livre III : Des différentes manières dont on acquiert la propriété > Titre II : Des libéralités > Chapitre IX : Des dispositions entre époux, soit par contrat de mariage, soit pendant le mariage.",,"Pour le cas où l'époux laisserait des enfants ou descendants, issus ou non du mariage, il pourra disposer en faveur de l'autre époux, soit de la propriété de ce dont il pourrait disposer en faveur d'un étranger, soit d'un quart de ses biens en propriété et des trois autres quarts en usufruit, soit encore de la totalité de ses biens en usufruit seulement. Sauf stipulation contraire du disposant, le conjoint survivant peut cantonner son émolument sur une partie des biens dont il a été disposé en sa faveur. Cette limitation ne peut être considérée comme une libéralité faite aux autres successibles.",VIGUEUR,2007-01-01,2999-01-01,LEGIARTI000006435800,https://www.legifrance.gouv.fr/codes/article_lc/LEGIARTI000006435800
cc-1096,cc_liberalites,Code civil,1096,"Livre III : Des différentes manières dont on acquiert la propriété > Titre II : Des libéralités > Chapitre IX : Des dispositions entre époux, soit par contrat de mariage, soit pendant le mariage.",,La donation de biens à venir faite entre époux pendant le mariage est toujours révocable. La donation de biens présents qui prend effet au cours du mariage faite entre époux n'est révocable que dans les conditions prévues par les articles 953 à 958 . Les donations faites entre époux de biens présents ou de biens à venir ne sont pas révoquées par la survenance d'enfants.,VIGUEUR,2007-01-01,2999-01-01,LEGIARTI000006435819,https://www.legifrance.gouv.fr/codes/article_lc/LEGIARTI000006435819
cc-1099,cc_liberalites,Code civil,1099,"Livre III : Des différentes manières dont on acquiert la propriété > Titre II : Des libéralités > Chapitre IX : Des dispositions entre époux, soit par contrat de mariage, soit pendant le mariage.",,Les époux ne pourront se donner indirectement au-delà de ce qui leur est permis par les dispositions ci-dessus.,VIGUEUR,2007-01-01,2999-01-01,LEGIARTI000006435850,https://www.legifrance.gouv.fr/codes/article_lc/LEGIARTI000006435850
cc-919-1,cc_liberalites,Code civil,919-1,"Livre III : Des différentes manières dont on acquiert la propriété > Titre II : Des libéralités > Chapitre III : De la réserve héréditaire, de la quotité disponible et de la réduction. > Section 2 : De la réduction des libéralités excessives > Paragraphe 1 : Des opérations préliminaires à la réduction",,"La donation faite en avancement de part successorale à un héritier réservataire qui accepte la succession s'impute sur sa part de réserve et, subsidiairement, sur la quotité disponible, s'il n'en a pas été autrement convenu dans l'acte de donation.L'excédent est sujet à réduction. La donation faite en avancement de part successorale à un héritier réservataire qui renonce à la succession est traitée comme une donation faite hors part successorale. Toutefois, lorsqu'il est astreint au rapport en application des dispositions de l'article 845 , l'héritier qui renonce est traité comme un héritier acceptant pour la réunion fictive l'imputation et, le cas échéant, la réduction de la libéralité qui lui a été consentie.",VIGUEUR,2007-01-01,2999-01-01,LEGIARTI000006435899,https://www.legifrance.gouv.fr/codes/article_lc/LEGIARTI000006435899
cc-919-2,cc_liberalites,Code civil,919-2,"Livre III : Des différentes manières dont on acquiert la propriété > Titre II : Des libéralités > Chapitre III : De la réserve héréditaire, de la quotité disponible et de la réduction. > Section 2 : De la réduction des libéralités excessives > Paragraphe 1 : Des opérations préliminaires à la réduction",,La libéralité faite hors part successorale s'impute sur la quotité disponible. L'excédent est sujet à réduction.,VIGUEUR,2007-01-01,2999-01-01,LEGIARTI000006435905,https://www.legifrance.gouv.fr/codes/article_lc/LEGIARTI000006435905
cc-924-1,cc_liberalites,Code civil,924-1,"Livre III : Des différentes manières dont on acquiert la propriété > Titre II : Des libéralités > Chapitre III : De la réserve héréditaire, de la quotité disponible et de la réduction. > Section 2 : De la réduction des libéralités excessives > Paragraphe 2 : De l'exercice de la réduction",,"Le gratifié peut exécuter la réduction en nature, par dérogation à l'article 924 , lorsque le bien donné ou légué lui appartient encore et qu'il est libre de toute charge dont il n'aurait pas déjà été grevé à la date de la libéralité, ainsi que de toute occupation dont il n'aurait pas déjà fait l'objet à cette même date. Cette faculté s'éteint s'il n'exprime pas son choix pour cette modalité de réduction dans un délai de trois mois à compter de la date à laquelle un héritier réservataire l'a mis en demeure de prendre parti.",VIGUEUR,2007-01-01,2999-01-01,LEGIARTI000006435919,https://www.legifrance.gouv.fr/codes/article_lc/LEGIARTI000006435919
cc-924-2,cc_liberalites,Code civil,924-2,"Livre III : Des différentes manières dont on acquiert la propriété > Titre II : Des libéralités > Chapitre III : De la réserve héréditaire, de la quotité disponible et de la réduction. > Section 2 : De la réduction des libéralités excessives > Paragraphe 2 : De l'exercice de la réduction",,"Le montant de l'indemnité de réduction se calcule d'après la valeur des biens donnés ou légués à l'époque du partage ou de leur aliénation par le gratifié et en fonction de leur état au jour où la libéralité a pris effet. S'il y a eu subrogation, le calcul de l'indemnité de réduction tient compte de la valeur des nouveaux biens à l'époque du partage, d'après leur état à l'époque de l'acquisition. Toutefois, si la dépréciation des nouveaux biens était, en raison de leur nature, inéluctable au jour de leur acquisition, il n'est pas tenu compte de la subrogation.",VIGUEUR,2007-01-01,2999-01-01,LEGIARTI000006435928,https://www.legifrance.gouv.fr/codes/article_lc/LEGIARTI000006435928
cc-924-3,cc_liberalites,Code civil,924-3,"Livre III : Des différentes manières dont on acquiert la propriété > Titre II : Des libéralités > Chapitre III : De la réserve héréditaire, de la quotité disponible et de la réduction. > Section 2 : De la réduction des libéralités excessives > Paragraphe 2 : De l'exercice de la réduction",,"L'indemnité de réduction est payable au moment du partage, sauf accord entre les cohéritiers. Toutefois, lorsque la libéralité a pour objet un des biens pouvant faire l'objet d'une attribution préférentielle, des délais peuvent être accordés par le tribunal, compte tenu des intérêts en présence, s'ils ne l'ont pas été par le disposant. L'octroi de ces délais ne peut, en aucun cas, avoir pour effet de différer le paiement de l'indemnité au-delà de dix années à compter de l'ouverture de la succession. Les dispositions de l'article 828 sont alors applicables au paiement des sommes dues. A défaut de convention ou de stipulation contraire, ces sommes sont productives d'intérêt au taux légal à compter de la date à laquelle le montant de l'indemnité de réduction a été fixé. Les avantages résultant des délais et modalités de paiement accordés ne constituent pas une libéralité. En cas de vente de la totalité du bien donné ou légué, les sommes restant dues deviennent immédiatement exigibles ; en cas de ventes partielles, le produit de ces ventes est versé aux cohéritiers et imputé sur les sommes encore dues.",VIGUEUR,2007-01-01,2999-01-01,LEGIARTI000006435937,https://www.legifrance.gouv.fr/codes/article_lc/LEGIARTI000006435937
cc-930-1,cc_liberalites,Code civil,930-1,"Livre III : Des différentes manières dont on acquiert la propriété > Titre II : Des libéralités > Chapitre III : De la réserve héréditaire, de la quotité disponible et de la réduction. > Section 2 : De la réduction des libéralités excessives > Paragraphe 3 : De la renonciation anticipée à l'action en réduction",,"La capacité requise du renonçant est celle exigée pour consentir une donation entre vifs. Toutefois, le mineur émancipé ne peut renoncer par anticipation à l'action en réduction. La renonciation, quelles que soient ses modalités, ne constitue pas une libéralité.",VIGUEUR,2007-01-01,2999-01-01,LEGIARTI000006435967,https://www.legifrance.gouv.fr/codes/article_lc/LEGIARTI000006435967
cc-930-2,cc_liberalites,Code civil,930-2,"Livre III : Des différentes manières dont on acquiert la propriété > Titre II : Des libéralités > Chapitre III : De la réserve héréditaire, de la quotité disponible et de la réduction. > Section 2 : De la réduction des libéralités excessives > Paragraphe 3 : De la renonciation anticipée à l'action en réduction",,"La renonciation ne produit aucun effet s'il n'a pas été porté atteinte à la réserve héréditaire du renonçant. Si l'atteinte à la réserve héréditaire n'a été exercée que partiellement, la renonciation ne produit d'effets qu'à hauteur de l'atteinte à la réserve du renonçant résultant de la libéralité consentie. Si l'atteinte à la réserve porte sur une fraction supérieure à celle prévue dans la renonciation, l'excédent est sujet à réduction. La renonciation relative à la réduction d'une libéralité portant sur un bien déterminé est caduque si la libéralité attentatoire à la réserve ne porte pas sur ce bien. Il en va de même si la libéralité n'a pas été faite au profit de la ou des personnes déterminées.",VIGUEUR,2007-01-01,2999-01-01,LEGIARTI000006435973,https://www.legifrance.gouv.fr/codes/article_lc/LEGIARTI000006435973
cc-930-3,cc_liberalites,Code civil,930-3,"Livre III : Des différentes manières dont on acquiert la propriété > Titre II : Des libéralités > Chapitre III : De la réserve héréditaire, de la quotité disponible et de la réduction. > Section 2 : De la réduction des libéralités excessives > Paragraphe 3 : De la renonciation anticipée à l'action en réduction",,"Le renonçant ne peut demander la révocation de sa renonciation que si : 1° Celui dont il a vocation à hériter ne remplit pas ses obligations alimentaires envers lui ; 2° Au jour de l'ouverture de la succession, il est dans un état de besoin qui disparaîtrait s'il n'avait pas renoncé à ses droits réservataires ; 3° Le bénéficiaire de la renonciation s'est rendu coupable d'un crime ou d'un délit contre sa personne.",VIGUEUR,2007-01-01,2999-01-01,LEGIARTI000006435981,https://www.legifrance.gouv.fr/codes/article_lc/LEGIARTI000006435981
cc-930-4,cc_liberalites,Code civil,930-4,"Livre III : Des différentes manières dont on acquiert la propriété > Titre II : Des libéralités > Chapitre III : De la réserve héréditaire, de la quotité disponible et de la réduction. > Section 2 : De la réduction des libéralités excessives > Paragraphe 3 : De la renonciation anticipée à l'action en réduction",,"La révocation n'a jamais lieu de plein droit. La demande en révocation est formée dans l'année, à compter du jour de l'ouverture de la succession, si elle est fondée sur l'état de besoin. Elle est formée dans l'année, à compter du jour du fait imputé par le renonçant ou du jour où le fait a pu être connu par ses héritiers, si elle est fondée sur le manquement aux obligations alimentaires ou sur l'un des faits visés au 3° de l'article 930-3 . La révocation en application du 2° de l'article 930-3 n'est prononcée qu'à concurrence des besoins de celui qui avait renoncé.",VIGUEUR,2007-01-01,2999-01-01,LEGIARTI000006435993,https://www.legifrance.gouv.fr/codes/article_lc/LEGIARTI000006435993
cc-930-5,cc_liberalites,Code civil,930-5,"Livre III : Des différentes manières dont on acquiert la propriété > Titre II : Des libéralités > Chapitre III : De la réserve héréditaire, de la quotité disponible et de la réduction. > Section 2 : De la réduction des libéralités excessives > Paragraphe 3 : De la renonciation anticipée à l'action en réduction",,La renonciation est opposable aux représentants du renonçant.,VIGUEUR,2007-01-01,2999-01-01,LEGIARTI000006435997,https://www.legifrance.gouv.fr/codes/article_lc/LEGIARTI000006435997
cc-1002-1,cc_liberalites,Code civil,1002-1,Livre III : Des différentes manières dont on acquiert la propriété > Titre II : Des libéralités > Chapitre V : Des dispositions testamentaires. > Section 3 : Des institutions d'héritiers et des legs en général.,,"Sauf volonté contraire du disposant, lorsque la succession a été acceptée par au moins un héritier désigné par la loi, le légataire peut cantonner son émolument sur une partie des biens dont il a été disposé en sa faveur. Ce cantonnement ne constitue pas une libéralité faite par le légataire aux autres successibles.",VIGUEUR,2007-01-01,2999-01-01,LEGIARTI000006436015,https://www.legifrance.gouv.fr/codes/article_lc/LEGIARTI000006436015
cc-1030-1,cc_liberalites,Code civil,1030-1,Livre III : Des différentes manières dont on acquiert la propriété > Titre II : Des libéralités > Chapitre V : Des dispositions testamentaires. > Section 7 : Des exécuteurs testamentaires.,,"En l'absence d'héritier réservataire acceptant, le testateur peut habiliter l'exécuteur testamentaire à disposer en tout ou partie des immeubles de la succession, recevoir et placer les capitaux, payer les dettes et les charges et procéder à l'attribution ou au partage des biens subsistants entre les héritiers et les légataires. A peine d'inopposabilité, la vente d'un immeuble de la succession ne peut intervenir qu'après information des héritiers par l'exécuteur testamentaire.",VIGUEUR,2007-01-01,2999-01-01,LEGIARTI000006436017,https://www.legifrance.gouv.fr/codes/article_lc/LEGIARTI000006436017
cc-1033-1,cc_liberalites,Code civil,1033-1,Livre III : Des différentes manières dont on acquiert la propriété > Titre II : Des libéralités > Chapitre V : Des dispositions testamentaires. > Section 7 : Des exécuteurs testamentaires.,,"La mission d'exécuteur testamentaire est gratuite, sauf libéralité faite à titre particulier eu égard aux facultés du disposant et aux services rendus.",VIGUEUR,2007-01-01,2999-01-01,LEGIARTI000006436034,https://www.legifrance.gouv.fr/codes/article_lc/LEGIARTI000006436034
cc-1075-4,cc_liberalites,Code civil,1075-4,Livre III : Des différentes manières dont on acquiert la propriété > Titre II : Des libéralités > Chapitre VII : Des libéralités-partages. > Section 1 : Dispositions générales.,,"Les dispositions de l'article 828 , sont applicables aux soultes mises à la charge des donataires, nonobstant toute convention contraire.",VIGUEUR,2007-01-01,2999-01-01,LEGIARTI000006436039,https://www.legifrance.gouv.fr/codes/article_lc/LEGIARTI000006436039
cc-1075-5,cc_liberalites,Code civil,1075-5,Livre III : Des différentes manières dont on acquiert la propriété > Titre II : Des libéralités > Chapitre VII : Des libéralités-partages. > Section 1 : Dispositions générales.,,"Si tous les biens ou droits que le disposant laisse au jour de son décès n'ont pas été compris dans le partage, ceux de ses biens ou droits qui n'y ont pas été compris sont attribués ou partagés conformément à la loi.",VIGUEUR,2007-01-01,2999-01-01,LEGIARTI000006436050,https://www.legifrance.gouv.fr/codes/article_lc/LEGIARTI000006436050
cc-1076-1,cc_liberalites,Code civil,1076-1,Livre III : Des différentes manières dont on acquiert la propriété > Titre II : Des libéralités > Chapitre VII : Des libéralités-partages. > Section 2 : Des donations-partages. > Paragraphe 1 : Des donations-partages faites aux héritiers présomptifs.,,"En cas de donation-partage faite conjointement par deux époux, l'enfant non commun peut être alloti du chef de son auteur en biens propres de celui-ci ou en biens communs, sans que le conjoint puisse toutefois être codonateur des biens communs.",VIGUEUR,2007-01-01,2999-01-01,LEGIARTI000006436071,https://www.legifrance.gouv.fr/codes/article_lc/LEGIARTI000006436071
cc-1078-4,cc_liberalites,Code civil,1078-4,Livre III : Des différentes manières dont on acquiert la propriété > Titre II : Des libéralités > Chapitre VII : Des libéralités-partages. > Section 2 : Des donations-partages. > Paragraphe 2 : Des donations-partages faites à des descendants de degrés différents.,,"Lorsque l'ascendant procède à une donation-partage, ses enfants peuvent consentir à ce que leurs propres descendants y soient allotis en leur lieu et place, en tout ou partie. Les descendants d'un degré subséquent peuvent, dans le partage anticipé, être allotis séparément ou conjointement entre eux.",VIGUEUR,2007-01-01,2999-01-01,LEGIARTI000006436072,https://www.legifrance.gouv.fr/codes/article_lc/LEGIARTI000006436072
cc-1078-5,cc_liberalites,Code civil,1078-5,Livre III : Des différentes manières dont on acquiert la propriété > Titre II : Des libéralités > Chapitre VII : Des libéralités-partages. > Section 2 : Des donations-partages. > Paragraphe 2 : Des donations-partages faites à des descendants de degrés différents.,,"Cette libéralité constitue une donation-partage alors même que l'ascendant donateur n'aurait qu'un enfant, que le partage se fasse entre celui-ci et ses descendants ou entre ses descendants seulement. Elle requiert le consentement, dans l'acte, de l'enfant qui renonce à tout ou partie de ses droits, ainsi que de ses descendants qui en bénéficient. La libéralité est nulle lorsque le consentement du renonçant a été vicié par l'erreur, le dol ou la violence.",VIGUEUR,2007-01-01,2999-01-01,LEGIARTI000006436073,https://www.legifrance.gouv.fr/codes/article_lc/LEGIARTI000006436073
cc-1078-6,cc_liberalites,Code civil,1078-6,Livre III : Des différentes manières dont on acquiert la propriété > Titre II : Des libéralités > Chapitre VII : Des libéralités-partages. > Section 2 : Des donations-partages. > Paragraphe 2 : Des donations-partages faites à des descendants de degrés différents.,,"Lorsque des descendants de degrés différents concourent à la même donation-partage, le partage s'opère par souche. Des attributions peuvent être faites à des descendants de degrés différents dans certaines souches et non dans d'autres.",VIGUEUR,2007-01-01,2999-01-01,LEGIARTI000006436074,https://www.legifrance.gouv.fr/codes/article_lc/LEGIARTI000006436074
cc-1078-7,cc_liberalites,Code civil,1078-7,Livre III : Des différentes manières dont on acquiert la propriété > Titre II : Des libéralités > Chapitre VII : Des libéralités-partages. > Section 2 : Des donations-partages. > Paragraphe 2 : Des donations-partages faites à des descendants de degrés différents.,,Les donations-partages faites à des descendants de degrés différents peuvent comporter les conventions prévues par les articles 1078-1 à 1078-3.,VIGUEUR,2007-01-01,2999-01-01,LEGIARTI000006436075,https://www.legifrance.gouv.fr/codes/article_lc/LEGIARTI000006436075
cc-1078-8,cc_liberalites,Code civil,1078-8,Livre III : Des différentes manières dont on acquiert la propriété > Titre II : Des libéralités > Chapitre VII : Des libéralités-partages. > Section 2 : Des donations-partages. > Paragraphe 2 : Des donations-partages faites à des descendants de degrés différents.,,"Dans la succession de l'ascendant donateur, les biens reçus par les enfants ou leurs descendants à titre de partage anticipé s'imputent sur la part de réserve revenant à leur souche et subsidiairement sur la quotité disponible. Toutes les donations faites aux membres d'une même souche sont imputées ensemble, quel que soit le degré de parenté avec le défunt. Lorsque tous les enfants de l'ascendant donateur ont donné leur consentement au partage anticipé et qu'il n'a pas été prévu de réserve d'usufruit portant sur une somme d'argent, les biens dont les gratifiés ont été allotis sont évalués selon la règle prévue à l'article 1078 . Si les descendants d'une souche n'ont pas reçu de lot dans la donation-partage ou n'y ont reçu qu'un lot inférieur à leur part de réserve, ils sont remplis de leurs droits selon les règles prévues par les articles 1077-1 et 1077-2 .",VIGUEUR,2007-01-01,2999-01-01,LEGIARTI000006436076,https://www.legifrance.gouv.fr/codes/article_lc/LEGIARTI000006436076
cc-1078-9,cc_liberalites,Code civil,1078-9,Livre III : Des différentes manières dont on acquiert la propriété > Titre II : Des libéralités > Chapitre VII : Des libéralités-partages. > Section 2 : Des donations-partages. > Paragraphe 2 : Des donations-partages faites à des descendants de degrés différents.,,"Dans la succession de l'enfant qui a consenti à ce que ses propres descendants soient allotis en son lieu et place, les biens reçus par eux de l'ascendant sont traités comme s'ils les tenaient de leur auteur direct. Ces biens sont soumis aux règles dont relèvent les donations entre vifs pour la réunion fictive, l'imputation, le rapport et, le cas échéant, la réduction. Toutefois, lorsque tous les descendants ont reçu et accepté un lot dans le partage anticipé et qu'il n'a pas été prévu d'usufruit portant sur une somme d'argent, les biens dont ont été allotis les gratifiés sont traités comme s'ils les avaient reçus de leur auteur par donation-partage.",VIGUEUR,2007-01-01,2999-01-01,LEGIARTI000006436077,https://www.legifrance.gouv.fr/codes/article_lc/LEGIARTI000006436077
cc-1078-10,cc_liberalites,Code civil,1078-10,Livre III : Des différentes manières dont on acquiert la propriété > Titre II : Des libéralités > Chapitre VII : Des libéralités-partages. > Section 2 : Des donations-partages. > Paragraphe 2 : Des donations-partages faites à des descendants de degrés différents.,,"Les règles édictées à l'article 1078-9 ne s'appliquent pas lorsque l'enfant qui a consenti à ce que ses propres descendants soient allotis en son lieu et place procède ensuite lui-même, avec ces derniers, à une donation-partage à laquelle sont incorporés les biens antérieurement reçus dans les conditions prévues à l'article 1078-4 . Cette nouvelle donation-partage peut comporter les conventions prévues par les articles 1078-1 et 1078-2.",VIGUEUR,2007-01-01,2999-01-01,LEGIARTI000006436078,https://www.legifrance.gouv.fr/codes/article_lc/LEGIARTI000006436078
cc-924-4,cc_liberalites,Code civil,924-4,"Livre III : Des différentes manières dont on acquiert la propriété > Titre II : Des libéralités > Chapitre III : De la réserve héréditaire, de la quotité disponible et de la réduction. > Section 2 : De la réduction des libéralités excessives > Paragraphe 2 : De l'exercice de la réduction",,"Après discussion préalable des biens du débiteur de l'indemnité en réduction et en cas d'insolvabilité de ce dernier, les héritiers réservataires peuvent exercer l'action en réduction ou revendication contre les tiers détenteurs des immeubles faisant partie des libéralités et aliénés par le gratifié.L'action est exercée de la même manière que contre les gratifiés eux-mêmes et suivant l'ordre des dates des aliénations, en commençant par la plus récente. Elle peut être exercée contre les tiers détenteurs de meubles lorsque l'article 2276 ne peut être invoqué. Lorsque, au jour de la donation ou postérieurement, le donateur et tous les héritiers réservataires présomptifs ont consenti à l'aliénation du bien donné, aucun héritier réservataire, même né après que le consentement de tous les héritiers intéressés a été recueilli, ne peut exercer l'action contre les tiers détenteurs. S'agissant des biens légués, cette action ne peut plus être exercée lorsque les héritiers réservataires ont consenti à l'aliénation.",VIGUEUR,2008-06-19,2999-01-01,LEGIARTI000019017529,https://www.legifrance.gouv.fr/codes/article_lc/LEGIARTI000019017529
cc-898,cc_liberalites,Code civil,898,Livre III : Des différentes manières dont on acquiert la propriété > Titre II : Des libéralités > Chapitre Ier : Dispositions générales.,,"La disposition par laquelle un tiers serait appelé à recueillir le don, la succession ou le legs, dans le cas où le donataire, l'héritier institué ou le légataire ne le recueillerait pas, ne sera pas regardée comme une substitution et sera valable.",VIGUEUR,2009-05-14,2999-01-01,LEGIARTI000020616245,https://www.legifrance.gouv.fr/codes/article_lc/LEGIARTI000020616245
cc-937,cc_liberalites,Code civil,937,Livre III : Des différentes manières dont on acquiert la propriété > Titre II : Des libéralités > Chapitre IV : Des donations entre vifs. > Section 1 : De la forme des donations entre vifs.,,"Sous réserve des dispositions des deuxième et troisième alinéas de l'article 910 , les donations faites au profit d'établissements d'utilité publique sont acceptées par les administrateurs de ces établissements, après y avoir été dûment autorisés.",VIGUEUR,2009-05-14,2999-01-01,LEGIARTI000020628231,https://www.legifrance.gouv.fr/codes/article_lc/LEGIARTI000020628231
cc-958,cc_liberalites,Code civil,958,Livre III : Des différentes manières dont on acquiert la propriété > Titre II : Des libéralités > Chapitre IV : Des donations entre vifs. > Section 2 : Des exceptions à la règle de l'irrévocabilité des donations entre vifs.,,"La révocation pour cause d'ingratitude ne préjudiciera ni aux aliénations faites par le donataire, ni aux hypothèques et autres charges réelles qu'il aura pu imposer sur l'objet de la donation, pourvu que le tout soit antérieur à la publication, au fichier immobilier, de la demande en révocation. Dans le cas de révocation, le donataire sera condamné à restituer la valeur des objets aliénés, eu égard au temps de la demande, et les fruits, à compter du jour de cette demande.",VIGUEUR,2013-01-01,2999-01-01,LEGIARTI000022336269,https://www.legifrance.gouv.fr/codes/article_lc/LEGIARTI000022336269
cc-981,cc_liberalites,Code civil,981,Livre III : Des différentes manières dont on acquiert la propriété > Titre II : Des libéralités > Chapitre V : Des dispositions testamentaires. > Section 2 : Des règles particulières sur la forme de certains testaments.,,"Les testaments des militaires, des marins de l'Etat et des personnes employées à la suite des armées pourront être reçus dans les cas et conditions prévus à l'article 93 soit par un officier supérieur en présence de deux témoins ; soit par deux commissaires des armées ; soit par un commissaire des armées en présence de deux témoins ; soit enfin, dans un détachement isolé, par l'officier commandant ce détachement, assisté de deux témoins, s'il n'existe pas dans le détachement d'officier supérieur ou de commissaire des armées. Le testament de l'officier commandant un détachement isolé pourra être reçu par l'officier qui vient après lui dans l'ordre du service. La faculté de tester dans les conditions prévues au présent article s'étendra aux prisonniers chez l'ennemi.",VIGUEUR,2014-07-12,2999-01-01,LEGIARTI000029227320,https://www.legifrance.gouv.fr/codes/article_lc/LEGIARTI000029227320
cc-972,cc_liberalites,Code civil,972,Livre III : Des différentes manières dont on acquiert la propriété > Titre II : Des libéralités > Chapitre V : Des dispositions testamentaires. > Section 1 : Des règles générales sur la forme des testaments.,,"Si le testament est reçu par deux notaires, il leur est dicté par le testateur ; l'un de ces notaires l'écrit lui-même ou le fait écrire à la main ou mécaniquement. S'il n'y a qu'un notaire, il doit également être dicté par le testateur ; le notaire l'écrit lui-même ou le fait écrire à la main ou mécaniquement. Dans tous les cas, il doit en être donné lecture au testateur. Lorsque le testateur ne peut s'exprimer en langue française, la dictée et la lecture peuvent être accomplies par un interprète que le testateur choisit sur la liste nationale des experts judiciaires dressée par la Cour de cassation ou sur la liste des experts judiciaires dressée par chaque cour d'appel. L'interprète veille à l'exacte traduction des propos tenus. Le notaire n'est pas tenu de recourir à un interprète lorsque lui-même ainsi que, selon le cas, l'autre notaire ou les témoins comprennent la langue dans laquelle s'exprime le testateur. Lorsque le testateur peut écrire en langue française mais ne peut parler, le notaire écrit lui-même le testament ou le fait écrire à la main ou mécaniquement d'après les notes rédigées devant lui par le testateur, puis en donne lecture à ce dernier. Lorsque le testateur ne peut entendre, il prend connaissance du testament en le lisant lui-même, après lecture faite par le notaire. Lorsque le testateur ne peut ni parler ou entendre, ni lire ou écrire, la dictée ou la lecture sont accomplies dans les conditions décrites au quatrième alinéa. Il est fait du tout mention expresse.",VIGUEUR,2015-02-18,2999-01-01,LEGIARTI000030254026,https://www.legifrance.gouv.fr/codes/article_lc/LEGIARTI000030254026
cc-910,cc_liberalites,Code civil,910,Livre III : Des différentes manières dont on acquiert la propriété > Titre II : Des libéralités > Chapitre II : De la capacité de disposer ou de recevoir par donation entre vifs ou par testament.,,"I. - Les dispositions entre vifs ou par testament au profit des établissements de santé, des établissements sociaux et médico-sociaux ou d'établissements d'utilité publique n'ont leur effet qu'autant qu'elles sont autorisées par arrêté du représentant de l'Etat dans le département. II. - Toutefois, les dispositions entre vifs ou par testament au profit des fondations, des congrégations et des associations ayant la capacité à recevoir des libéralités et, dans les départements du Bas-Rhin, du Haut-Rhin et de la Moselle, des établissements publics du culte et des associations inscrites de droit local, à l'exception des associations ou fondations dont les activités ou celles de leurs dirigeants sont visées à l' article 1er de la loi n° 2001-504 du 12 juin 2001 tendant à renforcer la prévention et la répression des mouvements sectaires portant atteinte aux droits de l'homme et aux libertés fondamentales, sont acceptées librement par celles-ci. Si le représentant de l'Etat dans le département constate que l'organisme légataire ou donataire ne satisfait pas aux conditions légales exigées pour avoir la capacité juridique à recevoir des libéralités ou qu'il n'est pas apte à utiliser la libéralité conformément à son objet statutaire, il peut former opposition à la libéralité, dans des conditions précisées par décret, la privant ainsi d'effet. Le troisième alinéa n'est pas applicable aux dispositions entre vifs ou par testament au profit des associations et fondations reconnues d'utilité publique, des associations dont la mission a été reconnue d'utilité publique et des fondations relevant des articles 80 à 88 du code civil local applicable aux départements du Bas-Rhin, du Haut-Rhin et de la Moselle. III. - Les libéralités consenties à des Etats étrangers ou à des établissements étrangers habilités par leur droit national à recevoir des libéralités sont acceptées librement par ces Etats ou par ces établissements, sauf opposition formée par l'autorité compétente, dans des conditions fixées par décret en Conseil d'Etat.",VIGUEUR,2015-07-25,2999-01-01,LEGIARTI000030930145,https://www.legifrance.gouv.fr/codes/article_lc/LEGIARTI000030930145
cc-911,cc_liberalites,Code civil,911,Livre III : Des différentes manières dont on acquiert la propriété > Titre II : Des libéralités > Chapitre II : De la capacité de disposer ou de recevoir par donation entre vifs ou par testament.,,"Toute libéralité au profit d'une personne physique ou d'une personne morale, frappée d'une incapacité de recevoir à titre gratuit, est nulle, qu'elle soit déguisée sous la forme d'un contrat onéreux ou faite sous le nom de personnes interposées, physiques ou morales. Sont présumés personnes interposées, jusqu'à preuve contraire, les père et mère, les enfants et descendants, ainsi que l'époux de la personne incapable.",VIGUEUR,2015-12-30,2999-01-01,LEGIARTI000031727367,https://www.legifrance.gouv.fr/codes/article_lc/LEGIARTI000031727367
cc-931-1,cc_liberalites,Code civil,931-1,Livre III : Des différentes manières dont on acquiert la propriété > Titre II : Des libéralités > Chapitre IV : Des donations entre vifs. > Section 1 : De la forme des donations entre vifs.,,"En cas de vice de forme, une donation entre vifs ne peut faire l'objet d'une confirmation. Elle doit être refaite en la forme légale. Après le décès du donateur, la confirmation ou exécution volontaire d'une donation par les héritiers ou ayant cause du donateur emporte leur renonciation à opposer les vices de forme ou toute autre cause de nullité.",VIGUEUR,2016-10-01,2999-01-01,LEGIARTI000032042681,https://www.legifrance.gouv.fr/codes/article_lc/LEGIARTI000032042681
cc-993,cc_liberalites,Code civil,993,Livre III : Des différentes manières dont on acquiert la propriété > Titre II : Des libéralités > Chapitre V : Des dispositions testamentaires. > Section 2 : Des règles particulières sur la forme de certains testaments.,,"Le livre de bord du bâtiment mentionne, en regard du nom du testateur, la remise des originaux ou l'expédition du testament faite, selon le cas, au consulat, au ministre chargé de la défense nationale ou au ministre chargé de la mer.",VIGUEUR,2016-12-20,2999-01-01,LEGIARTI000032747358,https://www.legifrance.gouv.fr/codes/article_lc/LEGIARTI000032747358
cc-1030-2,cc_liberalites,Code civil,1030-2,Livre III : Des différentes manières dont on acquiert la propriété > Titre II : Des libéralités > Chapitre V : Des dispositions testamentaires. > Section 7 : Des exécuteurs testamentaires.,,"Lorsque le testament a revêtu la forme authentique, l'envoi en possession n'est pas requis pour l'exécution des pouvoirs mentionnés aux articles 1030 et 1030-1 .",VIGUEUR,2017-11-01,2999-01-01,LEGIARTI000033460699,https://www.legifrance.gouv.fr/codes/article_lc/LEGIARTI000033460699
cc-985,cc_liberalites,Code civil,985,Livre III : Des différentes manières dont on acquiert la propriété > Titre II : Des libéralités > Chapitre V : Des dispositions testamentaires. > Section 2 : Des règles particulières sur la forme de certains testaments.,,"Les testaments faits dans un lieu avec lequel toute communication est impossible à cause d'une maladie contagieuse peuvent être faits par toute personne atteinte de cette maladie ou située dans des lieux qui en sont infectés, devant le juge du tribunal judiciaire ou devant l'un des officiers municipaux de la commune, en présence de deux témoins.",VIGUEUR,2020-01-01,2999-01-01,LEGIARTI000039367291,https://www.legifrance.gouv.fr/codes/article_lc/LEGIARTI000039367291
cc-986,cc_liberalites,Code civil,986,Livre III : Des différentes manières dont on acquiert la propriété > Titre II : Des libéralités > Chapitre V : Des dispositions testamentaires. > Section 2 : Des règles particulières sur la forme de certains testaments.,,"Les testaments faits dans une île du territoire français, où il n'existe pas d'office notarial, peuvent, lorsque toute communication avec le territoire auquel cette île est rattachée est impossible, être reçus dans les formes prévues à l'article 985 . L'impossibilité des communications est attestée dans l'acte par le juge du tribunal judiciaire ou l'officier municipal qui reçoit le testament.",VIGUEUR,2020-01-01,2999-01-01,LEGIARTI000039367604,https://www.legifrance.gouv.fr/codes/article_lc/LEGIARTI000039367604
cc-1007,cc_liberalites,Code civil,1007,Livre III : Des différentes manières dont on acquiert la propriété > Titre II : Des libéralités > Chapitre V : Des dispositions testamentaires. > Section 4 : Du legs universel.,,"Tout testament olographe ou mystique sera, avant d'être mis à exécution, déposé entre les mains d'un notaire. Le testament sera ouvert s'il est cacheté. Le notaire dressera sur-le-champ procès-verbal de l'ouverture et de l'état du testament, en précisant les circonstances du dépôt. Dans le cas prévu à l'article 1006, le notaire vérifiera les conditions de la saisine du légataire au regard du caractère universel de sa vocation et de l'absence d'héritiers réservataires. Il portera mention de ces vérifications sur le procès-verbal. Le testament ainsi que le procès-verbal seront conservés au rang des minutes du dépositaire. Dans le mois qui suivra la date du procès-verbal, le notaire adressera une expédition de celui-ci et une copie figurée du testament au greffier du tribunal judiciaire du lieu d'ouverture de la succession, qui lui accusera réception de ces documents et les conservera au rang de ses minutes. Dans le mois suivant cette réception, tout intéressé pourra s'opposer à l'exercice de ses droits par le légataire universel saisi de plein droit en vertu du même article 1006 . En cas d'opposition, ce légataire se fera envoyer en possession. Les modalités d'application du présent alinéa sont déterminées par décret en Conseil d'Etat.",VIGUEUR,2020-01-01,2999-01-01,LEGIARTI000039368517,https://www.legifrance.gouv.fr/codes/article_lc/LEGIARTI000039368517
cc-910-1,cc_liberalites,Code civil,910-1,Livre III : Des différentes manières dont on acquiert la propriété > Titre II : Des libéralités > Chapitre II : De la capacité de disposer ou de recevoir par donation entre vifs ou par testament.,,"Les libéralités consenties directement ou indirectement à des associations cultuelles au sens des articles 18 et 19 de la loi du 9 décembre 1905 concernant la séparation des Eglises et de l'Etat, à des congrégations et, dans les départements du Bas-Rhin, du Haut-Rhin et de la Moselle, à des établissements publics du culte et à des associations inscrites de droit local à objet cultuel par des Etats étrangers, des personnes morales étrangères ou des personnes physiques non résidentes sont acceptées librement par ces associations et ces établissements, sauf opposition formée par l'autorité administrative compétente, après mise en œuvre d'une procédure contradictoire, pour le motif mentionné au III de l'article 19-3 de la loi du 9 décembre 1905 précitée . L'opposition à la libéralité, formée dans des conditions fixées par décret en Conseil d'Etat, prive celle-ci d'effet.",VIGUEUR,2021-08-26,2999-01-01,LEGIARTI000043972470,https://www.legifrance.gouv.fr/codes/article_lc/LEGIARTI000043972470
cc-921,cc_liberalites,Code civil,921,"Livre III : Des différentes manières dont on acquiert la propriété > Titre II : Des libéralités > Chapitre III : De la réserve héréditaire, de la quotité disponible et de la réduction. > Section 2 : De la réduction des libéralités excessives > Paragraphe 2 : De l'exercice de la réduction",,"La réduction des dispositions entre vifs ne pourra être demandée que par ceux au profit desquels la loi fait la réserve, par leurs héritiers ou ayants cause : les donataires, les légataires, ni les créanciers du défunt ne pourront demander cette réduction, ni en profiter. Le délai de prescription de l'action en réduction est fixé à cinq ans à compter de l'ouverture de la succession, ou à deux ans à compter du jour où les héritiers ont eu connaissance de l'atteinte portée à leur réserve, sans jamais pouvoir excéder dix ans à compter du décès. Lorsque le notaire constate, lors du règlement de la succession, que les droits réservataires d'un héritier sont susceptibles d'être atteints par les libéralités effectuées par le défunt, il informe chaque héritier concerné et connu, individuellement et, le cas échéant, avant tout partage, de son droit de demander la réduction des libéralités qui excèdent la quotité disponible.",VIGUEUR,2021-11-01,2999-01-01,LEGIARTI000043982285,https://www.legifrance.gouv.fr/codes/article_lc/LEGIARTI000043982285
cc-913,cc_liberalites,Code civil,913,"Livre III : Des différentes manières dont on acquiert la propriété > Titre II : Des libéralités > Chapitre III : De la réserve héréditaire, de la quotité disponible et de la réduction. > Section 1 : De la réserve héréditaire et de la quotité disponible",,"Les libéralités, soit par actes entre vifs, soit par testament, ne pourront excéder la moitié des biens du disposant, s'il ne laisse à son décès qu'un enfant ; le tiers, s'il laisse deux enfants ; le quart, s'il en laisse trois ou un plus grand nombre. L'enfant qui renonce à la succession n'est compris dans le nombre d'enfants laissés par le défunt que s'il est représenté ou s'il est tenu au rapport d'une libéralité en application des dispositions de l'article 845 . Lorsque le défunt ou au moins l'un de ses enfants est, au moment du décès, ressortissant d'un Etat membre de l'Union européenne ou y réside habituellement et lorsque la loi étrangère applicable à la succession ne permet aucun mécanisme réservataire protecteur des enfants, chaque enfant ou ses héritiers ou ses ayants cause peuvent effectuer un prélèvement compensatoire sur les biens existants situés en France au jour du décès, de façon à être rétablis dans les droits réservataires que leur octroie la loi française, dans la limite de ceux-ci.",VIGUEUR,2021-11-01,2999-01-01,LEGIARTI000043982288,https://www.legifrance.gouv.fr/codes/article_lc/LEGIARTI000043982288
cc-939,cc_liberalites,Code civil,939,Livre III : Des différentes manières dont on acquiert la propriété > Titre II : Des libéralités > Chapitre IV : Des donations entre vifs. > Section 1 : De la forme des donations entre vifs.,,"Lorsqu'il y aura donation de biens susceptibles d'hypothèques, la publication des actes contenant la donation et l'acceptation, ainsi que la notification de l'acceptation qui aurait eu lieu par acte séparé, devra être faite au service chargé de la publicité foncière de la situation des biens.",VIGUEUR,2013-01-01,2999-01-01,LEGIARTI000050267148,https://www.legifrance.gouv.fr/codes/article_lc/LEGIARTI000050267148
cgi-768,cgi_dettes_defunt,CGI,768,"Livre premier : Assiette et liquidation de l'impôt > Première Partie : Impôts d'État > Titre IV : Enregistrement, publicité foncière. Impôt de solidarité sur la fortune, timbre > Chapitre premier : Droits d'enregistrement et taxe de publicité foncière > Section II : Les tarifs et leur application > VI : Mutations à titre gratuit > B : Assiette des droits de mutation à titre gratuit > 2 : Dispositions spéciales aux successions > b : Passif déductible > 2° : Dettes du défunt",,"Pour la liquidation des droits de mutation par décès, les dettes à la charge du défunt sont déduites lorsque leur existence au jour de l'ouverture de la succession est dûment justifiée par tous modes de preuve compatibles avec la procédure écrite.",VIGUEUR,1979-07-01,2999-01-01,LEGIARTI000006305392,https://www.legifrance.gouv.fr/codes/article_lc/LEGIARTI000006305392
cgi-769,cgi_dettes_defunt,CGI,769,"Livre premier : Assiette et liquidation de l'impôt > Première Partie : Impôts d'État > Titre IV : Enregistrement, publicité foncière. Impôt de solidarité sur la fortune, timbre > Chapitre premier : Droits d'enregistrement et taxe de publicité foncière > Section II : Les tarifs et leur application > VI : Mutations à titre gratuit > B : Assiette des droits de mutation à titre gratuit > 2 : Dispositions spéciales aux successions > b : Passif déductible > 2° : Dettes du défunt",,"Les dettes à la charge du défunt, qui ont été contractées pour l'achat de biens compris dans la succession et exonérés des droits de mutation par décès ou dans l'intérêt de tels biens, sont imputées par priorité sur la valeur desdits biens. Il en est de même des dettes garanties par des biens exonérés des droits de mutation par décès, lorsqu'il est établi que le ou les emprunts ont été contractés par le de cujus ou son conjoint en vue de soustraire tout ou partie de son patrimoine à l'application de ces droits.",VIGUEUR,1979-07-01,2999-01-01,LEGIARTI000006305393,https://www.legifrance.gouv.fr/codes/article_lc/LEGIARTI000006305393
cgi-770,cgi_dettes_defunt,CGI,770,"Livre premier : Assiette et liquidation de l'impôt > Première Partie : Impôts d'État > Titre IV : Enregistrement, publicité foncière. Impôt de solidarité sur la fortune, timbre > Chapitre premier : Droits d'enregistrement et taxe de publicité foncière > Section II : Les tarifs et leur application > VI : Mutations à titre gratuit > B : Assiette des droits de mutation à titre gratuit > 2 : Dispositions spéciales aux successions > b : Passif déductible > 2° : Dettes du défunt",,"Les dettes dont la déduction est demandée sont détaillées, article par article, dans un inventaire certifié par le déposant et annexé à la déclaration de la succession. A l'appui de leur demande, les héritiers ou leurs représentants doivent indiquer, soit la date de l'acte, le nom et la résidence de l'officier public qui l'a reçu, soit la date de la décision judiciaire et la juridiction dont elle émane. Ils doivent représenter les autres titres, actes ou écrits que le créancier ne peut, sous peine de dommages-intérêts, se refuser à communiquer sous récépissé.",VIGUEUR,1979-07-01,2999-01-01,LEGIARTI000006305394,https://www.legifrance.gouv.fr/codes/article_lc/LEGIARTI000006305394
cgi-774,cgi_dettes_defunt,CGI,774,"Livre premier : Assiette et liquidation de l'impôt > Première Partie : Impôts d'État > Titre IV : Enregistrement, publicité foncière. Impôt de solidarité sur la fortune, timbre > Chapitre premier : Droits d'enregistrement et taxe de publicité foncière > Section II : Les tarifs et leur application > VI : Mutations à titre gratuit > B : Assiette des droits de mutation à titre gratuit > 2 : Dispositions spéciales aux successions > b : Passif déductible > 2° : Dettes du défunt",,"Par dérogation aux dispositions du 2° de l'article 773, l'existence et la sincérité des dettes résultant de l'application des articles L. 321-13 et suivants du code rural et de la pêche maritime sont suffisamment prouvées à l'égard de l'administration par tous actes et écrits, même postérieurs au décès d'un exploitant agricole, susceptibles de faire preuve en justice entre les cohéritiers ou représentants de l'exploitant. L'héritier créancier de la succession est toutefois tenu de fournir, dans les formes et suivant les règles déterminées par l' article L. 20 du livre des procédures fiscales , une attestation, datée et signée par lui, mentionnant le montant de sa créance sur la succession de l'exploitant.",VIGUEUR,2010-05-08,2999-01-01,LEGIARTI000022328750,https://www.legifrance.gouv.fr/codes/article_lc/LEGIARTI000022328750
cgi-773,cgi_dettes_defunt,CGI,773,"Livre premier : Assiette et liquidation de l'impôt > Première Partie : Impôts d'État > Titre IV : Enregistrement, publicité foncière. Impôt de solidarité sur la fortune, timbre > Chapitre premier : Droits d'enregistrement et taxe de publicité foncière > Section II : Les tarifs et leur application > VI : Mutations à titre gratuit > B : Assiette des droits de mutation à titre gratuit > 2 : Dispositions spéciales aux successions > b : Passif déductible > 2° : Dettes du défunt",,"Toutefois ne sont pas déductibles : 1° Les dettes échues depuis plus de trois mois avant l'ouverture de la succession, à moins qu'il ne soit produit une attestation du créancier en certifiant l'existence à cette époque, dans la forme et suivant les règles déterminées à l'article L. 20 du livre des procédures fiscales ; 2° Les dettes consenties par le défunt au profit de ses héritiers ou de personnes interposées. Sont réputées personnes interposées les personnes désignées dans l'article 911 , dernier alinéa, du code civil. Néanmoins, lorsque la dette a été consentie par un acte authentique ou par un acte sous-seing privé ayant date certaine avant l'ouverture de la succession autrement que par le décès d'une des parties contractantes, les héritiers, donataires et légataires, et les personnes réputées interposées ont le droit de prouver la sincérité de cette dette et son existence au jour de l'ouverture de la succession ; 3° Les dettes reconnues par testament ; 4° Les dettes hypothécaires garanties par une inscription périmée depuis plus de trois mois, à moins qu'il ne s'agisse d'une dette non échue et que l'existence n'en soit attestée par le créancier dans les formes prévues à l'article L. 20 du livre des procédures fiscales ; si l'inscription n'est pas périmée, mais si le chiffre en a été réduit, l'excédent est seul déduit, s'il y a lieu ; 5° Les dettes en capital et intérêts pour lesquelles le délai de prescription est accompli, à moins qu'il ne soit justifié que la prescription a été interrompue.",VIGUEUR,2013-06-07,2999-01-01,LEGIARTI000027517853,https://www.legifrance.gouv.fr/codes/article_lc/LEGIARTI000027517853
cgi-774bis,cgi_dettes_defunt,CGI,774 bis,"Livre premier : Assiette et liquidation de l'impôt > Première Partie : Impôts d'État > Titre IV : Enregistrement, publicité foncière, timbre, impôt sur la fortune, immobilière > Chapitre premier : Droits d'enregistrement et taxe de publicité foncière > Section II : Les tarifs et leur application > VI : Mutations à titre gratuit > B : Assiette des droits de mutation à titre gratuit > 2 : Dispositions spéciales aux successions > b : Passif déductible > 2° : Dettes du défunt",,"I.-Ne sont pas déductibles de l'actif successoral les dettes de restitution exigibles qui portent sur une somme d'argent dont le défunt s'était réservé l'usufruit. Le présent I ne s'applique ni aux dettes de restitution contractées sur le prix de cession d'un bien dont le défunt s'était réservé l'usufruit, sous réserve qu'il soit justifié que ces dettes n'ont pas été contractées dans un objectif principalement fiscal, ni aux usufruits qui résultent de l'application des articles 757 ou 1094-1 du code civil. II.-Par dérogation à l'article 1133 du présent code, la valeur correspondant à la dette de restitution non-déductible de l'actif successoral mentionnée au I du présent article donne lieu à la perception de droits de mutation par décès dus par le nu-propriétaire et calculés d'après le degré de parenté existant entre ce dernier et l'usufruitier, au moment de la succession ou de la constitution de l'usufruit, si les droits dus sont inférieurs. Pour la liquidation des droits dus lors de la succession, en application du présent II, l'article 784 ne s'applique ni sur la valeur des sommes d'argent dont le défunt s'était réservé l'usufruit ni sur celle des biens dont le défunt s'était réservé l'usufruit du prix de cession. Les droits acquittés lors de la constitution de l'usufruit sont imputés sur les droits dus par le nu-propriétaire, sans pouvoir donner lieu à restitution.",VIGUEUR,2023-12-31,2999-01-01,LEGIARTI000048777677,https://www.legifrance.gouv.fr/codes/article_lc/LEGIARTI000048777677
ca-l124-1,ca_assurances_responsabilite,Code des assurances,L124-1,Partie législative > Livre Ier : Le contrat > Titre II : Règles relatives aux assurances de dommages non maritimes > Chapitre IV : Les assurances de responsabilité.,,"Dans les assurances de responsabilité, l'assureur n'est tenu que si, à la suite du fait dommageable prévu au contrat, une réclamation amiable ou judiciaire est faite à l'assuré par le tiers lésé.",VIGUEUR,1976-07-21,2999-01-01,LEGIARTI000006792604,https://www.legifrance.gouv.fr/codes/article_lc/LEGIARTI000006792604
ca-l124-1-1,ca_assurances_responsabilite,Code des assurances,L124-1-1,Partie législative > Livre Ier : Le contrat > Titre II : Règles relatives aux assurances de dommages non maritimes > Chapitre IV : Les assurances de responsabilité.,,"Au sens du présent chapitre, constitue un sinistre tout dommage ou ensemble de dommages causés à des tiers, engageant la responsabilité de l'assuré, résultant d'un fait dommageable et ayant donné lieu à une ou plusieurs réclamations. Le fait dommageable est celui qui constitue la cause génératrice du dommage. Un ensemble de faits dommageables ayant la même cause technique est assimilé à un fait dommageable unique.",VIGUEUR,2003-08-02,2999-01-01,LEGIARTI000006792605,https://www.legifrance.gouv.fr/codes/article_lc/LEGIARTI000006792605
ca-l124-2,ca_assurances_responsabilite,Code des assurances,L124-2,Partie législative > Livre Ier : Le contrat > Titre II : Règles relatives aux assurances de dommages non maritimes > Chapitre IV : Les assurances de responsabilité.,,"L'assureur peut stipuler qu'aucune reconnaissance de responsabilité, aucune transaction, intervenues en dehors de lui, ne lui sont opposables. L'aveu de la matérialité d'un fait ne peut être assimilé à la reconnaissance d'une responsabilité.",VIGUEUR,1976-07-21,2999-01-01,LEGIARTI000006792606,https://www.legifrance.gouv.fr/codes/article_lc/LEGIARTI000006792606
ca-l124-4,ca_assurances_responsabilite,Code des assurances,L124-4,Partie législative > Livre Ier : Le contrat > Titre II : Règles relatives aux assurances de dommages non maritimes > Chapitre IV : Les assurances de responsabilité.,,"Dans le cas prévu par l'article L. 25-1 du Code de la route, comme il est dit à cet article, ""l'assureur du propriétaire du véhicule est tenu de garantir dans les limites du contrat la réparation du dommage causé au tiers sauf recours, s'il y a lieu, contre la collectivité publique qui, par son fait, a causé le dommage ayant donné lieu à la responsabilité de l'assureur et sans qu'une majoration de prime puisse en résulter pour le propriétaire. Il est statué sur ce recours ainsi que sur toute action en responsabilité en cas de non-assurance du véhicule dans les conditions prévues par l' article 1er de la loi n° 57-1424 du 31 décembre 1957 "".",VIGUEUR,1976-07-21,2999-01-01,LEGIARTI000006792608,https://www.legifrance.gouv.fr/codes/article_lc/LEGIARTI000006792608
ca-l124-5,ca_assurances_responsabilite,Code des assurances,L124-5,Partie législative > Livre Ier : Le contrat > Titre II : Règles relatives aux assurances de dommages non maritimes > Chapitre IV : Les assurances de responsabilité.,,"La garantie est, selon le choix des parties, déclenchée soit par le fait dommageable, soit par la réclamation. Toutefois, lorsqu'elle couvre la responsabilité des personnes physiques en dehors de leur activité professionnelle, la garantie est déclenchée par le fait dommageable. Un décret en Conseil d'Etat peut également imposer l'un de ces modes de déclenchement pour d'autres garanties. Le contrat doit, selon les cas, reproduire le texte du troisième ou du quatrième alinéa du présent article. La garantie déclenchée par le fait dommageable couvre l'assuré contre les conséquences pécuniaires des sinistres, dès lors que le fait dommageable survient entre la prise d'effet initiale de la garantie et sa date de résiliation ou d'expiration, quelle que soit la date des autres éléments constitutifs du sinistre. La garantie déclenchée par la réclamation couvre l'assuré contre les conséquences pécuniaires des sinistres, dès lors que le fait dommageable est antérieur à la date de résiliation ou d'expiration de la garantie, et que la première réclamation est adressée à l'assuré ou à son assureur entre la prise d'effet initiale de la garantie et l'expiration d'un délai subséquent à sa date de résiliation ou d'expiration mentionné par le contrat, quelle que soit la date des autres éléments constitutifs des sinistres. Toutefois, la garantie ne couvre les sinistres dont le fait dommageable a été connu de l'assuré postérieurement à la date de résiliation ou d'expiration que si, au moment où l'assuré a eu connaissance de ce fait dommageable, cette garantie n'a pas été resouscrite ou l'a été sur la base du déclenchement par le fait dommageable. L'assureur ne couvre pas l'assuré contre les conséquences pécuniaires des sinistres s'il établit que l'assuré avait connaissance du fait dommageable à la date de la souscription de la garantie. Le délai subséquent des garanties déclenchées par la réclamation ne peut être inférieur à cinq ans. Le plafond de la garantie déclenchée pendant le délai subséquent ne peut être inférieur à celui de la garantie déclenchée pendant l'année précédant la date de la résiliation du contrat. Un délai plus long et un niveau plus élevé de garantie subséquente peuvent être fixés dans les conditions définies par décret. Lorsqu'un même sinistre est susceptible de mettre en jeu les garanties apportées par plusieurs contrats successifs, la garantie déclenchée par le fait dommageable ayant pris effet postérieurement à la prise d'effet de la loi n° 2003-706 du 1er août 2003 de sécurité financière est appelée en priorité, sans qu'il soit fait application des quatrième et cinquième alinéas de l'article L. 121-4 . Les dispositions du présent article ne s'appliquent pas aux garanties d'assurance pour lesquelles la loi dispose d'autres conditions d'application de la garantie dans le temps.",VIGUEUR,2003-11-02,2999-01-01,LEGIARTI000006792609,https://www.legifrance.gouv.fr/codes/article_lc/LEGIARTI000006792609
ca-l124-3,ca_assurances_responsabilite,Code des assurances,L124-3,Partie législative > Livre Ier : Le contrat > Titre II : Règles relatives aux assurances de dommages non maritimes > Chapitre IV : Les assurances de responsabilité.,,"Le tiers lésé dispose d'un droit d'action directe à l'encontre de l'assureur garantissant la responsabilité civile de la personne responsable. L'assureur ne peut payer à un autre que le tiers lésé tout ou partie de la somme due par lui, tant que ce tiers n'a pas été désintéressé, jusqu'à concurrence de ladite somme, des conséquences pécuniaires du fait dommageable ayant entraîné la responsabilité de l'assuré.",VIGUEUR,2007-12-19,2999-01-01,LEGIARTI000017735449,https://www.legifrance.gouv.fr/codes/article_lc/LEGIARTI000017735449
cp-311-1,cp_appropriations_frauduleuses,Code pénal,311-1,Partie législative > Livre III : Des crimes et délits contre les biens > Titre Ier : Des appropriations frauduleuses > Chapitre Ier : Du vol > Section 1 : Du vol simple et des vols aggravés,,Le vol est la soustraction frauduleuse de la chose d'autrui.,VIGUEUR,1994-03-01,2999-01-01,LEGIARTI000006418127,https://www.legifrance.gouv.fr/codes/article_lc/LEGIARTI000006418127
cp-311-2,cp_appropriations_frauduleuses,Code pénal,311-2,Partie législative > Livre III : Des crimes et délits contre les biens > Titre Ier : Des appropriations frauduleuses > Chapitre Ier : Du vol > Section 1 : Du vol simple et des vols aggravés,,La soustraction frauduleuse d'énergie au préjudice d'autrui est assimilée au vol.,VIGUEUR,1994-03-01,2999-01-01,LEGIARTI000006418128,https://www.legifrance.gouv.fr/codes/article_lc/LEGIARTI000006418128
cp-311-3,cp_appropriations_frauduleuses,Code pénal,311-3,Partie législative > Livre III : Des crimes et délits contre les biens > Titre Ier : Des appropriations frauduleuses > Chapitre Ier : Du vol > Section 1 : Du vol simple et des vols aggravés,,Le vol est puni de trois ans d'emprisonnement et de 45 000 euros d'amende.,VIGUEUR,2002-01-01,2999-01-01,LEGIARTI000006418131,https://www.legifrance.gouv.fr/codes/article_lc/LEGIARTI000006418131
cp-311-4-1,cp_appropriations_frauduleuses,Code pénal,311-4-1,Partie législative > Livre III : Des crimes et délits contre les biens > Titre Ier : Des appropriations frauduleuses > Chapitre Ier : Du vol > Section 1 : Du vol simple et des vols aggravés,,"Le vol est puni de sept ans d'emprisonnement et de 100 000 euros d'amende lorsqu'il est commis par un majeur avec l'aide d'un ou plusieurs mineurs, agissant comme auteurs ou complices. Les peines sont portées à dix ans d'emprisonnement et 150 000 euros d'amende lorsque le majeur est aidé d'un ou plusieurs mineurs âgés de moins de treize ans.",VIGUEUR,2002-09-10,2999-01-01,LEGIARTI000006418135,https://www.legifrance.gouv.fr/codes/article_lc/LEGIARTI000006418135
cp-311-6,cp_appropriations_frauduleuses,Code pénal,311-6,Partie législative > Livre III : Des crimes et délits contre les biens > Titre Ier : Des appropriations frauduleuses > Chapitre Ier : Du vol > Section 1 : Du vol simple et des vols aggravés,,"Le vol est puni de dix ans d'emprisonnement et de 150 000 euros d'amende lorsqu'il est précédé, accompagné ou suivi de violences sur autrui ayant entraîné une incapacité totale de travail pendant plus de huit jours. Les deux premiers alinéas de l'article 132-23 relatif à la période de sûreté sont applicables à l'infraction prévue par le présent article.",VIGUEUR,2002-01-01,2999-01-01,LEGIARTI000006418139,https://www.legifrance.gouv.fr/codes/article_lc/LEGIARTI000006418139
cp-311-7,cp_appropriations_frauduleuses,Code pénal,311-7,Partie législative > Livre III : Des crimes et délits contre les biens > Titre Ier : Des appropriations frauduleuses > Chapitre Ier : Du vol > Section 1 : Du vol simple et des vols aggravés,,"Le vol est puni de quinze ans de réclusion criminelle et de 150 000 euros d'amende lorsqu'il est précédé, accompagné ou suivi de violences sur autrui ayant entraîné une mutilation ou une infirmité permanente. Les deux premiers alinéas de l'article 132-23 relatif à la période de sûreté sont applicables à l'infraction prévue par le présent article.",VIGUEUR,2002-01-01,2999-01-01,LEGIARTI000006418141,https://www.legifrance.gouv.fr/codes/article_lc/LEGIARTI000006418141
cp-311-8,cp_appropriations_frauduleuses,Code pénal,311-8,Partie législative > Livre III : Des crimes et délits contre les biens > Titre Ier : Des appropriations frauduleuses > Chapitre Ier : Du vol > Section 1 : Du vol simple et des vols aggravés,,"Le vol est puni de vingt ans de réclusion criminelle et de 150 000 euros d'amende lorsqu'il est commis soit avec usage ou menace d'une arme, soit par une personne porteuse d'une arme soumise à autorisation ou dont le port est prohibé. Les deux premiers alinéas de l'article 132-23 relatif à la période de sûreté sont applicables à l'infraction prévue par le présent article.",VIGUEUR,2002-01-01,2999-01-01,LEGIARTI000006418143,https://www.legifrance.gouv.fr/codes/article_lc/LEGIARTI000006418143
cp-311-9,cp_appropriations_frauduleuses,Code pénal,311-9,Partie législative > Livre III : Des crimes et délits contre les biens > Titre Ier : Des appropriations frauduleuses > Chapitre Ier : Du vol > Section 1 : Du vol simple et des vols aggravés,,"Le vol en bande organisée est puni de quinze ans de réclusion criminelle et de 150 000 euros d'amende. Il est puni de vingt ans de réclusion criminelle et de 150 000 euros d'amende lorsqu'il est précédé, accompagné ou suivi de violences sur autrui. Il est puni de trente ans de réclusion criminelle et de 150 000 euros d'amende lorsqu'il est commis soit avec usage ou menace d'une arme, soit par une personne porteuse d'une arme soumise à autorisation ou dont le port est prohibé. Les deux premiers alinéas de l'article 132-23 relatif à la période de sûreté sont applicables aux infractions prévues par le présent article.",VIGUEUR,2002-01-01,2999-01-01,LEGIARTI000006418145,https://www.legifrance.gouv.fr/codes/article_lc/LEGIARTI000006418145
cp-311-10,cp_appropriations_frauduleuses,Code pénal,311-10,Partie législative > Livre III : Des crimes et délits contre les biens > Titre Ier : Des appropriations frauduleuses > Chapitre Ier : Du vol > Section 1 : Du vol simple et des vols aggravés,,"Le vol est puni de la réclusion criminelle à perpétuité et de 150 000 euros d'amende lorsqu'il est précédé, accompagné ou suivi soit de violences ayant entraîné la mort, soit de tortures ou d'actes de barbarie. Les deux premiers alinéas de l'article 132-23 relatif à la période de sûreté sont applicables à l'infraction prévue par le présent article.",VIGUEUR,2002-01-01,2999-01-01,LEGIARTI000006418148,https://www.legifrance.gouv.fr/codes/article_lc/LEGIARTI000006418148
cp-311-11,cp_appropriations_frauduleuses,Code pénal,311-11,Partie législative > Livre III : Des crimes et délits contre les biens > Titre Ier : Des appropriations frauduleuses > Chapitre Ier : Du vol > Section 1 : Du vol simple et des vols aggravés,,"Constitue, au sens des articles 311-4 , 311-5 , 311-6 , 311-7 , 311-9 et 311-10 , un vol suivi de violences le vol à la suite duquel des violences ont été commises pour favoriser la fuite ou assurer l'impunité d'un auteur ou d'un complice.",VIGUEUR,1994-03-01,2999-01-01,LEGIARTI000006418150,https://www.legifrance.gouv.fr/codes/article_lc/LEGIARTI000006418150
cp-311-13,cp_appropriations_frauduleuses,Code pénal,311-13,Partie législative > Livre III : Des crimes et délits contre les biens > Titre Ier : Des appropriations frauduleuses > Chapitre Ier : Du vol > Section 2 : Dispositions générales,,La tentative des délits prévus au présent chapitre est punie des mêmes peines.,VIGUEUR,1994-03-01,2999-01-01,LEGIARTI000006418153,https://www.legifrance.gouv.fr/codes/article_lc/LEGIARTI000006418153
cp-312-1,cp_appropriations_frauduleuses,Code pénal,312-1,Partie législative > Livre III : Des crimes et délits contre les biens > Titre Ier : Des appropriations frauduleuses > Chapitre II : De l'extorsion > Section 1 : De l'extorsion,,"L'extorsion est le fait d'obtenir par violence, menace de violences ou contrainte soit une signature, un engagement ou une renonciation, soit la révélation d'un secret, soit la remise de fonds, de valeurs ou d'un bien quelconque. L'extorsion est punie de sept ans d'emprisonnement et de 100 000 euros d'amende.",VIGUEUR,2002-01-01,2999-01-01,LEGIARTI000006418160,https://www.legifrance.gouv.fr/codes/article_lc/LEGIARTI000006418160
cp-312-3,cp_appropriations_frauduleuses,Code pénal,312-3,Partie législative > Livre III : Des crimes et délits contre les biens > Titre Ier : Des appropriations frauduleuses > Chapitre II : De l'extorsion > Section 1 : De l'extorsion,,"L'extorsion est punie de quinze ans de réclusion criminelle et de 150 000 euros d'amende lorsqu'elle est précédée, accompagnée ou suivie de violences sur autrui ayant entraîné une incapacité totale de travail pendant plus de huit jours. Les deux premiers alinéas de l'article 132-23 relatif à la période de sûreté sont applicables à l'infraction prévue par le présent article.",VIGUEUR,2002-01-01,2999-01-01,LEGIARTI000006418165,https://www.legifrance.gouv.fr/codes/article_lc/LEGIARTI000006418165
cp-312-4,cp_appropriations_frauduleuses,Code pénal,312-4,Partie législative > Livre III : Des crimes et délits contre les biens > Titre Ier : Des appropriations frauduleuses > Chapitre II : De l'extorsion > Section 1 : De l'extorsion,,"L'extorsion est punie de vingt ans de réclusion criminelle et de 150 000 euros d'amende lorsqu'elle est précédée, accompagnée ou suivie de violences sur autrui ayant entraîné une mutilation ou une infirmité permanente. Les deux premiers alinéas de l'article 132-23 relatif à la période de sûreté sont applicables à l'infraction prévue par le présent article.",VIGUEUR,2002-01-01,2999-01-01,LEGIARTI000006418167,https://www.legifrance.gouv.fr/codes/article_lc/LEGIARTI000006418167
cp-312-5,cp_appropriations_frauduleuses,Code pénal,312-5,Partie législative > Livre III : Des crimes et délits contre les biens > Titre Ier : Des appropriations frauduleuses > Chapitre II : De l'extorsion > Section 1 : De l'extorsion,,"L'extorsion est punie de trente ans de réclusion criminelle et de 150 000 euros d'amende lorsqu'elle est commise soit avec usage ou menace d'une arme, soit par une personne porteuse d'une arme soumise à autorisation ou dont le port est prohibé. Les deux premiers alinéas de l'article 132-23 relatif à la période de sûreté sont applicables à l'infraction prévue par le présent article.",VIGUEUR,2002-01-01,2999-01-01,LEGIARTI000006418169,https://www.legifrance.gouv.fr/codes/article_lc/LEGIARTI000006418169
cp-312-6,cp_appropriations_frauduleuses,Code pénal,312-6,Partie législative > Livre III : Des crimes et délits contre les biens > Titre Ier : Des appropriations frauduleuses > Chapitre II : De l'extorsion > Section 1 : De l'extorsion,,"L'extorsion en bande organisée est punie de vingt ans de réclusion criminelle et de 150 000 euros d'amende. Elle est punie de trente ans de réclusion criminelle et de 150 000 euros d'amende lorsqu'elle est précédée, accompagnée ou suivie de violences sur autrui ayant entraîné une mutilation ou une infirmité permanente. Elle est punie de la réclusion criminelle à perpétuité lorsqu'elle est commise soit avec usage ou menace d'une arme, soit par une personne porteuse d'une arme soumise à autorisation ou dont le port est prohibé. Les deux premiers alinéas de l'article 132-23 relatif à la période de sûreté sont applicables aux infractions prévues par le présent article.",VIGUEUR,2002-01-01,2999-01-01,LEGIARTI000006418171,https://www.legifrance.gouv.fr/codes/article_lc/LEGIARTI000006418171
cp-312-7,cp_appropriations_frauduleuses,Code pénal,312-7,Partie législative > Livre III : Des crimes et délits contre les biens > Titre Ier : Des appropriations frauduleuses > Chapitre II : De l'extorsion > Section 1 : De l'extorsion,,"L'extorsion est punie de la réclusion criminelle à perpétuité et de 150 000 euros d'amende lorsqu'elle est précédée, accompagnée ou suivie soit de violences ayant entraîné la mort, soit de tortures ou d'actes de barbarie. Les deux premiers alinéas de l' article 132-23 relatif à la période de sûreté sont applicables à l'infraction prévue par le présent article.",VIGUEUR,2002-01-01,2999-01-01,LEGIARTI000006418174,https://www.legifrance.gouv.fr/codes/article_lc/LEGIARTI000006418174
cp-312-8,cp_appropriations_frauduleuses,Code pénal,312-8,Partie législative > Livre III : Des crimes et délits contre les biens > Titre Ier : Des appropriations frauduleuses > Chapitre II : De l'extorsion > Section 1 : De l'extorsion,,"Constitue, au sens des articles 312-2 , 312-3 , 312-4 , 312-6 et 312-7 , une extorsion suivie de violences l'extorsion à la suite de laquelle des violences ont été commises pour favoriser la fuite ou assurer l'impunité d'un auteur ou d'un complice.",VIGUEUR,1994-03-01,2999-01-01,LEGIARTI000006418176,https://www.legifrance.gouv.fr/codes/article_lc/LEGIARTI000006418176
cp-312-9,cp_appropriations_frauduleuses,Code pénal,312-9,Partie législative > Livre III : Des crimes et délits contre les biens > Titre Ier : Des appropriations frauduleuses > Chapitre II : De l'extorsion > Section 1 : De l'extorsion,,La tentative des délits prévus par la présente section est punie des mêmes peines. Les dispositions de l' article 311-12 sont applicables aux infractions prévues par la présente section.,VIGUEUR,1994-03-01,2999-01-01,LEGIARTI000006418178,https://www.legifrance.gouv.fr/codes/article_lc/LEGIARTI000006418178
cp-312-11,cp_appropriations_frauduleuses,Code pénal,312-11,Partie législative > Livre III : Des crimes et délits contre les biens > Titre Ier : Des appropriations frauduleuses > Chapitre II : De l'extorsion > Section 2 : Du chantage,,"Lorsque l'auteur du chantage a mis sa menace à exécution, la peine est portée à sept ans d'emprisonnement et à 100 000 euros d'amende.",VIGUEUR,2002-01-01,2999-01-01,LEGIARTI000006418182,https://www.legifrance.gouv.fr/codes/article_lc/LEGIARTI000006418182
cp-312-12,cp_appropriations_frauduleuses,Code pénal,312-12,Partie législative > Livre III : Des crimes et délits contre les biens > Titre Ier : Des appropriations frauduleuses > Chapitre II : De l'extorsion > Section 2 : Du chantage,,La tentative des délits prévus par la présente section est punie des mêmes peines. Les dispositions de l' article 311-12 sont applicables aux infractions prévues par la présente section.,VIGUEUR,1994-03-01,2999-01-01,LEGIARTI000006418183,https://www.legifrance.gouv.fr/codes/article_lc/LEGIARTI000006418183
cp-312-12-1,cp_appropriations_frauduleuses,Code pénal,312-12-1,Partie législative > Livre III : Des crimes et délits contre les biens > Titre Ier : Des appropriations frauduleuses > Chapitre II : De l'extorsion > Section 2 bis : De la demande de fonds sous contrainte,,"Le fait, en réunion et de manière agressive, ou sous la menace d'un animal dangereux, de solliciter, sur la voie publique, la remise de fonds, de valeurs ou d'un bien est puni de six mois d'emprisonnement et de 3 750 euros d'amende.",VIGUEUR,2003-03-19,2999-01-01,LEGIARTI000006418184,https://www.legifrance.gouv.fr/codes/article_lc/LEGIARTI000006418184
cp-313-1,cp_appropriations_frauduleuses,Code pénal,313-1,Partie législative > Livre III : Des crimes et délits contre les biens > Titre Ier : Des appropriations frauduleuses > Chapitre III : De l'escroquerie et des infractions voisines > Section 1 : De l'escroquerie,,"L'escroquerie est le fait, soit par l'usage d'un faux nom ou d'une fausse qualité, soit par l'abus d'une qualité vraie, soit par l'emploi de manoeuvres frauduleuses, de tromper une personne physique ou morale et de la déterminer ainsi, à son préjudice ou au préjudice d'un tiers, à remettre des fonds, des valeurs ou un bien quelconque, à fournir un service ou à consentir un acte opérant obligation ou décharge. L'escroquerie est punie de cinq ans d'emprisonnement et de 375 000 euros d'amende.",VIGUEUR,2002-01-01,2999-01-01,LEGIARTI000006418192,https://www.legifrance.gouv.fr/codes/article_lc/LEGIARTI000006418192
cp-313-3,cp_appropriations_frauduleuses,Code pénal,313-3,Partie législative > Livre III : Des crimes et délits contre les biens > Titre Ier : Des appropriations frauduleuses > Chapitre III : De l'escroquerie et des infractions voisines > Section 1 : De l'escroquerie,,La tentative des infractions prévues par la présente section est punie des mêmes peines. Les dispositions de l' article 311-12 sont applicables au délit d'escroquerie.,VIGUEUR,1994-03-01,2999-01-01,LEGIARTI000006418196,https://www.legifrance.gouv.fr/codes/article_lc/LEGIARTI000006418196
cp-313-8,cp_appropriations_frauduleuses,Code pénal,313-8,Partie législative > Livre III : Des crimes et délits contre les biens > Titre Ier : Des appropriations frauduleuses > Chapitre III : De l'escroquerie et des infractions voisines > Section 3 : Peines complémentaires applicables aux personnes physiques et responsabilité des personnes morales,,"Les personnes physiques coupables de l'un des délits prévus aux articles 313-1 , 313-2 , 313-6 et 313-6-1 encourent également l'exclusion des marchés publics pour une durée de cinq ans au plus.",VIGUEUR,2003-03-19,2999-01-01,LEGIARTI000006418208,https://www.legifrance.gouv.fr/codes/article_lc/LEGIARTI000006418208
cp-314-2,cp_appropriations_frauduleuses,Code pénal,314-2,Partie législative > Livre III : Des crimes et délits contre les biens > Titre Ier : Des appropriations frauduleuses > Chapitre IV : Des détournements > Section 1 : De l'abus de confiance,,"Les peines sont portées à sept ans d'emprisonnement et à 750 000 euros d'amende lorsque l'abus de confiance est réalisé : 1° Par une personne qui fait appel au public afin d'obtenir la remise de fonds ou de valeurs soit pour son propre compte, soit comme dirigeant ou préposé de droit ou de fait d'une entreprise industrielle ou commerciale ; 2° Par toute autre personne qui, de manière habituelle, se livre ou prête son concours, même à titre accessoire, à des opérations portant sur les biens des tiers pour le compte desquels elle recouvre des fonds ou des valeurs ; 3° Au préjudice d'une association qui fait appel au public en vue de la collecte de fonds à des fins d'entraide humanitaire ou sociale ; 4° Au préjudice d'une personne dont la particulière vulnérabilité, due à son âge, à une maladie, à une infirmité, à une déficience physique ou psychique ou à un état de grossesse, est apparente ou connue de son auteur.",VIGUEUR,2004-03-10,2999-01-01,LEGIARTI000006418216,https://www.legifrance.gouv.fr/codes/article_lc/LEGIARTI000006418216
cp-314-3,cp_appropriations_frauduleuses,Code pénal,314-3,Partie législative > Livre III : Des crimes et délits contre les biens > Titre Ier : Des appropriations frauduleuses > Chapitre IV : Des détournements > Section 1 : De l'abus de confiance,,"Les peines sont portées à dix ans d'emprisonnement et à 1 500 000 euros d'amende lorsque l'abus de confiance est réalisé par un mandataire de justice ou par un officier public ou ministériel soit dans l'exercice ou à l'occasion de l'exercice de ses fonctions, soit en raison de sa qualité.",VIGUEUR,2002-01-01,2999-01-01,LEGIARTI000006418218,https://www.legifrance.gouv.fr/codes/article_lc/LEGIARTI000006418218
cp-314-4,cp_appropriations_frauduleuses,Code pénal,314-4,Partie législative > Livre III : Des crimes et délits contre les biens > Titre Ier : Des appropriations frauduleuses > Chapitre IV : Des détournements > Section 1 : De l'abus de confiance,,Les dispositions de l' article 311-12 sont applicables au délit d'abus de confiance.,VIGUEUR,1994-03-01,2999-01-01,LEGIARTI000006418220,https://www.legifrance.gouv.fr/codes/article_lc/LEGIARTI000006418220
cp-314-5,cp_appropriations_frauduleuses,Code pénal,314-5,Partie législative > Livre III : Des crimes et délits contre les biens > Titre Ier : Des appropriations frauduleuses > Chapitre IV : Des détournements > Section 2 : Du détournement de gage ou d'objet saisi,,"Le fait, par un débiteur, un emprunteur ou un tiers donneur de gage, de détruire ou de détourner l'objet constitué en gage est puni de trois ans d'emprisonnement et de 375 000 euros d'amende. La tentative de l'infraction prévue au présent article est punie des mêmes peines.",VIGUEUR,2002-01-01,2999-01-01,LEGIARTI000006418222,https://www.legifrance.gouv.fr/codes/article_lc/LEGIARTI000006418222
cp-314-6,cp_appropriations_frauduleuses,Code pénal,314-6,Partie législative > Livre III : Des crimes et délits contre les biens > Titre Ier : Des appropriations frauduleuses > Chapitre IV : Des détournements > Section 2 : Du détournement de gage ou d'objet saisi,,"Le fait, par le saisi, de détruire ou de détourner un objet saisi entre ses mains en garantie des droits d'un créancier et confié à sa garde ou à celle d'un tiers est puni de trois ans d'emprisonnement et de 375 000 euros d'amende. La tentative de l'infraction prévue au présent article est punie des mêmes peines.",VIGUEUR,2002-01-01,2999-01-01,LEGIARTI000006418224,https://www.legifrance.gouv.fr/codes/article_lc/LEGIARTI000006418224
cp-314-7,cp_appropriations_frauduleuses,Code pénal,314-7,Partie législative > Livre III : Des crimes et délits contre les biens > Titre Ier : Des appropriations frauduleuses > Chapitre IV : Des détournements > Section 3 : De l'organisation frauduleuse de l'insolvabilité,,"Le fait, par un débiteur, même avant la décision judiciaire constatant sa dette, d'organiser ou d'aggraver son insolvabilité soit en augmentant le passif ou en diminuant l'actif de son patrimoine, soit en diminuant ou en dissimulant tout ou partie de ses revenus, soit en dissimulant certains de ses biens, en vue de se soustraire à l'exécution d'une condamnation de nature patrimoniale prononcée par une juridiction répressive ou, en matière délictuelle, quasi délictuelle ou d'aliments, prononcée par une juridiction civile, est puni de trois ans d'emprisonnement et de 45 000 euros d'amende. Commet le même délit le dirigeant de droit ou de fait d'une personne morale qui organise ou aggrave l'insolvabilité de celle-ci dans les conditions définies à l'alinéa précédent en vue de la soustraire aux obligations pécuniaires résultant d'une condamnation prononcée en matière pénale, délictuelle ou quasi délictuelle.",VIGUEUR,2002-01-01,2999-01-01,LEGIARTI000006418226,https://www.legifrance.gouv.fr/codes/article_lc/LEGIARTI000006418226
cp-314-9,cp_appropriations_frauduleuses,Code pénal,314-9,Partie législative > Livre III : Des crimes et délits contre les biens > Titre Ier : Des appropriations frauduleuses > Chapitre IV : Des détournements > Section 3 : De l'organisation frauduleuse de l'insolvabilité,,"Pour l'application de l' article 314-7 , les décisions judiciaires et les conventions judiciairement homologuées portant obligation de verser des prestations, subsides ou contributions aux charges du mariage sont assimilées aux condamnations au paiement d'aliments.",VIGUEUR,1994-03-01,2999-01-01,LEGIARTI000006418228,https://www.legifrance.gouv.fr/codes/article_lc/LEGIARTI000006418228
cp-314-11,cp_appropriations_frauduleuses,Code pénal,314-11,Partie législative > Livre III : Des crimes et délits contre les biens > Titre Ier : Des appropriations frauduleuses > Chapitre IV : Des détournements > Section 4 : Peines complémentaires applicables aux personnes physiques et responsabilité des personnes morales,,"Les personnes physiques coupables de l'un des délits prévus aux articles 314-5 , 314-6 et 314-7 encourent également les peines complémentaires suivantes : 1° La confiscation de la chose qui a servi ou était destinée à commettre l'infraction ou de la chose qui en est le produit, à l'exception des objets susceptibles de restitution ; 2° L'affichage ou la diffusion de la décision prononcée dans les conditions prévues par l'article 131-35 .",VIGUEUR,1994-03-01,2999-01-01,LEGIARTI000006418230,https://www.legifrance.gouv.fr/codes/article_lc/LEGIARTI000006418230
cp-311-4-2,cp_appropriations_frauduleuses,Code pénal,311-4-2,Partie législative > Livre III : Des crimes et délits contre les biens > Titre Ier : Des appropriations frauduleuses > Chapitre Ier : Du vol > Section 1 : Du vol simple et des vols aggravés,,"Le vol est puni de sept ans d'emprisonnement et de 100 000 € d'amende lorsqu'il porte sur : 1° Un objet mobilier classé ou inscrit en application des dispositions du code du patrimoine ou un document d'archives privées classé en application des dispositions du même code ; 2° Une découverte archéologique faite au cours de fouilles ou fortuitement ; 3° Un bien culturel qui relève du domaine public mobilier ou qui est exposé, conservé ou déposé, même de façon temporaire, soit dans un musée de France, une bibliothèque, une médiathèque ou un service d'archives, soit dans un lieu dépendant d'une personne publique ou d'une personne privée assurant une mission d'intérêt général, soit dans un édifice affecté au culte. Les peines sont portées à dix ans d'emprisonnement et 150 000 € d'amende lorsque l'infraction prévue au présent article est commise avec l'une des circonstances prévues à l'article 311-4 . Les peines d'amende mentionnées au présent article peuvent être élevées jusqu'à la moitié de la valeur du bien volé.",VIGUEUR,2008-07-17,2999-01-01,LEGIARTI000019203069,https://www.legifrance.gouv.fr/codes/article_lc/LEGIARTI000019203069
cp-314-10,cp_appropriations_frauduleuses,Code pénal,314-10,Partie législative > Livre III : Des crimes et délits contre les biens > Titre Ier : Des appropriations frauduleuses > Chapitre IV : Des détournements > Section 4 : Peines complémentaires applicables aux personnes physiques et responsabilité des personnes morales,,"Les personnes physiques coupables de l'un des délits prévus aux articles 314-1 , 314-2 et 314-3 encourent également les peines complémentaires suivantes : 1° L'interdiction des droits civiques, civils et de famille, suivant les modalités prévues par l'article 131-26 ; 2° L'interdiction, suivant les modalités prévues par l'article 131-27 , soit d'exercer une fonction publique ou d'exercer l'activité professionnelle ou sociale dans l'exercice ou à l'occasion de l'exercice de laquelle l'infraction a été commise, soit d'exercer une profession commerciale ou industrielle, de diriger, d'administrer, de gérer ou de contrôler à un titre quelconque, directement ou indirectement, pour son propre compte ou pour le compte d'autrui, une entreprise commerciale ou industrielle ou une société commerciale. Ces interdictions d'exercice peuvent être prononcées cumulativement ; 3° La fermeture, pour une durée de cinq ans au plus, des établissements ou de l'un ou de plusieurs des établissements de l'entreprise ayant servi à commettre les faits incriminés ; 4° L'exclusion des marchés publics pour une durée de cinq ans au plus ; 5° L'interdiction, pour une durée de cinq ans au plus, d'émettre des chèques autres que ceux qui permettent le retrait de fonds par le tireur auprès du tiré ou ceux qui sont certifiés ; 6° La confiscation de la chose qui a servi ou était destinée à commettre l'infraction ou de la chose qui en est le produit, à l'exception des objets susceptibles de restitution ; 7° L'affichage ou la diffusion de la décision prononcée dans les conditions prévues par l'article 131-35 .",VIGUEUR,2008-08-06,2999-01-01,LEGIARTI000019293056,https://www.legifrance.gouv.fr/codes/article_lc/LEGIARTI000019293056
cp-314-13,cp_appropriations_frauduleuses,Code pénal,314-13,Partie législative > Livre III : Des crimes et délits contre les biens > Titre Ier : Des appropriations frauduleuses > Chapitre IV : Des détournements > Section 4 : Peines complémentaires applicables aux personnes physiques et responsabilité des personnes morales,,"Les personnes morales déclarées responsables pénalement, dans les conditions prévues par l'article 121-2, des infractions définies aux articles 314-5 , 314-6 et 314-7 encourent, outre l'amende suivant les modalités prévues par l 'article 131-38 , les peines prévues par les 8° et 9° de l'article 131-39 .",VIGUEUR,2009-05-14,2999-01-01,LEGIARTI000020630809,https://www.legifrance.gouv.fr/codes/article_lc/LEGIARTI000020630809
cp-314-12,cp_appropriations_frauduleuses,Code pénal,314-12,Partie législative > Livre III : Des crimes et délits contre les biens > Titre Ier : Des appropriations frauduleuses > Chapitre IV : Des détournements > Section 4 : Peines complémentaires applicables aux personnes physiques et responsabilité des personnes morales,,"Les personnes morales déclarées responsables pénalement, dans les conditions prévues par l'article 121-2 , des infractions définies aux articles 314-1 et 314-2 encourent, outre l'amende suivant les modalités prévues par l'article 131-38 , les peines prévues par l'article 131-39 . L'interdiction mentionnée au 2° de l'article 131-39 porte sur l'activité dans l'exercice ou à l'occasion de l'exercice de laquelle l'infraction a été commise.",VIGUEUR,2009-05-14,2999-01-01,LEGIARTI000020630822,https://www.legifrance.gouv.fr/codes/article_lc/LEGIARTI000020630822
cp-312-15,cp_appropriations_frauduleuses,Code pénal,312-15,Partie législative > Livre III : Des crimes et délits contre les biens > Titre Ier : Des appropriations frauduleuses > Chapitre II : De l'extorsion > Section 3 : Peines complémentaires applicables aux personnes physiques et responsabilité des personnes morales,,"Les personnes morales déclarées responsables pénalement, dans les conditions prévues par l'article 121-2 , des infractions définies au présent chapitre encourent, outre l'amende suivant les modalités prévues par l'article 131-38 , les peines prévues par l'article 131-39. L'interdiction mentionnée au 2° de l'article 131-39 porte sur l'activité dans l'exercice ou à l'occasion de l'exercice de laquelle l'infraction a été commise.",VIGUEUR,2009-05-14,2999-01-01,LEGIARTI000020630836,https://www.legifrance.gouv.fr/codes/article_lc/LEGIARTI000020630836
cp-311-16,cp_appropriations_frauduleuses,Code pénal,311-16,Partie législative > Livre III : Des crimes et délits contre les biens > Titre Ier : Des appropriations frauduleuses > Chapitre Ier : Du vol > Section 3 : Peines complémentaires applicables aux personnes physiques et responsabilité des personnes morales,,"Les personnes morales déclarées responsables pénalement, dans les conditions prévues par l'article 121-2, des infractions définies au présent chapitre encourent, outre l'amende suivant les modalités prévues par l'article 131-38 : 1° (Abrogé) ; 2° La peine mentionnée au 2° de l'article 131-39 , à titre définitif ou provisoire dans les cas prévus aux articles 311-6 à 311-10 et pour une durée de cinq ans au plus dans les cas prévus aux articles 311-3 à 311-5 ; 3° La peine mentionnée au 8° de l'article 131-39 . L'interdiction mentionnée au 2° de l'article 131-39 porte sur l'activité dans l'exercice ou à l'occasion de l'exercice de laquelle l'infraction a été commise.",VIGUEUR,2009-05-14,2999-01-01,LEGIARTI000020630841,https://www.legifrance.gouv.fr/codes/article_lc/LEGIARTI000020630841
cp-311-5,cp_appropriations_frauduleuses,Code pénal,311-5,Partie législative > Livre III : Des crimes et délits contre les biens > Titre Ier : Des appropriations frauduleuses > Chapitre Ier : Du vol > Section 1 : Du vol simple et des vols aggravés,,"Le vol est puni de sept ans d'emprisonnement et de 100 000 € d'amende : 1° Lorsqu'il est précédé, accompagné ou suivi de violence sur autrui ayant entraîné une incapacité totale de travail pendant huit jours au plus ; 2° Lorsqu'il est facilité par l'état d'une personne dont la particulière vulnérabilité, due à son âge, à une maladie, à une infirmité, à une déficience physique ou psychique ou à un état de grossesse, est apparente ou connue de son auteur ; 3° Lorsqu'il est commis dans un local d'habitation ou dans un lieu utilisé ou destiné à l'entrepôt de fonds, valeurs, marchandises ou matériels, en pénétrant dans les lieux par ruse, effraction ou escalade. Les peines sont portées à dix ans d'emprisonnement et à 150 000 € d'amende lorsque le vol est commis dans deux des circonstances prévues par le présent article ou lorsque le vol prévu au présent article est également commis dans l'une des circonstances prévues par l'article 311-4.",VIGUEUR,2011-03-16,2999-01-01,LEGIARTI000023717688,https://www.legifrance.gouv.fr/codes/article_lc/LEGIARTI000023717688
cp-313-6,cp_appropriations_frauduleuses,Code pénal,313-6,Partie législative > Livre III : Des crimes et délits contre les biens > Titre Ier : Des appropriations frauduleuses > Chapitre III : De l'escroquerie et des infractions voisines > Section 2 : Des infractions voisines de l'escroquerie,,"Le fait, dans une adjudication publique, par dons, promesses, ententes ou tout autre moyen frauduleux, d'écarter un enchérisseur ou de limiter les enchères ou les soumissions, est puni de six mois d'emprisonnement et de 22 500 euros d'amende. Est puni des mêmes peines le fait d'accepter de tels dons ou promesses. Est puni des mêmes peines : 1° Le fait, dans une adjudication publique, d'entraver ou de troubler la liberté des enchères ou des soumissions, par violences, voies de fait ou menaces ; 2° Le fait de procéder ou de participer, après une adjudication publique, à une remise aux enchères sans le concours de l'officier ministériel ou du courtier de marchandises assermenté compétent ou d'un opérateur de ventes volontaires de meubles aux enchères publiques déclaré. La tentative des infractions prévues au présent article est punie des mêmes peines.",VIGUEUR,2011-09-01,2999-01-01,LEGIARTI000024384960,https://www.legifrance.gouv.fr/codes/article_lc/LEGIARTI000024384960
cp-313-6-2,cp_appropriations_frauduleuses,Code pénal,313-6-2,Partie législative > Livre III : Des crimes et délits contre les biens > Titre Ier : Des appropriations frauduleuses > Chapitre III : De l'escroquerie et des infractions voisines > Section 2 : Des infractions voisines de l'escroquerie,,"Le fait de vendre, d'offrir à la vente ou d'exposer en vue de la vente ou de la cession ou de fournir les moyens en vue de la vente ou de la cession des titres d'accès à une manifestation sportive, culturelle ou commerciale ou à un spectacle vivant, de manière habituelle et sans l'autorisation du producteur, de l'organisateur ou du propriétaire des droits d'exploitation de cette manifestation ou de ce spectacle, est puni de 15 000 € d'amende. Cette peine est portée à 30 000 € d'amende en cas de récidive. Pour l'application du premier alinéa, est considéré comme titre d'accès tout billet, document, message ou code, quels qu'en soient la forme et le support, attestant de l'obtention auprès du producteur, de l'organisateur ou du propriétaire des droits d'exploitation du droit d'assister à la manifestation ou au spectacle.",VIGUEUR,2012-03-14,2999-01-01,LEGIARTI000025492294,https://www.legifrance.gouv.fr/codes/article_lc/LEGIARTI000025492294
cp-313-9,cp_appropriations_frauduleuses,Code pénal,313-9,Partie législative > Livre III : Des crimes et délits contre les biens > Titre Ier : Des appropriations frauduleuses > Chapitre III : De l'escroquerie et des infractions voisines > Section 3 : Peines complémentaires applicables aux personnes physiques et responsabilité des personnes morales,,"Les personnes morales déclarées responsables pénalement, dans les conditions prévues par l'article 121-2 , des infractions définies aux articles 313-1 à 313-3 et aux articles 313-6-1 et 313-6-2 encourent, outre l'amende suivant les modalités prévues par l'article 131-38 , les peines prévues par l'article 131-39 . L'interdiction mentionnée au 2° de l'article 131-39 porte sur l'activité dans l'exercice ou à l'occasion de l'exercice de laquelle l'infraction a été commise.",VIGUEUR,2012-03-14,2999-01-01,LEGIARTI000025494719,https://www.legifrance.gouv.fr/codes/article_lc/LEGIARTI000025494719
cp-312-2,cp_appropriations_frauduleuses,Code pénal,312-2,Partie législative > Livre III : Des crimes et délits contre les biens > Titre Ier : Des appropriations frauduleuses > Chapitre II : De l'extorsion > Section 1 : De l'extorsion,,"L'extorsion est punie de dix ans d'emprisonnement et de 150 000 euros d'amende : 1° Lorsqu'elle est précédée, accompagnée ou suivie de violences sur autrui ayant entraîné une incapacité totale de travail pendant huit jours au plus ; 2° Lorsqu'elle est commise au préjudice d'une personne dont la particulière vulnérabilité, due à son âge, à une maladie, à une infirmité, à une déficience physique ou psychique ou à un état de grossesse, est apparente ou connue de son auteur ; 3° (abrogé) 4° Lorsqu'elle est commise par une personne dissimulant volontairement en tout ou partie son visage afin de ne pas être identifiée ; 5° Lorsqu'elle est commise dans les établissements d'enseignement ou d'éducation ainsi que, lors des entrées ou sorties des élèves ou dans un temps très voisin de celles-ci, aux abords de ces établissements.",VIGUEUR,2017-01-29,2999-01-01,LEGIARTI000033975270,https://www.legifrance.gouv.fr/codes/article_lc/LEGIARTI000033975270
cp-311-12,cp_appropriations_frauduleuses,Code pénal,311-12,Partie législative > Livre III : Des crimes et délits contre les biens > Titre Ier : Des appropriations frauduleuses > Chapitre Ier : Du vol > Section 2 : Dispositions générales,,"Ne peut donner lieu à des poursuites pénales le vol commis par une personne : 1° Au préjudice de son ascendant ou de son descendant ; 2° Au préjudice de son conjoint, sauf lorsque les époux sont séparés de corps ou autorisés à résider séparément. Le présent article n'est pas applicable : a) Lorsque le vol porte sur des objets ou des documents indispensables à la vie quotidienne de la victime, tels que des documents d'identité, relatifs au titre de séjour ou de résidence d'un étranger, ou des moyens de paiement ou de télécommunication ; b) Lorsque l'auteur des faits est le tuteur, le curateur, le mandataire spécial désigné dans le cadre d'une sauvegarde de justice, la personne habilitée dans le cadre d'une habilitation familiale ou le mandataire exécutant un mandat de protection future de la victime.",VIGUEUR,2020-08-01,2999-01-01,LEGIARTI000042193493,https://www.legifrance.gouv.fr/codes/article_lc/LEGIARTI000042193493
cp-314-1-1,cp_appropriations_frauduleuses,Code pénal,314-1-1,Partie législative > Livre III : Des crimes et délits contre les biens > Titre Ier : Des appropriations frauduleuses > Chapitre IV : Des détournements > Section 1 : De l'abus de confiance,,Les peines prévues à l'article 314-1 sont portées à sept ans d'emprisonnement et à 750 000 € d'amende lorsque l'infraction est commise en bande organisée. La tentative des infractions prévues à la présente section est punie des mêmes peines.,VIGUEUR,2020-12-27,2999-01-01,LEGIARTI000042780074,https://www.legifrance.gouv.fr/codes/article_lc/LEGIARTI000042780074
cp-314-1,cp_appropriations_frauduleuses,Code pénal,314-1,Partie législative > Livre III : Des crimes et délits contre les biens > Titre Ier : Des appropriations frauduleuses > Chapitre IV : Des détournements > Section 1 : De l'abus de confiance,,"L'abus de confiance est le fait par une personne de détourner, au préjudice d'autrui, des fonds, des valeurs ou un bien quelconque qui lui ont été remis et qu'elle a acceptés à charge de les rendre, de les représenter ou d'en faire un usage déterminé. L'abus de confiance est puni de cinq ans d'emprisonnement et de 375 000 euros d'amende.",VIGUEUR,2020-12-27,2999-01-01,LEGIARTI000042780077,https://www.legifrance.gouv.fr/codes/article_lc/LEGIARTI000042780077
cp-315-1,cp_appropriations_frauduleuses,Code pénal,315-1,"Partie législative > Livre III : Des crimes et délits contre les biens > Titre Ier : Des appropriations frauduleuses > Chapitre V : De l'occupation frauduleuse d'un local à usage d'habitation ou à usage commercial, agricole ou professionnel",,"L'introduction dans un local à usage d'habitation ou à usage commercial, agricole ou professionnel à l'aide de manœuvres, de menaces, de voies de fait ou de contrainte, hors les cas où la loi le permet, est punie de deux ans d'emprisonnement et de 30 000 euros d'amende. Le maintien dans le local à la suite de l'introduction mentionnée au premier alinéa, hors les cas où la loi le permet, est puni des mêmes peines.",VIGUEUR,2023-07-29,2999-01-01,LEGIARTI000047898681,https://www.legifrance.gouv.fr/codes/article_lc/LEGIARTI000047898681
cp-315-2,cp_appropriations_frauduleuses,Code pénal,315-2,"Partie législative > Livre III : Des crimes et délits contre les biens > Titre Ier : Des appropriations frauduleuses > Chapitre V : De l'occupation frauduleuse d'un local à usage d'habitation ou à usage commercial, agricole ou professionnel",,"Le maintien sans droit ni titre dans un local à usage d'habitation en violation d'une décision de justice définitive et exécutoire ayant donné lieu à un commandement régulier de quitter les lieux depuis plus de deux mois est puni de 7 500 euros d'amende. Le présent article n'est pas applicable lorsque l'occupant bénéficie des dispositions de l'article L. 412-6 du code des procédures civiles d'exécution, lorsque le juge de l'exécution est saisi sur le fondement de l'article L. 412-3 du même code, jusqu'à la décision rejetant la demande ou jusqu'à l'expiration des délais accordés par le juge à l'occupant, ou lorsque le logement appartient à un bailleur social ou à une personne morale de droit public.",VIGUEUR,2023-07-29,2999-01-01,LEGIARTI000047898683,https://www.legifrance.gouv.fr/codes/article_lc/LEGIARTI000047898683
cp-313-6-1,cp_appropriations_frauduleuses,Code pénal,313-6-1,Partie législative > Livre III : Des crimes et délits contre les biens > Titre Ier : Des appropriations frauduleuses > Chapitre III : De l'escroquerie et des infractions voisines > Section 2 : Des infractions voisines de l'escroquerie,,"Le fait de mettre à disposition d'un tiers, en vue qu'il y établisse son habitation moyennant le versement d'une contribution ou la fourniture de tout avantage en nature, un bien immobilier appartenant à autrui, sans être en mesure de justifier de l'autorisation du propriétaire ou de celle du titulaire du droit d'usage de ce bien, est puni de trois ans d'emprisonnement et de 45 000 euros d'amende.",VIGUEUR,2023-07-29,2999-01-01,LEGIARTI000047899994,https://www.legifrance.gouv.fr/codes/article_lc/LEGIARTI000047899994
cp-312-10,cp_appropriations_frauduleuses,Code pénal,312-10,Partie législative > Livre III : Des crimes et délits contre les biens > Titre Ier : Des appropriations frauduleuses > Chapitre II : De l'extorsion > Section 2 : Du chantage,,"Le chantage est le fait d'obtenir, en menaçant de révéler ou d'imputer des faits de nature à porter atteinte à l'honneur ou à la considération, soit une signature, un engagement ou une renonciation, soit la révélation d'un secret, soit la remise de fonds, de valeurs ou d'un bien quelconque. Le chantage est puni de cinq ans d'emprisonnement et de 75 000 euros d'amende. La peine d'emprisonnement est portée à sept ans d'emprisonnement et à 100 000 euros d'amende lorsque le chantage est exercé par un service de communication au public en ligne : 1° Au moyen d'images ou de vidéos à caractère sexuel ; 2° En vue d'obtenir des images ou des vidéos à caractère sexuel.",VIGUEUR,2024-05-23,2999-01-01,LEGIARTI000049571659,https://www.legifrance.gouv.fr/codes/article_lc/LEGIARTI000049571659
cp-311-9-1,cp_appropriations_frauduleuses,Code pénal,311-9-1,Partie législative > Livre III : Des crimes et délits contre les biens > Titre Ier : Des appropriations frauduleuses > Chapitre Ier : Du vol > Section 1 : Du vol simple et des vols aggravés,,"Toute personne qui a tenté de commettre un vol en bande organisée prévu par l'article 311-9 est exempte de peine si, ayant averti l'autorité administrative ou judiciaire, elle a permis d'éviter la réalisation de l'infraction. La peine privative de liberté encourue par l'auteur ou le complice d'un vol en bande organisée est réduite des deux tiers si, ayant averti l'autorité administrative ou judiciaire, il a permis de faire cesser l'infraction en cours ou d'éviter que l'infraction n'entraîne mort d'homme ou infirmité permanente ou d'identifier, le cas échéant, les autres auteurs ou complices.",VIGUEUR,2025-06-15,2999-01-01,LEGIARTI000051742414,https://www.legifrance.gouv.fr/codes/article_lc/LEGIARTI000051742414
cp-312-6-1,cp_appropriations_frauduleuses,Code pénal,312-6-1,Partie législative > Livre III : Des crimes et délits contre les biens > Titre Ier : Des appropriations frauduleuses > Chapitre II : De l'extorsion > Section 1 : De l'extorsion,,"Toute personne qui a tenté de commettre une extorsion en bande organisée prévue par l' article 312-6 est exempte de peine si, ayant averti l'autorité administrative ou judiciaire, elle a permis d'éviter la réalisation de l'infraction. La peine privative de liberté encourue par l'auteur ou le complice d'une extorsion en bande organisée est réduite des deux tiers si, ayant averti l'autorité administrative ou judiciaire, il a permis de faire cesser l'infraction ou d'éviter que l'infraction n'entraîne mort d'homme ou infirmité permanente ou d'identifier, le cas échéant, les autres auteurs ou complices. Lorsque la peine encourue est la réclusion criminelle à perpétuité, celle-ci est ramenée à vingt ans de réclusion criminelle.",VIGUEUR,2025-06-15,2999-01-01,LEGIARTI000051742421,https://www.legifrance.gouv.fr/codes/article_lc/LEGIARTI000051742421
cp-311-4,cp_appropriations_frauduleuses,Code pénal,311-4,Partie législative > Livre III : Des crimes et délits contre les biens > Titre Ier : Des appropriations frauduleuses > Chapitre Ier : Du vol > Section 1 : Du vol simple et des vols aggravés,,"Le vol est puni de cinq ans d'emprisonnement et de 75 000 euros d'amende : 1° Lorsqu'il est commis par plusieurs personnes agissant en qualité d'auteur ou de complice, sans qu'elles constituent une bande organisée ; 2° Lorsqu'il est commis par une personne dépositaire de l'autorité publique ou chargée d'une mission de service public, dans l'exercice ou à l'occasion de l'exercice de ses fonctions ou de sa mission ; 3° Lorsqu'il est commis par une personne qui prend indûment la qualité d'une personne dépositaire de l'autorité publique ou chargée d'une mission de service public ; 4° Lorsqu'il est précédé, accompagné ou suivi de violences sur autrui n'ayant pas entraîné une incapacité totale de travail ; 5° Lorsqu'il porte sur du matériel médical ou paramédical ou lorsqu'il est commis dans un établissement de santé ou au préjudice d'un professionnel de santé à l'occasion de l'exercice ou en raison de ses fonctions ; 6° Lorsqu'il est commis dans un local d'habitation ou dans un lieu utilisé ou destiné à l'entrepôt de fonds, valeurs, marchandises ou matériels ; 7° Lorsqu'il est commis dans un véhicule affecté au transport collectif de voyageurs ou dans un lieu destiné à l'accès à un moyen de transport collectif de voyageurs ; 8° Lorsqu'il est précédé, accompagné ou suivi d'un acte de destruction, dégradation ou détérioration ; 9° (Abrogé) 10° Lorsqu'il est commis par une personne dissimulant volontairement en tout ou partie son visage afin de ne pas être identifiée ; 11° Lorsqu'il est commis dans les établissements d'enseignement ou d'éducation ainsi que, lors des entrées ou sorties des élèves ou dans un temps très voisin de celles-ci, aux abords de ces établissements ; 12° Lorsqu'il est destiné à alimenter le commerce illégal d'animaux. Les peines sont portées à sept ans d'emprisonnement et à 100 000 euros d'amende lorsque le vol est commis dans deux des circonstances prévues par le présent article. Elles sont portées à dix ans d'emprisonnement et à 150 000 euros d'amende lorsque le vol est commis dans trois de ces circonstances.",VIGUEUR,2025-07-11,2999-01-01,LEGIARTI000051876297,https://www.legifrance.gouv.fr/codes/article_lc/LEGIARTI000051876297
cp-314-8,cp_appropriations_frauduleuses,Code pénal,314-8,Partie législative > Livre III : Des crimes et délits contre les biens > Titre Ier : Des appropriations frauduleuses > Chapitre IV : Des détournements > Section 3 : De l'organisation frauduleuse de l'insolvabilité,,"La juridiction peut décider que la personne condamnée comme complice de l'infraction définie à l' article 314-7 est tenue solidairement, dans la limite des fonds ou de la valeur vénale des biens reçus à titre gratuit ou onéreux, aux obligations pécuniaires résultant de la condamnation à l'exécution de laquelle l'auteur de l'infraction a voulu se soustraire. Lorsque la condamnation de nature patrimoniale a été prononcée par une juridiction répressive, le tribunal peut décider que la peine qu'il prononce ne se confondra pas avec celle qui a été précédemment prononcée. La prescription de l'action pénale ne court qu'à compter de la condamnation à l'exécution de laquelle le débiteur a voulu se soustraire ; toutefois, elle ne court qu'à compter du dernier agissement ayant pour objet d'organiser ou d'aggraver l'insolvabilité du débiteur lorsque le dernier agissement est postérieur à cette condamnation.",VIGUEUR_DIFF,2029-01-01,2999-01-01,LEGIARTI000052849684,https://www.legifrance.gouv.fr/codes/article_lc/LEGIARTI000052849684
cp-313-5,cp_appropriations_frauduleuses,Code pénal,313-5,Partie législative > Livre III : Des crimes et délits contre les biens > Titre Ier : Des appropriations frauduleuses > Chapitre III : De l'escroquerie et des infractions voisines > Section 2 : Des infractions voisines de l'escroquerie,,"La filouterie est le fait par une personne qui sait être dans l'impossibilité absolue de payer ou qui est déterminée à ne pas payer : 1° De se faire servir des boissons ou des aliments dans un établissement vendant des boissons ou des aliments ; 2° De se faire attribuer et d'occuper effectivement une ou plusieurs chambres dans un établissement louant des chambres, lorsque l'occupation n'a pas excédé dix jours ; 3° De se faire servir des carburants ou lubrifiants dont elle fait remplir tout ou partie des réservoirs d'un véhicule par des professionnels de la distribution ; 4° De se faire transporter en taxi ou en voiture de place. La filouterie est punie de six mois d'emprisonnement et de 7 500 euros d'amende. L'action pénale peut être éteinte, y compris en cas de récidive, dans les conditions prévues aux articles L. 4223-1 à L. 4223-23 du code de procédure pénale, par le versement d'une amende forfaitaire d'un montant de 300 euros. Le montant de l'amende forfaitaire minorée est de 250 euros et le montant de l'amende forfaitaire majorée est de 600 euros. Les dispositions des articles 495-20 et 495-21 du même code relatives à l'exigence d'une consignation préalable à la contestation de l'amende forfaitaire ne sont pas applicables.",VIGUEUR_DIFF,2029-01-01,2999-01-01,LEGIARTI000052849688,https://www.legifrance.gouv.fr/codes/article_lc/LEGIARTI000052849688
cp-311-3-1,cp_appropriations_frauduleuses,Code pénal,311-3-1,Partie législative > Livre III : Des crimes et délits contre les biens > Titre Ier : Des appropriations frauduleuses > Chapitre Ier : Du vol > Section 1 : Du vol simple et des vols aggravés,,"Lorsque le vol prévu à l'article 311-3 porte sur une chose dont la valeur est inférieure ou égale à 300 euros et qu'il apparaît au moment de la constatation de l'infraction que cette chose a été restituée à la victime ou que celle-ci a été indemnisée de son préjudice, l'action pénale peut être éteinte, y compris en cas de récidive, dans les conditions prévues aux articles L. 4223-1 à L. 4223-23 du code de procédure pénale, par le versement d'une amende forfaitaire d'un montant de 300 euros. Le montant de l'amende forfaitaire minorée est de 250 euros et le montant de l'amende forfaitaire majorée est de 600 euros.",VIGUEUR_DIFF,2029-01-01,2999-01-01,LEGIARTI000052849694,https://www.legifrance.gouv.fr/codes/article_lc/LEGIARTI000052849694
cp-312-13,cp_appropriations_frauduleuses,Code pénal,312-13,Partie législative > Livre III : Des crimes et délits contre les biens > Titre Ier : Des appropriations frauduleuses > Chapitre II : De l'extorsion > Section 3 : Peines complémentaires applicables aux personnes physiques et responsabilité des personnes morales,,"I. – Les personnes physiques coupables de l'une des infractions prévues au présent chapitre encourent également les peines complémentaires suivantes : 1° L'interdiction des droits civiques, civils et de famille, suivant les modalités prévues par l'article 131-26 ; 2° L'interdiction, suivant les modalités prévues par l'article 131-27 , soit d'exercer une fonction publique ou d'exercer l'activité professionnelle ou sociale dans l'exercice ou à l'occasion de l'exercice de laquelle l'infraction a été commise, cette interdiction étant définitive ou provisoire dans les cas prévus aux articles 312-3 à 312-7 et pour une durée de cinq ans au plus dans les cas prévus aux articles 312-1 , 312-2 et 312-10 , soit d'exercer une profession commerciale ou industrielle, de diriger, d'administrer, de gérer ou de contrôler à un titre quelconque, directement ou indirectement, pour son propre compte ou pour le compte d'autrui, une entreprise commerciale ou industrielle ou une société commerciale. Ces interdictions d'exercice peuvent être prononcées cumulativement ; 3° (Abrogé) ; 4° La confiscation de la chose qui a servi ou était destinée à commettre l'infraction ou de la chose qui en est le produit, à l'exception des objets susceptibles de restitution ; 5° L'interdiction de séjour suivant les modalités prévues par l'article 131-31 . II. – En cas de condamnation pour les infractions prévues au présent chapitre, le prononcé de la peine complémentaire d'interdiction de détenir ou de porter, pour une durée de cinq ans au plus, une arme soumise à autorisation est obligatoire. Toutefois, la juridiction peut, par une décision spécialement motivée lorsque la condamnation est prononcée par une juridiction délictuelle, décider de ne pas prononcer cette peine, en considération des circonstances de l'infraction et de la personnalité de son auteur.",VIGUEUR_DIFF,2029-01-01,2999-01-01,LEGIARTI000052849725,https://www.legifrance.gouv.fr/codes/article_lc/LEGIARTI000052849725
cp-311-14,cp_appropriations_frauduleuses,Code pénal,311-14,Partie législative > Livre III : Des crimes et délits contre les biens > Titre Ier : Des appropriations frauduleuses > Chapitre Ier : Du vol > Section 3 : Peines complémentaires applicables aux personnes physiques et responsabilité des personnes morales,,"I.-Les personnes physiques coupables de l'une des infractions prévues au présent chapitre encourent également les peines complémentaires suivantes : 1° L'interdiction des droits civiques, civils et de famille, suivant les modalités prévues par l'article 131-26 ; 2° L'interdiction, suivant les modalités prévues par l'article 131-27 , soit d'exercer une fonction publique ou d'exercer l'activité professionnelle ou sociale dans l'exercice ou à l'occasion de l'exercice de laquelle l'infraction a été commise, soit d'exercer une profession commerciale ou industrielle, de diriger, d'administrer, de gérer ou de contrôler à un titre quelconque, directement ou indirectement, pour son propre compte ou pour le compte d'autrui, une entreprise commerciale ou industrielle ou une société commerciale, cette interdiction étant définitive ou provisoire dans les cas prévus aux articles 311-6 à 311-10 et pour une durée de cinq ans au plus dans les cas prévus aux articles 311-3 à 311-5. Ces interdictions d'exercice peuvent être prononcées cumulativement ; 3° L'interdiction de détenir ou de porter, pour une durée de cinq ans au plus, une arme soumise à autorisation ; 4° La confiscation de la chose qui a servi ou était destinée à commettre l'infraction ou de la chose qui en est le produit, à l'exception des objets susceptibles de restitution ; 5° L'interdiction de séjour, suivant les modalités prévues par l'article 131-31 , dans les cas prévus par les articles 311-5 à 311-10 . II.-En cas de condamnation pour vol commis avec violence ou pour vol puni d'une peine criminelle, le prononcé de la peine complémentaire prévue au 3° du I est obligatoire. Toutefois, la juridiction peut, par une décision spécialement motivée lorsque la condamnation est prononcée par une juridiction délictuelle, décider de ne pas prononcer cette peine, en considération des circonstances de l'infraction et de la personnalité de son auteur.",VIGUEUR_DIFF,2029-01-01,2999-01-01,LEGIARTI000052849734,https://www.legifrance.gouv.fr/codes/article_lc/LEGIARTI000052849734
cp-313-7,cp_appropriations_frauduleuses,Code pénal,313-7,Partie législative > Livre III : Des crimes et délits contre les biens > Titre Ier : Des appropriations frauduleuses > Chapitre III : De l'escroquerie et des infractions voisines > Section 3 : Peines complémentaires applicables aux personnes physiques et responsabilité des personnes morales,,"Les personnes physiques coupables de l'un des délits prévus aux articles 313-1 , 313-2 , 313-6 et 313-6-1 encourent également les peines complémentaires suivantes : 1° L'interdiction des droits civiques, civils et de famille, suivant les modalités prévues par l'article 131-26 ; 2° L'interdiction, suivant les modalités prévues par l'article 131-27 , soit d'exercer une fonction publique ou d'exercer l'activité professionnelle ou sociale dans l'exercice ou à l'occasion de l'exercice de laquelle l'infraction a été commise, soit d'exercer une profession commerciale ou industrielle, de diriger, d'administrer, de gérer ou de contrôler à un titre quelconque, directement ou indirectement, pour son propre compte ou pour le compte d'autrui, une entreprise commerciale ou industrielle ou une société commerciale. Ces interdictions d'exercice peuvent être prononcées cumulativement ; 3° La fermeture, pour une durée de cinq ans au plus, des établissements ou de l'un ou de plusieurs des établissements de l'entreprise ayant servi à commettre les faits incriminés ; 4° La confiscation de la chose qui a servi ou était destinée à commettre l'infraction ou de la chose qui en est le produit, à l'exception des objets susceptibles de restitution et sous réserve du treizième alinéa de l'article 131-21 ; 5° L'interdiction de séjour, suivant les modalités prévues par l'article 131-31 ; 6° L'interdiction, pour une durée de cinq ans au plus, d'émettre des chèques autres que ceux qui permettent le retrait de fonds par le tireur auprès du tiré ou ceux qui sont certifiés ; 7° L'affichage ou la diffusion de la décision prononcée dans les conditions prévues par l'article 131-35 . Les personnes physiques ou morales coupables du délit prévu à la présente section encourent également la peine complémentaire suivante : interdiction de l'activité de prestataire de formation professionnelle continue au sens de l'article L. 6313-1 du code du travail pour une durée de cinq ans. Les personnes physiques ou morales coupables des crimes et délits prévus à l'article 313-2 du présent code encourent également la peine complémentaire de confiscation de tout ou partie des biens leur appartenant ou, sous réserve des droits du propriétaire de bonne foi, dont elles ont la libre disposition, quelle qu'en soit la nature, meubles ou immeubles, divis ou indivis.",VIGUEUR,2026-06-27,2999-01-01,LEGIARTI000054334685,https://www.legifrance.gouv.fr/codes/article_lc/LEGIARTI000054334685
cp-313-2,cp_appropriations_frauduleuses,Code pénal,313-2,Partie législative > Livre III : Des crimes et délits contre les biens > Titre Ier : Des appropriations frauduleuses > Chapitre III : De l'escroquerie et des infractions voisines > Section 1 : De l'escroquerie,,"Les peines sont portées à sept ans d'emprisonnement et à 750 000 euros d'amende lorsque l'escroquerie est réalisée : 1° Par une personne dépositaire de l'autorité publique ou chargée d'une mission de service public, dans l'exercice ou à l'occasion de l'exercice de ses fonctions ou de sa mission ; 2° Par une personne qui prend indûment la qualité d'une personne dépositaire de l'autorité publique ou chargée d'une mission de service public ; 3° Par une personne qui fait appel au public en vue de l'émission de titres ou en vue de la collecte de fonds à des fins d'entraide humanitaire ou sociale ; 4° Au préjudice d'une personne dont la particulière vulnérabilité, due à son âge, à une maladie, à une infirmité, à une déficience physique ou psychique ou à un état de grossesse, est apparente ou connue de son auteur ; 4° bis Au préjudice d'une personne dont l'état de sujétion psychologique ou physique, au sens de l'article 223-15-3, est connu de son auteur ; 5° Au préjudice d'une personne publique, d'un organisme de protection sociale ou d'un organisme chargé d'une mission de service public, pour l'obtention d'une allocation, d'une prestation, d'un paiement ou d'un avantage indu. Les peines sont portées à dix ans d'emprisonnement et à 1 000 000 euros d'amende lorsque les escroqueries mentionnées à l'article 313-1 et aux 1° à 4° bis du présent article sont commises en bande organisée. Les peines sont portées à quinze ans de réclusion criminelle et à un million d'euros d'amende lorsque l'escroquerie mentionnée au 5° est commise en bande organisée. Les deux premiers alinéas de l'article 132-23 sont applicables à l'infraction mentionnée à l'avant-dernier alinéa du présent article.",VIGUEUR,2026-06-27,2999-01-01,LEGIARTI000054334706,https://www.legifrance.gouv.fr/codes/article_lc/LEGIARTI000054334706
ord45-2590-1,ord_45_2590,Ordonnance n° 45-2590,1,,,"Les notaires sont les officiers publics, établis pour recevoir tous les actes et contrats auxquels les parties doivent ou veulent faire donner le caractère d'authenticité attaché aux actes de l'autorité publique, et pour en assurer la date, en conserver le dépôt, en délivrer des grosses et expéditions.",VIGUEUR,1945-11-03,2999-01-01,LEGIARTI000006915175,https://www.legifrance.gouv.fr/codes/article_lc/LEGIARTI000006915175
ord45-2590-2,ord_45_2590,Ordonnance n° 45-2590,2,,,"Il y a, dans chaque département, une chambre des notaires, dans chaque cour d'appel un conseil régional des notaires, et auprès du garde des sceaux, ministre de la justice, un conseil supérieur du notariat (1). Chaque chambre des notaires, chaque conseil régional, et le conseil supérieur, en adjoignant à leur bureau un nombre égal de clerc ou d'employés, siège en comité mixte. (1) Premier alinéa abrogé, en tant qu'il concerne dans les départements du Bas-Rhin, du Haut-Rhin, du Haut-Rhin et de la Moselle, le conseil régional des notaires, D. n° 73-51, 10 janvier 1973, art. 1er et 21.",VIGUEUR,1945-11-03,2999-01-01,LEGIARTI000006915205,https://www.legifrance.gouv.fr/codes/article_lc/LEGIARTI000006915205
ord45-2590-3,ord_45_2590,Ordonnance n° 45-2590,3,,,"Les chambres des notaires, les conseils régionaux et le conseil supérieur sont des établissements d'utilité publique.",VIGUEUR,1945-11-03,2999-01-01,LEGIARTI000006915212,https://www.legifrance.gouv.fr/codes/article_lc/LEGIARTI000006915212
ord45-2590-9,ord_45_2590,Ordonnance n° 45-2590,9,,,"Un décret déterminera l'organisation et les conditions de fonctionnement des chambres des notaires, des conseils régionaux et du conseil supérieur du notariat.",VIGUEUR,1945-11-03,2999-01-01,LEGIARTI000006915316,https://www.legifrance.gouv.fr/codes/article_lc/LEGIARTI000006915316
ord45-2590-10,ord_45_2590,Ordonnance n° 45-2590,10,,,"Sont abrogés les articles 1er et 50 de la loi du 25 ventôse an XI, l'article 42, alinéas 4 et 5 de la même loi, modifié par la loi du 12 août 1902, en ce qu'il a de contraire aux dispositions de la présente ordonnance, et l'article 4, alinéas 2, 3 et 4, de la loi du 25 janvier 1934.",VIGUEUR,1945-11-03,2999-01-01,LEGIARTI000006915332,https://www.legifrance.gouv.fr/codes/article_lc/LEGIARTI000006915332
ord45-2590-11,ord_45_2590,Ordonnance n° 45-2590,11,,,"est expressément constatée la nullité de l'acte du loi du 16 juin 1941 relative au statut du notariat. Toutefois, la constatation de cette nullité ne porte pas atteinte aux effets découlant de son application antérieure à la publication de la présente ordonnance.",VIGUEUR,1945-11-03,2999-01-01,LEGIARTI000006915352,https://www.legifrance.gouv.fr/codes/article_lc/LEGIARTI000006915352
ord45-2590-12,ord_45_2590,Ordonnance n° 45-2590,12,,,"La présente ordonnance, qui entrera en vigueur le même jour que le décret prévu par l'article 9 ci-dessus, sera publiée au Journal officiel de la République française et exécutée comme loi.",VIGUEUR,1945-11-03,2999-01-01,LEGIARTI000006915362,https://www.legifrance.gouv.fr/codes/article_lc/LEGIARTI000006915362
ord45-2590-préambule,ord_45_2590,Ordonnance n° 45-2590,Préambule,Exposé des motifs.,,"En 1939, le Gouvernement avait entrepris et mené près de leur terme les études nécessaires pour introduire dans la législation des réformes demandées depuis plusieurs années par les associations de notaires, d'avoués, d'huissiers, de commissaires priseurs et d'agréés afin de compléter leur statut professionnels qui dataient des premières années du XIXème siècle ou qui même, pour les agréés, étaient restés purement coutumier. L'autorité de fait, en 1941 et en 1942, publia une série de textes qui réalisa les réformes ainsi envisagées, mais en les modifiant pour se réserver, tout au moins à titre temporaire, le droit de désigner les représentants des professions et pour refuser aux officiers ministériels le droit de se grouper en associations professionnellles. Les ordonnances publiées ci-après ont pour objet, conformément aux voeux manifestés par les intéressés, de valider la réforme ainsi intervenue, mais en recourant à l'élection comme mode unique de désignation, et en rétablissant le droit d'association. En outre, les différents statuts ont été coordonnés et complétés sur les points dont l'expérience avait montré la nécessité. Des décrets en conseil d'Etat précisent les détails d'application de chacune de ces ordonnances.",VIGUEUR,1945-11-03,2999-01-01,LEGIARTI000006915392,https://www.legifrance.gouv.fr/codes/article_lc/LEGIARTI000006915392
ord45-2590-1quater,ord_45_2590,Ordonnance n° 45-2590,1 quater,,,La formation professionnelle continue est obligatoire pour les notaires en exercice. Un décret en Conseil d'Etat détermine la nature et la durée des activités susceptibles d'être validées au titre de l'obligation de formation professionnelle continue. Le Conseil supérieur du notariat détermine les modalités selon lesquelles elle s'accomplit.,VIGUEUR,2010-12-24,2999-01-01,LEGIARTI000023275132,https://www.legifrance.gouv.fr/codes/article_lc/LEGIARTI000023275132
ord45-2590-7,ord_45_2590,Ordonnance n° 45-2590,7,,,Les notaires peuvent former entre eux des associations régies par la loi du 1er juillet 1901 relative au contrat d'association et des syndicats professionnels au sens de l' article L. 2131-1 du code du travail .,VIGUEUR,2010-12-24,2999-01-01,LEGIARTI000023276593,https://www.legifrance.gouv.fr/codes/article_lc/LEGIARTI000023276593
ord45-2590-6-2,ord_45_2590,Ordonnance n° 45-2590,6-2,,,La responsabilité civile professionnelle des notaires est garantie par un contrat d'assurance souscrit par le Conseil supérieur du notariat. Les conseils régionaux de notaires peuvent souscrire des garanties complémentaires.,VIGUEUR,2011-03-30,2999-01-01,LEGIARTI000023777969,https://www.legifrance.gouv.fr/codes/article_lc/LEGIARTI000023777969
ord45-2590-6-1,ord_45_2590,Ordonnance n° 45-2590,6-1,,,"Dans des conditions fixées par décret en Conseil d'Etat, le conseil supérieur du notariat centralise et diffuse les données visées à l'article 6 de la loi du 25 ventôse an XI contenant organisation du notariat. La mise en œuvre de cette mission de service public peut être déléguée par le conseil supérieur du notariat à tout organisme de droit privé placé sous son contrôle.",VIGUEUR,2011-03-30,2999-01-01,LEGIARTI000023780882,https://www.legifrance.gouv.fr/codes/article_lc/LEGIARTI000023780882
ord45-2590-5-2,ord_45_2590,Ordonnance n° 45-2590,5-2,,,"Le président du conseil régional ou du conseil interrégional des notaires, ou le président de l'établissement d'utilité publique faisant fonction de conseil régional, ou leurs délégués, peuvent être désignés par le ministre des affaires étrangères et le garde des sceaux, ministre de la justice, après avis du président du conseil supérieur du notariat, pour accomplir les formalités de la légalisation et de l'apostille sur les actes publics établis par une autorité française et destinés à être produits à l'étranger, dans les conditions fixées par un décret en Conseil d'Etat.",VIGUEUR,2020-03-06,2999-01-01,LEGIARTI000041687535,https://www.legifrance.gouv.fr/codes/article_lc/LEGIARTI000041687535
ord45-2590-13,ord_45_2590,Ordonnance n° 45-2590,13,,,"Les articles 1er à 7 de la présente ordonnance sont applicables aux collectivités territoriales de Saint-Pierre-et-Miquelon et de Mayotte. Un décret en Conseil d'Etat fixe la date d'entrée en vigueur et les modalités d'application du présent article. Les attributions dévolues aux établissements d'utilité publique visés par les articles 4 et 5 sont exercées, en ce qui concerne la collectivité territoriale de Saint-Pierre-et-Miquelon, par les établissements d'utilité publique existant dans le département de la Martinique et dans le ressort de la cour d'appel de Fort-de-France et, en ce qui concerne la collectivité territoriale de Mayotte, par ceux existant dans le département de la Réunion et dans le ressort de la cour d'appel de Saint-Denis. Les attributions prévues à l'article 5-2 sont exercées, à Saint-Pierre-et-Miquelon, par le président de l'établissement d'utilité publique existant dans le ressort de la cour d'appel de Fort-de-France et, à Mayotte, par le président de l'établissement d'utilité publique existant dans le ressort de la cour d'appel de Saint-Denis, ou par leurs délégués.",VIGUEUR,2020-03-06,2999-01-01,LEGIARTI000041689028,https://www.legifrance.gouv.fr/codes/article_lc/LEGIARTI000041689028
ord45-2590-6-3,ord_45_2590,Ordonnance n° 45-2590,6-3 ,,,"Le conseil supérieur du notariat veille à l'accès aux prestations notariales sur l'ensemble du territoire national, notamment dans les zones géographiques où la rentabilité des offices ne serait pas suffisante. A ce titre, il est habilité à percevoir auprès des notaires une contribution pour le financement d'aides à l'installation ou au maintien de professionnels, dont l'assiette et le taux sont fixés, sur sa proposition, par arrêté du ministre de la justice. Cette contribution, nonobstant son caractère obligatoire, a la nature d'une créance de droit privé. Le conseil supérieur du notariat rend compte chaque année au Gouvernement et au Parlement de l'usage fait du produit de ladite contribution.",VIGUEUR,2020-12-27,2999-01-01,LEGIARTI000042744693,https://www.legifrance.gouv.fr/codes/article_lc/LEGIARTI000042744693
ord45-2590-6-4,ord_45_2590,Ordonnance n° 45-2590,6-4,,,"Les sanctions énumérées aux 3° et 4° de l'article 16 de l'ordonnance n° 2022-544 du 13 avril 2022 relative à la déontologie et à la discipline des officiers ministériels entraînent, à titre accessoire, l'inéligibilité aux instances et organismes professionnels.",VIGUEUR,2022-07-01,2999-01-01,LEGIARTI000045575394,https://www.legifrance.gouv.fr/codes/article_lc/LEGIARTI000045575394
ord45-2590-6-5,ord_45_2590,Ordonnance n° 45-2590,6-5,,,"En cas de manquement grave à leurs devoirs, le conseil supérieur du notariat et les conseils régionaux et interrégionaux des notaires peuvent être suspendus ou dissous par arrêté du garde des sceaux, ministre de la justice, après avis, pour le conseil supérieur, de la chambre compétente de la Cour de cassation et pour les conseils régionaux et interrégionaux, de la cour d'appel siégeant en chambre du conseil.",VIGUEUR,2022-07-01,2999-01-01,LEGIARTI000045575404,https://www.legifrance.gouv.fr/codes/article_lc/LEGIARTI000045575404
ord45-2590-6-6,ord_45_2590,Ordonnance n° 45-2590,6-6,,,"La suspension ne peut être prononcée pour plus de six mois. Pendant la durée de la suspension, les attributions du conseil supérieur et des conseils régionaux et interrégionaux sont transférées à la première chambre civile de la Cour de cassation, laquelle peut désigner un ou plusieurs notaires honoraires ou en exercice chargés d'agir conformément à ce qui aura été délibéré. Néanmoins, les poursuites disciplinaires ne peuvent être exercées que par le ministère public.",VIGUEUR,2022-07-01,2999-01-01,LEGIARTI000045575414,https://www.legifrance.gouv.fr/codes/article_lc/LEGIARTI000045575414
ord45-2590-6-7,ord_45_2590,Ordonnance n° 45-2590,6-7,,,"En cas de dissolution, les attributions du conseil supérieur du notariat sont exercées comme il est dit à l'article précédent. A l'expiration du délai fixé par l'arrêté de dissolution, délai qui ne peut excéder trois années, le corps électoral convoqué par le premier président, procède à l'élection d'un nouveau conseil.",VIGUEUR,2022-07-01,2999-01-01,LEGIARTI000045575424,https://www.legifrance.gouv.fr/codes/article_lc/LEGIARTI000045575424
ord45-2590-8,ord_45_2590,Ordonnance n° 45-2590,8,,,"Par dérogation aux dispositions de l'article 1er de la présente ordonnance, dans le ressort de la Cour d'appel de Paris, la chambre départementale des notaires de Paris remplira, pour ces notaires, le rôle de conseil régional, indépendamment du conseil régional qui est constitué pour le reste du ressort. Un décret en Conseil d'Etat fixe les conditions d'application du présent article.",VIGUEUR,2022-07-01,2999-01-01,LEGIARTI000045579224,https://www.legifrance.gouv.fr/codes/article_lc/LEGIARTI000045579224
ord45-2590-6,ord_45_2590,Ordonnance n° 45-2590,6,,,"Le conseil supérieur représente l'ensemble de la profession auprès des pouvoirs publics. Il prévient ou concilie tous différends d'ordre professionnel entre les chambres des notaires ou entre les notaires ne relevant pas du même conseil régional, il tranche, en cas de non-conciliation, ces litiges par des décisions qui sont exécutoires immédiatement ; il organise et règle le budget de toutes les oeuvres sociales intéressant les notaires. Le conseil supérieur peut, devant toutes les juridictions, exercer tous les droits réservés à la partie civile relativement aux faits portant un préjudice direct ou indirect à l'intérêt collectif de la profession. Le conseil supérieur établit son budget et en répartit les charges entre les conseils régionaux. Le conseil supérieur et les syndicats professionnels ou groupements d'employeurs représentatifs négocient et concluent les conventions et accords collectifs de travail. Le conseil supérieur, siégeant en comité mixte, règle les questions d'ordre général concernant la création, le fonctionnement et le budget des œuvres sociales intéressant le personnel des études. Le conseil supérieur, siégeant en l'une ou l'autre de ses formations, donne son avis chaque fois qu'il en est requis par le garde des sceaux, ministre de la justice, sur les questions professionnelles entrant dans ses attributions. Le conseil supérieur peut assister les chambres des notaires dans leur mission de contrôle du respect, par les notaires, des obligations prévues aux chapitres Ier et II du titre VI du livre V du code monétaire et financier, des dispositions européennes directement applicables en matière de lutte contre le blanchiment des capitaux et le financement du terrorisme, y compris celles des règlements européens portant mesures restrictives pris en application des articles 75 ou 215 du traité sur le fonctionnement de l'Union européenne, ainsi que celles prises en application du même article 215 à d'autres fins. Le conseil supérieur prépare un code de déontologie édicté par décret en Conseil d'Etat énonçant les principes et devoirs professionnels permettant le bon exercice des fonctions de notaire. Il précise par voie de règlement, approuvé par arrêté du garde des sceaux, ministre de la justice, les règles professionnelles propres à assurer le respect de ce code. Le conseil supérieur assure l'organisation de la formation professionnelle initiale et continue des membres des services d'enquête et des juridictions disciplinaires institués par l'ordonnance n° 2022-544 du 13 avril 2022 relative à la déontologie et à la discipline des officiers ministériels. Le conseil supérieur exerce l'action disciplinaire dans les conditions prévues par l'ordonnance n° 2022-544 du 13 avril 2022 relative à la déontologie et à la discipline des officiers ministériels.",VIGUEUR,2022-07-01,2999-01-01,LEGIARTI000045579228,https://www.legifrance.gouv.fr/codes/article_lc/LEGIARTI000045579228
ord45-2590-5,ord_45_2590,Ordonnance n° 45-2590,5,,,"Le conseil régional des notaires représente l'ensemble des notaires du ressort de la cour d'appel en ce qui touche à leurs droits droits et intérêts communs. Il prévient ou concilie tous différends d'ordre professionnel entre les chambres des notaires des notaires du ressort de la cour d'appel ou entre les notaires du ressort n'exerçant pas dans le même département et tranche, en cas de non-conciliation, ces litiges par des décisions qui sont immédiatement exécutoires. Il donne son avis : a) Sur les règlements établis par les chambres des notaires du ressort de la cour d'appel ; b) texte abrogé. Il désigne : a) Cinq notaires pour faire partie de la commission chargée, au chef-lieu de la cour d'appel, de faire subir l'examen professionnel de notaire à tous les aspirants du ressort ; b) Les membres composant le conseil d'administration de la caisse régionale de garantie instituée par la loi du 25 janvier 1934 ; c) Le délégué appelé à faire partie du conseil supérieur. Il procède : a) A l'examen de toutes réclamations formulées à l'encontre d'un professionnel relevant de sa compétence dans les conditions prévues par décret en Conseil d'Etat ; b) A la vérification de la tenue de la comptabilité, ainsi que de l'organisation et du fonctionnement des offices de notaires du ressort ; c) A l'action disciplinaire dans les conditions prévues par l'ordonnance n° 2022-544 du 13 avril 2022 relative à la déontologie et à la discipline des officiers ministériels. Les attributions mentionnées aux trois alinéas précédents sont mises en œuvre par le président du conseil régional ou interrégional. Le conseil régional remplit en outre les fonctions réservées à la commission de contrôle de la comptabilité des notaires. Le conseil régional, siégeant en commité mixte, règle toutes questions concernant les institutions et oeuvres sociales intéressant le personnel des études. Le conseil régional siégeant en l'une ou l'autre de ses formations est chargé, en outre, d'assurer dans le ressort l'exécution des décisions prises par le conseil supérieur.",VIGUEUR,2022-07-01,2999-01-01,LEGIARTI000045579231,https://www.legifrance.gouv.fr/codes/article_lc/LEGIARTI000045579231
ord45-2590-4,ord_45_2590,Ordonnance n° 45-2590,4,,,"La chambre des notaires a pour attributions : 1° D'établir, en ce qui concerne les usages de la profession et les rapports des notaires tant entre eux qu'avec la clientèle, un règlement qui sera soumis à l'approbation du garde des sceaux, ministre de la justice ; 2° De faire connaître aux instances compétentes les infractions disciplinaires dont elle a connaissance ; 3° De prévenir ou de concilier tous différends d'ordre professionnel entre notaires du département, de trancher, en cas de non-conciliation, ces litiges par des décisions qui seront exécutoires immédiatement ; 4° (Abrogé) ; 5° De vérifier la tenue de la comptabilité, ainsi que l'organisation et le fonctionnement des offices de notaires de la compagnie ; 6° De donner son avis, lorsqu'elle en est requise : a) Sur les actions en dommages-intérêts intentées contre les notaires en raison d'actes de leurs fonctions ; b) Sur les difficultés concernant le règlement des honoraires et vacations des notaires, ainsi que sur tous différends soumis à cet égard à la juridiction compétente ; 7° De délivrer ou de refuser par une décision motivée tous certificats de bonnes moeurs et capacité à elles demandés par les aspirants aux fonctions de notaire ; 8° De recevoir en dépôt les états des minutes dépendant des études de notaires supprimées ; 9° De préparer le budget de la compagnie et d'en proposer le vote à l'assemblée générale, de gérer la bourse commune et de poursuivre le recouvrement des cotisations ; 10° De vérifier le respect par les notaires de leurs obligations prévues par le chapitre Ier du titre VI du livre V du code monétaire et financier en matière de lutte contre le blanchiment des capitaux et le financement du terrorisme et de se faire communiquer, dans des conditions fixées par décret en Conseil d'Etat, les documents relatifs au respect de ces obligations. La chambre des notaires, siégeant en comité mixte, est chargée d'assurer dans le département les décisions prises en matière d'œuvres sociales par le conseil supérieur et le conseil régional siégeant tous deux en comité mixte. La chambre des notaires est chargée en outre d'assurer dans le département l'exécution des décisions prises par le conseil supérieur et le conseil régional.",VIGUEUR,2022-07-01,2999-01-01,LEGIARTI000045579234,https://www.legifrance.gouv.fr/codes/article_lc/LEGIARTI000045579234
ord45-2590-1ter,ord_45_2590,Ordonnance n° 45-2590,1 ter,,,"Une personne physique titulaire d'un office notarial ne peut pas employer plus de quatre notaires salariés. Une personne morale titulaire d'un office de notaire ne peut pas employer un nombre de notaires salariés supérieur au quadruple de celui des notaires associés qui y exercent la profession. A compter du 1er janvier 2020, le nombre de recrutements de notaires salariés est limité à deux pour une personne physique titulaire d'un office notarial et au double de celui des notaires associés y exerçant la profession pour les personnes morales titulaires d'un office de notaire. En aucun cas le contrat de travail du notaire salarié ne peut porter atteinte au code de déontologie édicté par décret en Conseil d'Etat et aux règles professionnelles des notaires. Nonobstant toute clause du contrat de travail, le notaire salarié peut refuser à son employeur de recevoir un acte ou d'accomplir une mission lorsque cet acte ou cette mission lui paraissent contraires à sa conscience ou susceptibles de porter atteinte à son indépendance. Toute clause de non-concurrence est réputée non écrite. Un décret en Conseil d'Etat fixe les modalités d'application du présent article, et notamment les règles applicables au règlement des litiges nés à l'occasion de l'exécution d'un contrat de travail après médiation du président de la chambre des notaires, celles relatives au licenciement du notaire salarié et, dans ce cas, les conditions dans lesquelles il peut être mis fin aux fonctions d'officier public du notaire salarié.",VIGUEUR,2022-07-01,2999-01-01,LEGIARTI000045579236,https://www.legifrance.gouv.fr/codes/article_lc/LEGIARTI000045579236
ord45-2590-1bisa,ord_45_2590,Ordonnance n° 45-2590,1 bis A,,,"Le notaire peut également exercer sa profession dans le cadre d'une société pluri-professionnelle d'exercice, prévue au titre IV bis de la loi n° 90-1258 du 31 décembre 1990 relative à l'exercice sous forme de sociétés des professions libérales soumises à un statut législatif ou réglementaire ou dont le titre est protégé et aux sociétés de participations financières de professions libérales, ayant pour objet l'exercice en commun de la profession de notaire et d'une ou plusieurs autres professions prévues à ce titre. Les dispositions des troisième et quatrième alinéas de l'article 1er bis sont applicables à une telle société. Un décret en Conseil d'Etat fixe notamment les conditions de la nomination de la société dans un ou plusieurs offices de notaire, de son interdiction temporaire et de sa destitution, ainsi que les règles applicables en cas d'empêchement, de retrait ou de décès d'un associé exerçant la profession.",VIGUEUR,2022-07-01,2999-01-01,LEGIARTI000045579238,https://www.legifrance.gouv.fr/codes/article_lc/LEGIARTI000045579238
ord45-2590-1bis,ord_45_2590,Ordonnance n° 45-2590,1 bis,,,"Le notaire peut exercer sa profession soit à titre individuel, soit dans le cadre d'une entité dotée de la personnalité morale, à l'exception des formes juridiques qui confèrent à leurs associés la qualité de commerçant, soit en qualité de salarié d'une personne physique ou morale titulaire d'un office notarial. Il peut également être membre d'un groupement d'intérêt économique ou d'un groupement européen d'intérêt économique ou associé d'une société en participation régie par le titre II de la loi n° 90-1258 du 31 décembre 1990 relative à l'exercice sous forme de sociétés des professions libérales soumises à un statut législatif ou réglementaire ou dont le titre est protégé et aux sociétés de participations financières de professions libérales. Lorsque la forme juridique d'exercice est une société à responsabilité limitée, une société anonyme, une société par actions simplifiée ou une société en commandite par actions régies par les dispositions du livre II du code de commerce, celle-ci est également soumise aux dispositions du livre III de l'ordonnance n° 2023-77 du 8 février 2023 relative à l'exercice en société des professions libérales réglementées à l'exception des obligations de dénomination prévues au premier alinéa de l'article 41 de cette ordonnance qui deviennent facultatives.",VIGUEUR,2024-09-01,2999-01-01,LEGIARTI000047110035,https://www.legifrance.gouv.fr/codes/article_lc/LEGIARTI000047110035
d73-609-1,decret_73_609,Décret n° 73-609,1,,,Sont abrogés les articles 35 à 50 de la loi du 25 ventôse an XI.,VIGUEUR,1973-10-01,2999-01-01,LEGIARTI000006271712,https://www.legifrance.gouv.fr/codes/article_lc/LEGIARTI000006271712
d73-609-135,decret_73_609,Décret n° 73-609,135,,,"Le garde des sceaux, ministre de la justice, et le ministre de l'éducation nationale sont chargés, chacun en ce qui le concerne, de l'exécution du présent décret, qui sera publié au Journal officiel de la République française.",VIGUEUR,1973-10-01,2999-01-01,LEGIARTI000006920581,https://www.legifrance.gouv.fr/codes/article_lc/LEGIARTI000006920581
d73-609-2,decret_73_609,Décret n° 73-609,2,,,La préparation aux fonctions et emplois de la profession notariale et la nomination aux fonctions de notaire sont régies par les dispositions du présent décret.,VIGUEUR,1973-10-01,2999-01-01,LEGIARTI000006920582,https://www.legifrance.gouv.fr/codes/article_lc/LEGIARTI000006920582
d73-609-43-5,decret_73_609,Décret n° 73-609,43-5,Titre I : Préparation et nomination aux fonctions de notaire > Chapitre II : Formation professionnelle aux fonctions de notaire. > Section VII : Les certificats de spécialisation.,,"L'examen de contrôle des connaissances se déroule devant un jury composé comme suit : 1° Un professeur, en activité ou émérite, chargé d'un enseignement en rapport avec la spécialisation revendiquée, président du jury, désigné par arrêté du garde des sceaux, ministre de la justice, sur proposition du ministre chargé de l'enseignement supérieur ; 2° Selon la spécialisation en cause, un magistrat de l'ordre judiciaire ou un membre du corps des tribunaux administratifs et des cours administratives d'appel, désignés par l'arrêté prévu au 1° du présent article ; 3° Un notaire admis à faire usage de la mention de spécialisation demandée ou, à défaut, justifiant d'une qualification suffisante dans cette spécialisation, désigné par l'arrêté précité, après avis du Conseil supérieur du notariat. Un nombre égal de suppléants est désigné dans les mêmes conditions. Le président et les membres du jury sont désignés pour une période de trois ans renouvelable deux fois. Toutefois, si un membre du jury vient à cesser ses fonctions avant l'expiration de la durée normale de son mandat, il est pourvu, dans le délai de trois mois, à son remplacement. En ce cas, les fonctions du nouveau membre expirent à la date à laquelle auraient cessé celles du membre qu'il a remplacé.",VIGUEUR,1999-07-31,2999-01-01,LEGIARTI000006920718,https://www.legifrance.gouv.fr/codes/article_lc/LEGIARTI000006920718
d73-609-43-7,decret_73_609,Décret n° 73-609,43-7,Titre I : Préparation et nomination aux fonctions de notaire > Chapitre II : Formation professionnelle aux fonctions de notaire. > Section VII : Les certificats de spécialisation.,,Le notaire qui entend faire usage d'une mention de spécialisation en informe préalablement la chambre des notaires devant laquelle il justifie qu'il possède le certificat de spécialisation.,VIGUEUR,1995-10-13,2999-01-01,LEGIARTI000006920721,https://www.legifrance.gouv.fr/codes/article_lc/LEGIARTI000006920721
d73-609-44,decret_73_609,Décret n° 73-609,44,Titre I : Préparation et nomination aux fonctions de notaire > Chapitre III : Nomination aux offices de notaire.,,"Les nominations de notaires sont prononcées par arrêté du garde des sceaux, ministre de la justice, dans les conditions définies au présent chapitre.",VIGUEUR,1973-10-01,2999-01-01,LEGIARTI000006920722,https://www.legifrance.gouv.fr/codes/article_lc/LEGIARTI000006920722
d73-609-45,decret_73_609,Décret n° 73-609,45,Titre I : Préparation et nomination aux fonctions de notaire > Chapitre III : Nomination aux offices de notaire. > Section I : Nomination sur présentation.,,"Le candidat à la succession d'un notaire sollicite l'agrément du garde des sceaux, ministre de la justice, dans les formes prévues aux articles suivants.",VIGUEUR,1973-10-01,2999-01-01,LEGIARTI000006920723,https://www.legifrance.gouv.fr/codes/article_lc/LEGIARTI000006920723
d73-609-98,decret_73_609,Décret n° 73-609,98,Titre IV : Le centre national de l'enseignement professionnel notarial. > Chapitre I : Organisation du centre national.,,"Dans les délibérations du conseil d'administration, en cas de partage égal des voix, celle du président est prépondérante. Le conseil d'administration peut s'adjoindre, avec voix consultative, des personnes étrangères à la profession.",VIGUEUR,1973-10-01,2999-01-01,LEGIARTI000006920885,https://www.legifrance.gouv.fr/codes/article_lc/LEGIARTI000006920885
d73-609-112,decret_73_609,Décret n° 73-609,112,"Titre VI : Préparation et nomination aux fonctions de notaire dans les départements du Haut-Rhin, du Bas-Rhin et de la Moselle > Chapitre I : Conditions d'aptitude.",,"Il est ouvert au moins un concours par an. La date et le lieu des épreuves sont fixés par arrêté du garde des sceaux, ministre de la justice, publié au moins deux mois à l'avance. L'arrêté détermine le nombre de places mises au concours, ce nombre ne pouvant excéder deux fois le nombre moyen des offices devenus vacants pendant les trois dernières années. Il ne peut toutefois, être offert moins de deux places à chaque concours.",VIGUEUR,1973-10-01,2999-01-01,LEGIARTI000006920912,https://www.legifrance.gouv.fr/codes/article_lc/LEGIARTI000006920912
d73-609-114,decret_73_609,Décret n° 73-609,114,"Titre VI : Préparation et nomination aux fonctions de notaire dans les départements du Haut-Rhin, du Bas-Rhin et de la Moselle > Chapitre I : Conditions d'aptitude.",,Le concours comporte des épreuves écrites et des épreuves orales. Les épreuves écrites sont organisées de manière à assurer l'anonymat des candidats. Les épreuves orales sont publiques.,VIGUEUR,1973-10-01,2999-01-01,LEGIARTI000006920915,https://www.legifrance.gouv.fr/codes/article_lc/LEGIARTI000006920915
d73-609-115,decret_73_609,Décret n° 73-609,115,"Titre VI : Préparation et nomination aux fonctions de notaire dans les départements du Haut-Rhin, du Bas-Rhin et de la Moselle > Chapitre I : Conditions d'aptitude.",,"Un arrêté du garde des sceaux, ministre de la justice, fixe le programme et les modalités du concours.",VIGUEUR,1973-10-01,2999-01-01,LEGIARTI000006920916,https://www.legifrance.gouv.fr/codes/article_lc/LEGIARTI000006920916
d73-609-116,decret_73_609,Décret n° 73-609,116,"Titre VI : Préparation et nomination aux fonctions de notaire dans les départements du Haut-Rhin, du Bas-Rhin et de la Moselle > Chapitre I : Conditions d'aptitude.",,"A l'issue des épreuves, le jury arrête, par ordre de mérite, la liste des candidats reçus. Cette liste est adressée au garde des sceaux, ministre de la justice, et publiée au Journal officiel.",VIGUEUR,1973-10-01,2999-01-01,LEGIARTI000006920917,https://www.legifrance.gouv.fr/codes/article_lc/LEGIARTI000006920917
d73-609-117,decret_73_609,Décret n° 73-609,117,"Titre VI : Préparation et nomination aux fonctions de notaire dans les départements du Haut-Rhin, du Bas-Rhin et de la Moselle > Chapitre I : Conditions d'aptitude.",,"Les candidats reçus au concours sont radiés du registre du stage et inscrits sur un registre des candidats notaires. Les candidats éliminés en application de l'article 113, dernier alinéa, sont radiés du registre du stage.",VIGUEUR,1973-10-01,2999-01-01,LEGIARTI000006920918,https://www.legifrance.gouv.fr/codes/article_lc/LEGIARTI000006920918
d73-609-119,decret_73_609,Décret n° 73-609,119,"Titre VI : Préparation et nomination aux fonctions de notaire dans les départements du Haut-Rhin, du Bas-Rhin et de la Moselle > Chapitre II : Procédure de nomination.",,"Pour chaque office à pourvoir, la commission propose les candidats par ordre de préférence à l'agrément du garde des sceaux, ministre de la justice. Les propositions doivent porter sur deux noms au moins lorsque le nombre total des candidatures qui se sont manifestées est inférieur ou égal à quatre, et sur trois noms lorsque le nombre total de ces candidatures est supérieur à quatre. En aucun cas les propositions ne peuvent porter sur plus de trois noms. En l'absence de toute candidature ou s'il ne se manifeste qu'une seule candidature, la commission peut, pour tout office à pourvoir, proposer, dans les limites fixées ci-dessus, des personnes choisies parmi celles qui sont inscrites sur le registre des candidats notaires. Les candidats reçus au concours perdent le bénéfice de leur admission par le refus simultané ou successif de trois offices.",VIGUEUR,1973-10-01,2999-01-01,LEGIARTI000006920921,https://www.legifrance.gouv.fr/codes/article_lc/LEGIARTI000006920921
d73-609-120,decret_73_609,Décret n° 73-609,120,"Titre VI : Préparation et nomination aux fonctions de notaire dans les départements du Haut-Rhin, du Bas-Rhin et de la Moselle > Chapitre II : Procédure de nomination.",,"Si le garde des sceaux, ministre de la justice, ne retient aucune des candidatures proposées par la commission, celle-ci peut être saisie de nouvelles candidatures et formuler de nouvelles propositions.",VIGUEUR,1973-10-01,2999-01-01,LEGIARTI000006920922,https://www.legifrance.gouv.fr/codes/article_lc/LEGIARTI000006920922
d73-609-122,decret_73_609,Décret n° 73-609,122,Titre VII : Dispositions transitoires et diverses.,,"Un décret en Conseil d'Etat détermine la date et les modalités d'application du présent décret aux départements de la Guadeloupe, de la Guyane, de la Martinique et de la Réunion.",VIGUEUR,1990-09-01,2999-01-01,LEGIARTI000006920927,https://www.legifrance.gouv.fr/codes/article_lc/LEGIARTI000006920927
d73-609-127,decret_73_609,Décret n° 73-609,127,Titre VII : Dispositions transitoires et diverses.,,"Pour l'application des dispositions du présent décret, la réussite à l'examen de premier clerc prévu par l'article 41 de la loi du 25 ventôse an XI susvisée est assimilée, sous réserve des dispositions de l'article 128 (3°), à la possession du diplôme de premier clerc institué par le présent décret.",VIGUEUR,1973-10-01,2999-01-01,LEGIARTI000006920932,https://www.legifrance.gouv.fr/codes/article_lc/LEGIARTI000006920932
d73-609-128,decret_73_609,Décret n° 73-609,128,Titre VII : Dispositions transitoires et diverses.,,"Après le 1er octobre 1973 pourront être nommés notaire, dans un office situé dans un département autre que le Haut-Rhin, le Bas-Rhin ou la Moselle : 1° Les anciens notaires ; 2° Les personnes remplissant au 1er octobre 1973 les conditions requises jusqu'alors pour exercer les fonctions de notaire ; 3° Les personnes mentionnées aux articles 123 et 124 si elles ont subi avec succès l'examen professionnel dans les conditions prévues à l'article 126 et si elles ont accompli un stage de la durée ci-après : Trois ans si les intéressés remplissent la condition prévue à l'article 3 (5°) ou s'ils sont titulaires du diplôme de premier clerc du nouveau régime ; Quatre ans si les intéressés sont titulaires du diplôme d'un institut des métiers du notariat prévue par le décret du 1er mai 1905 ; Six ans dans les autres cas. Le stage accompli avant l'entrée en vigueur du présent décret doit, pour être pris en considération, remplir les conditions exigées par la réglementation en vigueur à cette époque.",VIGUEUR,2007-08-22,2999-01-01,LEGIARTI000006920934,https://www.legifrance.gouv.fr/codes/article_lc/LEGIARTI000006920934
d73-609-129,decret_73_609,Décret n° 73-609,129,Titre VII : Dispositions transitoires et diverses.,,"Après le 1er octobre 1973, pourront être nommées notaire dans un office du Haut-Rhin, du Bas-Rhin ou de la Moselle : 1° Les personnes mentionnées aux 1° et 2° de l'article 128 qui auront accompli dans un office de ces départements le stage de deux années et réussi au concours professionnel prévus par l'article 110 ; 2° Les personnes reçues au concours professionnel prévu à l'article 50 (3°) de la loi du 25 ventôse an XI, si elles ont subi avec succès, à l'issue des quatre ans de stage requis, l'examen professionnel de notaire de l'ancien ou du nouveau régime.",VIGUEUR,1973-10-01,2999-01-01,LEGIARTI000006920935,https://www.legifrance.gouv.fr/codes/article_lc/LEGIARTI000006920935
d73-609-130,decret_73_609,Décret n° 73-609,130,Titre VII : Dispositions transitoires et diverses.,,"Les titulaires du diplôme d'un institut des métiers du notariat prévue par le décret du 1er mai 1905 sont admis à se présenter à l'examen de premier clerc institué par le présent décret, à la condition qu'ils aient suivi l'enseignement du deuxième cycle de l'institut des métiers du notariat institué par le présent décret. Les titulaires de la licence en droit qui ont obtenu ce diplôme sous le régime antérieur à l'entrée en vigueur du décret n° 54-343 du 27 mars 1954 sont considérés, pour l'application du présent décret, comme titulaires d'une maîtrise en droit. Il en est de même pour les licenciés en droit ayant obtenu ce titre lorsque la licence a été organisée sur quatre années.",VIGUEUR,2007-08-22,2999-01-01,LEGIARTI000006920937,https://www.legifrance.gouv.fr/codes/article_lc/LEGIARTI000006920937
d73-609-133,decret_73_609,Décret n° 73-609,133,Titre VII : Dispositions transitoires et diverses.,,"Sont abrogés : Le décret du 1er mai 1905 concernant les écoles de notariat ; Les articles 28,28 A à 28 F et 29 du décret du 19 décembre 1945 susvisé ; Le décret n° 55-1075 du 8 août 1955 pris pour l'application des articles 50,51 et 52 de la loi du 25 ventôse an XI relatifs au statut des notaires dans les départements du Haut-Rhin, du Bas-Rhin et de la Moselle ; Les articles 17 à 23 du décret n° 71-942 du 26 novembre 1971 relatif aux créations, transferts et suppressions d'offices de notaire, à la compétence d'instrumentation et à la résidence des notaires, à la garde et à la transmission des minutes et registres professionnels des notaires ; Les articles 6 et 7 du décret n° 73-51 du 10 janvier 1973 relatifs aux avocats, notaires, huissiers de justice et syndics administrateurs judiciaires du ressort des Cours d'appel de Colmar et de Metz. Sont abrogés en tant qu'ils concernent les notaires : Le décret du 5 avril 1852 relatif à la prestation de serment des greffiers et commis greffiers, des avocats au Conseil d'Etat et à la Cour de cassation, des avoués, des notaires, des commissaires-priseurs, des huissiers, des gardes de commerce et des gardes champêtres ; Le décret n° 50-97 du 20 janvier 1950 concernant certains offices publics et ministériels vacants.",VIGUEUR,1973-10-01,2999-01-01,LEGIARTI000006920941,https://www.legifrance.gouv.fr/codes/article_lc/LEGIARTI000006920941
d73-609-134,decret_73_609,Décret n° 73-609,134,Titre VII : Dispositions transitoires et diverses.,,Le présent décret ne pourra être modifié que par décret en Conseil d'Etat.,VIGUEUR,1973-10-01,2999-01-01,LEGIARTI000006920942,https://www.legifrance.gouv.fr/codes/article_lc/LEGIARTI000006920942
d73-609-118,decret_73_609,Décret n° 73-609,118,"Titre VI : Préparation et nomination aux fonctions de notaire dans les départements du Haut-Rhin, du Bas-Rhin et de la Moselle > Chapitre II : Procédure de nomination.",,"Les nominations aux offices de notaires dans les départements du Bas-Rhin, du Haut-Rhin et de la Moselle ont lieu sur les propositions formulées par la commission prévue au chapitre VI du titre II du décret n° 73-1202 du 28 décembre 1973 relatif à la discipline et au statut des officiers publics et ministériels.",VIGUEUR,2009-12-14,2999-01-01,LEGIARTI000021480509,https://www.legifrance.gouv.fr/codes/article_lc/LEGIARTI000021480509
d73-609-43-9,decret_73_609,Décret n° 73-609,43-9,Titre I : Préparation et nomination aux fonctions de notaire > Chapitre II : Formation professionnelle aux fonctions de notaire. > Section VIII :  La formation professionnelle continue des notaires,,"Les notaires déclarent, au plus tard le 31 janvier de chaque année civile, auprès de la chambre dont ils relèvent les conditions dans lesquelles ils ont satisfait à leur obligation de formation continue au cours de l'année écoulée. Les justificatifs utiles à la vérification du respect de cette obligation sont joints à cette déclaration. La chambre des notaires contrôle l'accomplissement effectif de l'obligation de formation continue des notaires en vérifiant les critères des formations suivies ainsi que leur lien nécessaire avec l'activité de notaire.",VIGUEUR,2012-01-01,2999-01-01,LEGIARTI000024629980,https://www.legifrance.gouv.fr/codes/article_lc/LEGIARTI000024629980
d73-609-46,decret_73_609,Décret n° 73-609,46,Titre I : Préparation et nomination aux fonctions de notaire > Chapitre III : Nomination aux offices de notaire. > Section I : Nomination sur présentation.,,"La demande de nomination est présentée au garde des sceaux, ministre de la justice, par téléprocédure sur le site internet du ministère de la justice. Elle est accompagnée de toutes pièces justificatives et notamment des conventions intervenues entre le titulaire de l'office ou ses ayants droit et le candidat. Lorsque ce dernier doit contracter un emprunt, elle est en outre accompagnée des éléments permettant d'apprécier ses possibilités financières au regard des engagements contractés.",VIGUEUR,2016-05-26,2999-01-01,LEGIARTI000032586274,https://www.legifrance.gouv.fr/codes/article_lc/LEGIARTI000032586274
d73-609-55,decret_73_609,Décret n° 73-609,55,Titre I : Préparation et nomination aux fonctions de notaire > Chapitre III : Nomination aux offices de notaire. > Section II : Nomination dans un office créé ou dans un office vacant > Paragraphe 1 : Nomination aux offices créés.,,Le délai de deux mois mentionné au point III de l'article 52 de la loi n° 2015-990 du 6 août 2015 susmentionnée ne court qu'à compter du dépôt d'un dossier de demande complet. Les avis de l'Autorité de la concurrence rendus dans ce cadre sont publiés sur le site internet du ministère de la justice.,VIGUEUR,2016-05-26,2999-01-01,LEGIARTI000032586328,https://www.legifrance.gouv.fr/codes/article_lc/LEGIARTI000032586328
d73-609-54,decret_73_609,Décret n° 73-609,54,Titre I : Préparation et nomination aux fonctions de notaire > Chapitre III : Nomination aux offices de notaire. > Section II : Nomination dans un office créé ou dans un office vacant > Paragraphe 1 : Nomination aux offices créés.,,L'appel à manifestation d'intérêt prévu au deuxième alinéa du II de l'article 52 de la loi n° 2015-990 du 6 août 2015 susmentionnée est publié sur le site internet du ministère de la justice et transmis au Conseil supérieur du notariat en vue de sa diffusion aux conseils régionaux des notaires. L'enregistrement et l'instruction des demandes de création d'office dans les zones ainsi signalées sont réalisés dans les conditions prévues par les articles 49 et suivants du présent décret.,VIGUEUR,2016-05-26,2999-01-01,LEGIARTI000032586331,https://www.legifrance.gouv.fr/codes/article_lc/LEGIARTI000032586331
d73-609-51-1,decret_73_609,Décret n° 73-609,51-1,Titre I : Préparation et nomination aux fonctions de notaire > Chapitre III : Nomination aux offices de notaire. > Section II : Nomination dans un office créé ou dans un office vacant > Paragraphe 1 : Nomination aux offices créés.,,Les demandes qui ne satisfont pas aux conditions de forme et de délai prévues par le présent paragraphe ne sont pas recevables.,VIGUEUR,2016-05-26,2999-01-01,LEGIARTI000032586344,https://www.legifrance.gouv.fr/codes/article_lc/LEGIARTI000032586344
d73-609-117-1,decret_73_609,Décret n° 73-609,117-1,"Titre VI : Préparation et nomination aux fonctions de notaire dans les départements du Haut-Rhin, du Bas-Rhin et de la Moselle > Chapitre II : Procédure de nomination.",,"Lorsqu'une vacance vient à se produire, celle-ci est immédiatement publiée par les soins du procureur général, qui indique le délai qui est imparti aux candidats, à peine de forclusion, pour adresser leur dossier au parquet du procureur de la République du ressort. Ce délai ne peut être inférieur à trente jours. Tous les notaires déjà en fonction, dans les ressorts des cours d'appel de Colmar et de Metz ainsi que les autres candidats remplissant les conditions d'aptitude requises, peuvent présenter leur candidature.",VIGUEUR,2016-07-01,2999-01-01,LEGIARTI000032842383,https://www.legifrance.gouv.fr/codes/article_lc/LEGIARTI000032842383
d73-609-122-1,decret_73_609,Décret n° 73-609,122-1,Titre VII : Dispositions transitoires et diverses.,,"Le présent décret est applicable à Saint-Pierre-et-Miquelon sous réserve des adaptations suivantes : 1° Les mots : “ tribunal de grande instance ” sont remplacés par les mots : “ tribunal de première instance ” ; 2° Les attributions dévolues par le présent décret aux chambres des notaires sont exercées, s'agissant de Saint-Pierre-et-Miquelon, par l'établissement d'utilité publique existant pour les notaires du département de Martinique.",VIGUEUR,2017-05-05,2999-01-01,LEGIARTI000034576802,https://www.legifrance.gouv.fr/codes/article_lc/LEGIARTI000034576802
d73-609-49,decret_73_609,Décret n° 73-609,49,Titre I : Préparation et nomination aux fonctions de notaire > Chapitre III : Nomination aux offices de notaire. > Section II : Nomination dans un office créé ou dans un office vacant > Paragraphe 1 : Nomination aux offices créés.,,"Peuvent demander leur nomination sur un office à créer les personnes qui remplissent les conditions générales d'aptitude aux fonctions de notaire. Les personnes physiques titulaires d'un office au jour de leur demande ne peuvent être nommées dans l'office créé qu'après ou concomitamment à leur démission. Celle-ci est présentée au garde des sceaux, ministre de la justice, avec la demande de nomination dans un office à créer, sous condition suspensive de nomination dans ce nouvel office. Les associés exerçant dans une société titulaire d'un office au jour de leur demande ne peuvent être nommés dans l'office créé qu'après ou concomitamment à leur retrait de cette société, dans les conditions prévues par les textes applicables à cette forme de société. La demande de retrait, sous condition suspensive de nomination dans le nouvel office, doit être présentée au garde des sceaux, ministre de la justice, avec la demande de nomination dans l'office à créer. Le présent alinéa n'est pas applicable si la création de l'office dans lequel l'associé demande sa nomination est demandée par la société dans laquelle l'associé exerce déjà.",VIGUEUR,2017-05-11,2999-01-01,LEGIARTI000034792969,https://www.legifrance.gouv.fr/codes/article_lc/LEGIARTI000034792969
d73-609-76,decret_73_609,Décret n° 73-609,76,Titre II : Formation professionnelle des collaborateurs des offices de notaire > Chapitre III : Régime des études sanctionnées par le diplôme des métiers du notariat,,"Les travaux de pratique professionnelle, réalisés sous la direction et la responsabilité d'un maître de stage et dans les conditions définies par l'Institut national des formations notariales, après consultation du Conseil supérieur du notariat, doivent correspondre à la durée normale du travail, telle qu'elle résulte des règlements, conventions collectives, accords ou usages en vigueur pour la catégorie professionnelle considérée. Pour être pris en considération, les travaux de pratique professionnelle doivent avoir été rémunérés conformément aux règlements, conventions collectives, accords ou usages mentionnés à l'alinéa précédent, sous réserve des dispositions du code du travail relatives à la promotion individuelle et au congé de formation des salariés. La pratique est d'une durée d'un an. Ces travaux de pratique professionnelle peuvent être accomplis à mi-temps. La période durant laquelle ils ont été ainsi accomplis ne compte que pour la moitié de sa durée. La pratique professionnelle est acquise à concurrence de huit mois au moins dans un office de notaire. Elle peut être acquise pour le reste de la durée exigée : - soit auprès d'un avocat, d'un expert-comptable, d'un commissaire aux comptes, d'un administrateur judiciaire ou d'un mandataire judiciaire ; - soit auprès d'une administration publique ou dans le service juridique ou fiscal d'une entreprise ; - soit dans un organisme professionnel notarial d'enseignement, de documentation, de recherche ou d'assistance technique ; - soit dans un pays étranger, auprès d'un membre d'une profession réglementée correspondant à celle de notaire.",VIGUEUR,2018-10-01,2999-01-01,LEGIARTI000037256486,https://www.legifrance.gouv.fr/codes/article_lc/LEGIARTI000037256486
d73-609-43-4,decret_73_609,Décret n° 73-609,43-4,Titre I : Préparation et nomination aux fonctions de notaire > Chapitre II : Formation professionnelle aux fonctions de notaire. > Section VII : Les certificats de spécialisation.,,"Pour être prise en considération, la pratique professionnelle doit avoir été effective et accomplie dans les conditions suivantes : 1° Correspondre à une durée normale de travail, telle qu'elle résulte des règlements, conventions collectives, accords ou usages en vigueur pour la catégorie professionnelle considérée ; 2° Avoir été rémunérée conformément aux règlements, conventions collectives, accords ou usages visés au 1° du présent article ; 3° Ne pas avoir été suspendue pendant plus de trois mois, sauf exception admise par le conseil d'administration de l'Institut national des formations notariales. L'exercice de la pratique professionnelle doit être justifiée par une ou plusieurs attestations mentionnant la durée des activités exercées et la nature des fonctions occupées.",VIGUEUR,2018-10-01,2999-01-01,LEGIARTI000037256537,https://www.legifrance.gouv.fr/codes/article_lc/LEGIARTI000037256537
d73-609-43-1,decret_73_609,Décret n° 73-609,43-1,Titre I : Préparation et nomination aux fonctions de notaire > Chapitre II : Formation professionnelle aux fonctions de notaire. > Section VII : Les certificats de spécialisation.,,"L'Institut national des formations notariales délivre aux notaires qui lui en font la demande, après vérification qu'ils remplissent les conditions prévues aux articles suivants, des certificats de spécialisation. La liste des certificats de spécialisation est fixée par arrêté du garde des sceaux, ministre de la justice, après avis du Conseil supérieur du notariat. Le contenu des spécialisations est arrêté par le garde des sceaux, ministre de la justice, sur proposition du conseil d'administration de l'Institut national des formations notariales.",VIGUEUR,2018-10-01,2999-01-01,LEGIARTI000037256568,https://www.legifrance.gouv.fr/codes/article_lc/LEGIARTI000037256568
d73-609-43-2,decret_73_609,Décret n° 73-609,43-2,Titre I : Préparation et nomination aux fonctions de notaire > Chapitre II : Formation professionnelle aux fonctions de notaire. > Section VII : Les certificats de spécialisation.,,"La spécialisation est acquise par une pratique professionnelle de quatre années au moins dans la spécialité, sanctionnée par un examen de contrôle des connaissances organisé par l'Institut national des formations notariales. Le dossier de candidature est instruit par l'Institut national des formations notariales, selon les modalités fixées par arrêté du garde des sceaux, ministre de la justice, après avis du Conseil supérieur du notariat et de l'Institut national des formations notariales.",VIGUEUR,2018-10-01,2999-01-01,LEGIARTI000037256570,https://www.legifrance.gouv.fr/codes/article_lc/LEGIARTI000037256570
d73-609-43-6,decret_73_609,Décret n° 73-609,43-6,Titre I : Préparation et nomination aux fonctions de notaire > Chapitre II : Formation professionnelle aux fonctions de notaire. > Section VII : Les certificats de spécialisation.,,"Sont dispensés de l'examen de contrôle des connaissances prévu à l'article 43-2 : 1° Les membres ou anciens membres du Conseil d'Etat, les magistrats ou anciens magistrats de la Cour des comptes, de l'ordre judiciaire, des tribunaux administratifs, des cours administratives d'appel et des chambres régionales des comptes justifiant d'un total de quatre années au moins d'attributions, au cours de leur carrière, en rapport avec la spécialisation considérée ; 2° Les professeurs d'enseignement supérieur et maîtres de conférences ayant effectué, en cette qualité, un total de quatre années au moins d'enseignement dans la spécialisation considérée ; 3° Les fonctionnaires et anciens fonctionnaires de catégorie A ou les personnes assimilées aux fonctionnaires de cette catégorie ayant accompli, en cette qualité, quatre années au moins de services effectifs au sein d'une administration, un service public ou une organisation internationale, dans une activité en rapport avec la spécialisation considérée ; 4° Les docteurs en droit dont la thèse a porté sur un sujet en rapport avec la spécialisation considérée et justifiant de quatre années de pratique professionnelle acquise dans les conditions indiquées aux articles 43-3 et 43-4 ; 5° Les anciens conseils juridiques pour la ou les mentions de spécialisation dont ils pouvaient se prévaloir dans l'exercice de leur ancienne profession.",VIGUEUR,2018-10-01,2999-01-01,LEGIARTI000037256572,https://www.legifrance.gouv.fr/codes/article_lc/LEGIARTI000037256572
d73-609-43-8,decret_73_609,Décret n° 73-609,43-8,Titre I : Préparation et nomination aux fonctions de notaire > Chapitre II : Formation professionnelle aux fonctions de notaire. > Section VIII :  La formation professionnelle continue des notaires,,"La formation professionnelle continue prévue par l'article 1er quater de l' ordonnance du 2 novembre 1945 susvisée assure la mise à jour et le perfectionnement des connaissances nécessaires à l'exercice de sa profession par le notaire. La durée de la formation continue est de trente heures au cours d'une année civile ou de soixante heures au cours de deux années consécutives. L'obligation de formation continue est satisfaite : 1° Par la participation à des actions de formation, à caractère juridique ou professionnel, dispensées par l'Institut national des formations notariales ou les établissements universitaires ; 2° Par la participation à des formations, habilitées par le Conseil supérieur du notariat, après avis de l'Institut national des formations notariales, dispensées par des notaires ou des établissements d'enseignement ; 3° Par l'assistance à des colloques ou à des conférences à caractère juridique ayant un lien avec l'activité professionnelle de notaire, notamment ceux organisés à l'initiative des conseils régionaux de notaires ; 4° Par le fait de dispenser des enseignements à caractère juridique ayant un lien avec l'activité professionnelle de notaire, dans un cadre universitaire ou professionnel ; 5° Par la publication de travaux à caractère juridique. Au cours des deux premières années d'exercice professionnel, cette formation inclut vingt heures au moins portant sur la gestion d'un office, la déontologie et le statut professionnel. Toutefois, au cours de cette même période, les personnes mentionnées à l'article 4 consacrent la totalité de leur obligation de formation à ces matières. A l'issue d'une période de quatre ans d'exercice professionnel, les titulaires d'une ou plusieurs mentions de spécialisation prévues à l'article 43-1 doivent avoir consacré le quart de la durée de leur formation continue à ce ou ces domaines de spécialisation. Les décisions déterminant les modalités de mise en œuvre des dispositions du présent article prises par le Conseil supérieur du notariat sont notifiées au garde des sceaux, ministre de la justice, et aux conseils régionaux des notaires dans le délai de trente jours.",VIGUEUR,2018-10-01,2999-01-01,LEGIARTI000037256578,https://www.legifrance.gouv.fr/codes/article_lc/LEGIARTI000037256578
d73-609-61,decret_73_609,Décret n° 73-609,61,Titre II : Formation professionnelle des collaborateurs des offices de notaire > Chapitre Ier : Attributions de l'Institut national des formations notariales,,"L'Institut national des formations notariales peut participer aux enseignements dispensés au sein des universités en vue du diplôme universitaire de technologie ""carrières juridiques"".",VIGUEUR,2018-10-01,2999-01-01,LEGIARTI000037256587,https://www.legifrance.gouv.fr/codes/article_lc/LEGIARTI000037256587
d73-609-62,decret_73_609,Décret n° 73-609,62,Titre II : Formation professionnelle des collaborateurs des offices de notaire > Chapitre Ier : Attributions de l'Institut national des formations notariales,,"L'Institut national des formations notariales admet à suivre tout ou partie de ses enseignements : 1° Du brevet de technicien supérieur ""notariat"", les personnes titulaires du baccalauréat ou d'un titre ou diplôme inscrit au niveau IV du répertoire national des certifications professionnelles, ou du diplôme d'accès aux études universitaires ou d'un diplôme reconnu équivalent ; 2° Du diplôme des métiers du notariat, les personnes titulaires d'une licence professionnelle ""métiers du notariat"" ou de tout autre diplôme reconnu équivalent par arrêté conjoint du garde des sceaux, ministre de la justice, et du ministre chargé de l'enseignement supérieur. L'Institut national des formations notariales peut admettre comme auditeurs libres, outre les membres du personnel des offices de notaire, les membres et le personnel des professions judiciaires et juridiques ainsi que les membres et le personnel d'autres professions dont les activités sont en rapport avec celles de la profession notariale.",VIGUEUR,2018-10-01,2999-01-01,LEGIARTI000037256589,https://www.legifrance.gouv.fr/codes/article_lc/LEGIARTI000037256589
d73-609-63,decret_73_609,Décret n° 73-609,63,Titre II : Formation professionnelle des collaborateurs des offices de notaire > Chapitre Ier : Attributions de l'Institut national des formations notariales,,"Il peut être fait appel, pour les enseignements, à la collaboration de l'université et des magistrats. Les conditions d'une coopération entre les universités et l'Institut national des formations notariales sont définies par des conventions de coopération passées conformément aux dispositions de l'article L. 718-16 du code de l'éducation. Des conventions peuvent aussi intervenir entre l'Institut national des formations notariales et d'autres organismes d'enseignement professionnel publics ou privés.",VIGUEUR,2018-10-01,2999-01-01,LEGIARTI000037256591,https://www.legifrance.gouv.fr/codes/article_lc/LEGIARTI000037256591
d73-609-74,decret_73_609,Décret n° 73-609,74,Titre II : Formation professionnelle des collaborateurs des offices de notaire > Chapitre III : Régime des études sanctionnées par le diplôme des métiers du notariat,,"Les personnes titulaires d'une licence professionnelle ""métiers du notariat"" ou de tout autre diplôme reconnu équivalent par arrêté conjoint du garde des sceaux, ministre de la justice, et du ministre chargé de l'enseignement supérieur, ou d'une licence en droit et qui ont suivi l'année de formation prévue au 3° de l'article 60 dispensée par l'Institut national des formations notariales sont admises à se présenter aux épreuves de l'examen du diplôme des métiers du notariat.",VIGUEUR,2018-10-01,2999-01-01,LEGIARTI000037256609,https://www.legifrance.gouv.fr/codes/article_lc/LEGIARTI000037256609
d73-609-75,decret_73_609,Décret n° 73-609,75,Titre II : Formation professionnelle des collaborateurs des offices de notaire > Chapitre III : Régime des études sanctionnées par le diplôme des métiers du notariat,,"Les modalités d'application des dispositions réglementaires relatives au régime de l'année de formation prévue au 3° de l'article 60 sont précisées par le règlement intérieur de l'Institut national des formations notariales approuvé par le garde des sceaux, ministre de la justice.",VIGUEUR,2018-10-01,2999-01-01,LEGIARTI000037256611,https://www.legifrance.gouv.fr/codes/article_lc/LEGIARTI000037256611
d73-609-77,decret_73_609,Décret n° 73-609,77,Titre II : Formation professionnelle des collaborateurs des offices de notaire > Chapitre III : Régime des études sanctionnées par le diplôme des métiers du notariat,,"Les épreuves du diplôme des métiers du notariat ont lieu au moins une fois par an dans le site d'enseignement où les enseignements ont été suivis ou dans un site situé à proximité désigné comme centre d'examen par le conseil d'administration de l'Institut national des formations notariales. Les personnes ayant suivi la formation à distance, en application de l'article 89, subissent l'examen dans le centre d'examen désigné par le conseil d'administration de l'Institut national des formations notariales. Le programme et les modalités de ces épreuves sont fixés par l'Institut national des formations notariales sous réserve de l'approbation du garde des sceaux, ministre de la justice. Dans chaque centre d'examen, les épreuves sont subies devant un jury prévu à l'article 78.",VIGUEUR,2018-10-01,2999-01-01,LEGIARTI000037256614,https://www.legifrance.gouv.fr/codes/article_lc/LEGIARTI000037256614
d73-609-79,decret_73_609,Décret n° 73-609,79,Titre II : Formation professionnelle des collaborateurs des offices de notaire > Chapitre III : Régime des études sanctionnées par le diplôme des métiers du notariat,,L'organisation matérielle des épreuves du diplôme des métiers du notariat est assurée par l'Institut national des formations notariales. Le succès à l'examen donne droit à la délivrance du diplôme des métiers du notariat par l'Institut national des formations notariales.,VIGUEUR,2018-10-01,2999-01-01,LEGIARTI000037256618,https://www.legifrance.gouv.fr/codes/article_lc/LEGIARTI000037256618
d73-609-87,decret_73_609,Décret n° 73-609,87,Titre III : L'enseignement à distance,,L'Institut national des formations notariales organise un enseignement à distance dans le cadre de la formation professionnelle initiale et continue des notaires et des collaborateurs des offices de notaires. Les modalités de cet enseignement à distance sont précisées dans le règlement intérieur de l'Institut national des formations notariales prévu à l'article 102.,VIGUEUR,2018-10-01,2999-01-01,LEGIARTI000037256622,https://www.legifrance.gouv.fr/codes/article_lc/LEGIARTI000037256622
d73-609-89,decret_73_609,Décret n° 73-609,89,Titre III : L'enseignement à distance,,Les personnes qui désirent suivre à distance tout ou partie des enseignements de la formation professionnelle initiale doivent y être autorisées par le directeur général de l'Institut national des formations notariales. Cette autorisation est accordée aux personnes qui justifient ne pas pouvoir suivre régulièrement les enseignements dans les sites dédiés.,VIGUEUR,2018-10-01,2999-01-01,LEGIARTI000037256625,https://www.legifrance.gouv.fr/codes/article_lc/LEGIARTI000037256625
d73-609-91,decret_73_609,Décret n° 73-609,91,Titre III : L'enseignement à distance,,L'Institut national des formations notariales peut admettre à suivre certains de ses enseignements à distance les membres et le personnel des autres professions judiciaires et juridiques ainsi que les membres et le personnel d'autres professions dont les activités sont en rapport avec celles de la profession notariale.,VIGUEUR,2018-10-01,2999-01-01,LEGIARTI000037256627,https://www.legifrance.gouv.fr/codes/article_lc/LEGIARTI000037256627
d73-609-106,decret_73_609,Décret n° 73-609,106,Titre V : Financement de la formation professionnelle.,,"L'Institut national des formations notariales peut recevoir, en vertu de conventions, des sommes provenant de versements faits par les notaires au titre de l'article 14 de la loi susvisée du 16 juillet 1971. Ces sommes ne peuvent être affectées qu'aux actions de formation continue des notaires et de leurs collaborateurs.",VIGUEUR,2018-10-01,2999-01-01,LEGIARTI000037256666,https://www.legifrance.gouv.fr/codes/article_lc/LEGIARTI000037256666
d73-609-50,decret_73_609,Décret n° 73-609,50,Titre I : Préparation et nomination aux fonctions de notaire > Chapitre III : Nomination aux offices de notaire. > Section II : Nomination dans un office créé ou dans un office vacant > Paragraphe 1 : Nomination aux offices créés.,,"Les demandes portant sur des zones mentionnées au I de l'article 52 de la loi n° 2015-990 du 6 août 2015 pour la croissance, l'activité et l'égalité des chances économiques peuvent être déposées à compter du premier jour ouvré du deuxième mois suivant la publication de la carte prévue à cet article, à 14 heures (heure de Paris), et durant un délai de dix-huit mois à compter de cette date. Les demandes portant sur des zones mentionnées au III de l'article 52 de la loi n° 2015-990 du 6 août 2015 susmentionnée peuvent être déposées à compter du premier jour ouvré du huitième mois suivant la publication de la carte prévue à cet article, à 14 heures (heure de Paris), et durant un délai de douze mois à compter de cette date.",VIGUEUR,2018-11-12,2999-01-01,LEGIARTI000037602125,https://www.legifrance.gouv.fr/codes/article_lc/LEGIARTI000037602125
d73-609-7-2,decret_73_609,Décret n° 73-609,7-2,Titre I : Préparation et nomination aux fonctions de notaire > Chapitre I : Conditions générales d'aptitude aux fonctions de notaire.,,"Les demandes de dispense et d'admission prévues aux articles 4, 5, 7 et 7-1 sont adressées à l'Institut national des formations notariales, par téléprocédure. L'Institut national des formations notariales en informe le bureau du Conseil supérieur du notariat qui peut formuler des observations.",VIGUEUR,2021-01-01,2999-01-01,LEGIARTI000042180850,https://www.legifrance.gouv.fr/codes/article_lc/LEGIARTI000042180850
d73-609-7,decret_73_609,Décret n° 73-609,7,Titre I : Préparation et nomination aux fonctions de notaire > Chapitre I : Conditions générales d'aptitude aux fonctions de notaire.,,"I.-Les personnes titulaires du diplôme de premier clerc de notaire ou du diplôme des métiers du notariat depuis au moins six ans sont dispensées des conditions prévues aux 5° et 6° de l'article 3 dès lors qu'elles ont exercé pendant neuf années au moins des activités professionnelles auprès d'un notaire ou pendant cinq années au moins des activités professionnelles auprès d'un notaire et pendant quatre années au moins, des activités professionnelles dans un organisme statutaire du notariat, ou dans un organisme notarial d'enseignement ou de recherche. Les personnes titulaires de l'un des diplômes prévus au 5° de l'article 3 ainsi que du diplôme de premier clerc de notaire ou du diplôme des métiers du notariat depuis au moins quatre ans sont dispensées de la condition prévue au 6° de l'article 3, dès lors qu'elles ont exercé pendant quatre années au moins des activités professionnelles auprès d'un notaire ou pendant deux années au moins des activités professionnelles auprès d'un notaire et pendant deux années au moins, des activités professionnelles dans un organisme statutaire du notariat, ou dans un organisme notarial d'enseignement ou de recherche. Sont également dispensées de la condition prévue au 6° de l'article 3 les personnes remplissant la condition prévue au 5° du même article, qui ont effectué au moins six ans de stage dans un office de notaire et qui ont subi avec succès les épreuves écrites de la partie finale de l'examen d'aptitude aux fonctions de notaire prévu par les articles 35 à 40 du présent décret dans la rédaction antérieure à celle que lui a donnée le décret n° 89-399 du 20 juin 1989 modifiant le décret n° 73-609 du 5 juillet 1973 relatif à la formation professionnelle dans le notariat et aux conditions d'accès aux fonctions de notaire. Les personnes visées aux alinéas précédents doivent, en outre, avoir subi avec succès les épreuves d'un examen de contrôle des connaissances techniques devant le jury national prévu à l'article 6. Le programme et les modalités de cet examen sont arrêtés par l'Institut national des formations notariales après consultation du bureau du Conseil supérieur du notariat et de l'Institut national des formations notariales. Cet examen comporte notamment une épreuve permettant d'évaluer les connaissances de l'intéressé en matière de gestion d'un office de notaire, de déontologie et de discipline notariales. II.-Nul ne peut se présenter aux épreuves de l'examen de contrôle des connaissances techniques s'il n'a suivi la préparation dispensée à cette fin par l'Institut national des formations notariales dont les modalités et le programme pédagogique d'enseignement sont définis par arrêté du garde des sceaux après avis du bureau du Conseil supérieur du notariat et de l'Institut national des formations notariales. Ce programme d'enseignement inclut un module consacré à la gestion d'un office de notaire, la déontologie et la discipline notariales. La préparation mentionnée au premier alinéa du présent II peut être suivie dans les deux ans qui précèdent la possibilité pour les candidats de se présenter à l'examen de contrôle des connaissances techniques. Une préparation acquise demeure valable jusqu'à l'expiration de la troisième année civile qui suit celle de sa validation. L'admission à subir les épreuves de l'examen est prononcée par le garde des sceaux, ministre de la justice. Nul ne peut se présenter plus de trois fois à l'examen de contrôle des connaissances techniques. Un certificat d'aptitude aux fonctions de notaire est décerné aux personnes ayant subi avec succès l'examen de contrôle des connaissances prévu au présent article. III.-Pour l'application de l'avant-dernier alinéa du II, les présentations à l'examen de contrôle des connaissances techniques antérieures au 11 juin 2008 ne sont prises en compte que si elles sont intervenues au cours de trois sessions consécutives.",VIGUEUR,2021-01-01,2999-01-01,LEGIARTI000042180856,https://www.legifrance.gouv.fr/codes/article_lc/LEGIARTI000042180856
d73-609-5,decret_73_609,Décret n° 73-609,5,Titre I : Préparation et nomination aux fonctions de notaire > Chapitre I : Conditions générales d'aptitude aux fonctions de notaire.,,"La durée de pratique professionnelle prévue à l'article précédent est fixée par le garde des sceaux, ministre de la justice. Elle ne peut être inférieure à un an. L'Institut national des formations notariales peut, après avis du bureau du Conseil supérieur du notariat, décider qu'il y a lieu de faire subir à l'intéressé un examen de contrôle des connaissances techniques. Le programme et les modalités de cet examen sont arrêtés par le garde des sceaux, ministre de la justice, qui consulte préalablement le bureau du Conseil supérieur du notariat et l'Institut national des formations notariales. Cet examen comporte notamment une épreuve permettant d'évaluer les connaissances de l'intéressé en matière de gestion d'un office de notaire, de déontologie et de discipline notariales. Nul ne peut se présenter plus de trois fois à l'examen de contrôle des connaissances techniques.",VIGUEUR,2021-01-01,2999-01-01,LEGIARTI000042180860,https://www.legifrance.gouv.fr/codes/article_lc/LEGIARTI000042180860
d73-609-53,decret_73_609,Décret n° 73-609,53,Titre I : Préparation et nomination aux fonctions de notaire > Chapitre III : Nomination aux offices de notaire. > Section II : Nomination dans un office créé ou dans un office vacant > Paragraphe 1 : Nomination aux offices créés.,,"Dans les zones mentionnées au I de l'article 52 de la loi n° 2015-990 du 6 août 2015 susmentionnée, le garde des sceaux, ministre de la justice, nomme les demandeurs au regard des recommandations dont est assortie la carte et suivant l'ordre d'enregistrement de leur demande. Toutefois, lorsque le nombre des demandes de création d'office enregistrées dans les vingt-quatre heures suivant la date d'ouverture du dépôt des demandes précisée à l'article 50 du présent décret est supérieur, pour une même zone, aux recommandations, l'ordre de ces demandes est déterminé par tirage au sort en présence d'un représentant du Conseil supérieur du notariat dans les conditions prévues par un arrêté du garde des sceaux, ministre de la justice. Ces tirages au sort ne peuvent être effectués qu'à l'issue du délai de deux mois après la date d'ouverture des candidatures prévu au cinquième alinéa de l'article 52. Lorsqu'une demande est tirée au sort, le demandeur indique, par téléprocédure sur le site internet du ministère de la justice, selon des modalités fixées par arrêté du garde des sceaux, s'il maintient sa demande dans un délai de dix jours francs suivant la publication du procès-verbal du tirage au sort. Passé ce délai, il est réputé avoir y avoir renoncé. Cette renonciation entraîne la caducité de l'ensemble des demandes de création d'office déposées par l'intéressé en application du I de l'article 52 de la loi n° 2015-990 du 6 août 2015 susmentionnée.",VIGUEUR,2021-08-27,2999-01-01,LEGIARTI000042198433,https://www.legifrance.gouv.fr/codes/article_lc/LEGIARTI000042198433
d73-609-113,decret_73_609,Décret n° 73-609,113,"Titre VI : Préparation et nomination aux fonctions de notaire dans les départements du Haut-Rhin, du Bas-Rhin et de la Moselle > Chapitre I : Conditions d'aptitude.",,"La liste des candidats admis à concourir est arrêtée par le garde des sceaux, ministre de la justice, et publiée au Journal officiel. Seuls peuvent être admis à se présenter au concours les candidats qui remplissent la condition prévue au 6° de l'article 3 ou qui en sont dispensés et qui ont en outre accompli les deux années de stage ou de pratique professionnelle dans un office de notaire des Cours d'appel de Colmar ou de Metz. Nul ne peut être admis à se présenter après trois échecs.",VIGUEUR,2020-12-13,2999-01-01,LEGIARTI000042663860,https://www.legifrance.gouv.fr/codes/article_lc/LEGIARTI000042663860
d73-609-55-1,decret_73_609,Décret n° 73-609,55-1,Titre I : Préparation et nomination aux fonctions de notaire > Chapitre III : Nomination aux offices de notaire. > Section II : Nomination dans un office créé ou dans un office vacant > Paragraphe 1 : Nomination aux offices créés.,,"Lorsque le demandeur nommé à un office créé est déclaré démissionnaire en application au I de l'article 61 du décret n° 2022-900 du 17 juin 2022 relatif à la déontologie et à la discipline des officiers ministériels, l'office créé auquel il avait été nommé est supprimé par arrêté du garde des sceaux, ministre de la justice.",VIGUEUR,2022-07-01,2999-01-01,LEGIARTI000045937315,https://www.legifrance.gouv.fr/codes/article_lc/LEGIARTI000045937315
d73-609-3,decret_73_609,Décret n° 73-609,3,Titre I : Préparation et nomination aux fonctions de notaire > Chapitre I : Conditions générales d'aptitude aux fonctions de notaire.,,"Nul ne peut être nommé notaire s'il ne remplit les conditions suivantes : 1° Etre français ou ressortissant d'un autre Etat membre de l'Union européenne ou d'un autre Etat partie à l'accord sur l'Espace économique européen ; 2° N'avoir pas été l'auteur de faits contraires à l'honneur et à la probité ; 3° N'avoir pas été l'auteur d'agissements de même nature ayant donné lieu à mise à la retraite d'office ou à une sanction disciplinaire ou administrative de destitution, radiation, révocation, retrait d'agrément ou d'autorisation ; 4° N'avoir pas été frappé de faillite personnelle ou de l'interdiction prévue à l'article L. 653-8 du code de commerce ; 5° Avoir obtenu un diplôme national de master en droit ou l'un des diplômes admis en dispense pour l'exercice de la profession de notaire par arrêté conjoint du garde des sceaux, ministre de la justice, et du ministre chargé de l'enseignement supérieur ; 6° Etre titulaire du diplôme d'études supérieures de notariat, du diplôme de notaire ou du diplôme supérieur de notariat.",VIGUEUR,2022-10-09,2999-01-01,LEGIARTI000046387343,https://www.legifrance.gouv.fr/codes/article_lc/LEGIARTI000046387343
d73-609-6,decret_73_609,Décret n° 73-609,6,Titre I : Préparation et nomination aux fonctions de notaire > Chapitre I : Conditions générales d'aptitude aux fonctions de notaire.,,"Les épreuves de l'examen de contrôle sont subies devant un jury national composé ainsi qu'il suit : Un magistrat de l'ordre judiciaire en activité ou honoraire, président ; Un professeur des universités ou un maître de conférences chargé d'un enseignement juridique, en activité ou émérite ; Deux notaires exerçant à titre individuel ou en qualité d'associé ; Un notaire salarié ou un collaborateur des offices de notaire, qu'il soit ou non en activité, remplissant les conditions d'aptitude exigées pour être nommé notaire. En cas de partage égal des voix, celle du président est prépondérante. Les membres du jury sont désignés par arrêté du garde des sceaux, ministre de la justice, sur proposition, en ce qui concerne le professeur ou le maître de conférences, du ministre chargé de l'enseignement supérieur et après avis, en ce qui concerne respectivement les notaires exerçant à titre individuel ou en qualité d'associé, le notaire salarié ou le collaborateur, du conseil supérieur du notariat et des organisations syndicales les plus représentatives. Des membres suppléants sont désignés en nombre égal dans les mêmes conditions. Le président et les membres du jury sont nommés pour une durée de trois ans, renouvelable deux fois. Toutefois, si un membre du jury vient à cesser ses fonctions avant l'expiration de la durée normale de son mandat, il est pourvu, dans le délai de trois mois, à son remplacement. En ce cas, les fonctions du nouveau membre expirent à la date à laquelle auraient cessé celles du membre qu'il a remplacé.",VIGUEUR,2022-10-09,2999-01-01,LEGIARTI000046387348,https://www.legifrance.gouv.fr/codes/article_lc/LEGIARTI000046387348
d73-609-7-1,decret_73_609,Décret n° 73-609,7-1,Titre I : Préparation et nomination aux fonctions de notaire > Chapitre I : Conditions générales d'aptitude aux fonctions de notaire.,,"Peuvent être nommées notaires sans remplir les conditions de diplôme, de stage ou d'examens professionnels prévues à l'article 3 les personnes qui ont suivi avec succès un cycle d'études postsecondaires d'une durée minimale de trois ans, ou d'une durée équivalente à temps partiel dans une université ou dans un établissement d'enseignement supérieur ou dans un autre établissement d'un niveau équivalent de formation et, le cas échéant, la formation professionnelle requise en plus de ce cycle d'études et qui justifient : 1° De diplômes, certificats ou autres titres permettant l'exercice de la profession dans un Etat membre de l'Union européenne ou dans un autre Etat partie à l'accord sur l'Espace économique européen délivrés : a) Soit par l'autorité compétente de cet Etat et sanctionnant une formation acquise de façon prépondérante dans l'Espace économique européen ; b) Soit par un pays tiers, à condition que soit fournie une attestation émanant de l'autorité compétente de l'Etat membre ou partie qui a reconnu les diplômes, certificats ou autres titres certifiant que leur titulaire a une expérience professionnelle de trois ans au moins dans cet Etat ; 2° Ou de l'exercice à plein temps de la profession pendant deux ans au moins au cours des dix années précédentes dans un Etat membre ou partie qui ne réglemente pas l'accès ou l'exercice de cette profession à condition que cet exercice soit attesté par l'autorité compétente de cet Etat. Toutefois, la condition d'une expérience professionnelle de deux ans n'est pas exigée lorsque le ou les titres de formation détenus par le demandeur sanctionnent une formation réglementée directement orientée vers l'exercice de la profession. Sauf si les connaissances qu'il a acquises au cours de son expérience professionnelle sont de nature à rendre cette vérification inutile, l'intéressé doit subir devant le jury prévu à l'article 6 un examen d'aptitude dont le programme et les modalités sont fixés par arrêté du garde des sceaux, ministre de la justice : 1° Lorsque sa formation porte sur des matières substantiellement différentes de celles qui figurent aux programmes des diplômes et des examens professionnels mentionnés à l'article 3 ; 2° Ou lorsqu'une ou plusieurs des activités professionnelles dont l'exercice est subordonné à la possession de ces diplômes et examens ne sont pas réglementées dans l'Etat membre d'origine ou de provenance ou sont réglementées de manière différente et que cette différence est caractérisée par une formation spécifique requise dans l'Etat membre d'accueil portant sur des matières substantiellement différentes de celles couvertes par le diplôme dont le demandeur fait état. La liste des candidats admis à se présenter à cet examen est, après avis du bureau du Conseil supérieur du notariat, établie par l'Institut national des formations notariales. Sa décision précise, le cas échéant, les matières sur lesquelles les candidats doivent être interrogés compte tenu de leur formation initiale et de leur expérience professionnelle. Nul ne peut se présenter plus de trois fois à l'examen d'aptitude.",VIGUEUR,2022-10-09,2999-01-01,LEGIARTI000046387351,https://www.legifrance.gouv.fr/codes/article_lc/LEGIARTI000046387351
d73-609-25,decret_73_609,Décret n° 73-609,25,Titre I : Préparation et nomination aux fonctions de notaire > Chapitre II : Formation professionnelle aux fonctions de notaire. > Section I : Les études supérieures de notariat,,"Les personnes titulaires d'un des diplômes mentionnés au 6° de l'article 3 qui exercent une activité dans un office de notaire, sans avoir été nommées notaire, portent le titre de notaire assistant.",VIGUEUR,2024-09-01,2999-01-01,LEGIARTI000046387359,https://www.legifrance.gouv.fr/codes/article_lc/LEGIARTI000046387359
d73-609-24,decret_73_609,Décret n° 73-609,24,Titre I : Préparation et nomination aux fonctions de notaire > Chapitre II : Formation professionnelle aux fonctions de notaire. > Section I : Les études supérieures de notariat,,"Le conseil d'administration de l'Institut national des formations notariales siégeant en commission disciplinaire peut, saisi par le directeur général, infliger à l'élève notaire une des sanctions suivantes : 1° L'avertissement ; 2° Le blâme ; 3° L'exclusion temporaire de la formation pour une durée maximum de deux ans ; 4° L'exclusion définitive de l'établissement. Le président de la commission disciplinaire informe l'intéressé des faits qui lui sont reprochés et assure le contradictoire en lui remettant l'intégralité des pièces composant le dossier de saisine et en l'invitant à produire, dans un délai qui ne peut être inférieur à quinze jours, ses observations écrites. Il convoque l'intéressé devant la commission afin qu'il puisse présenter ses observations orales. Cette convocation est reçue sept jours au moins avant la date à laquelle se tient la séance. Elle mentionne le droit, pour l'intéressé, de présenter des observations orales pendant la séance, le cas échéant par le conseil de son choix. Le règlement intérieur de l'Institut national des formations notariales prévu à l'article 102 précise, en tant que de besoin, la procédure prévue au présent article. La procédure prévue au présent article ne peut être engagée lorsque la procédure disciplinaire prévue au titre Ier du livre VIII de la troisième partie du code de l'éducation est mise en œuvre pour les mêmes faits.",VIGUEUR,2024-09-01,2999-01-01,LEGIARTI000046387361,https://www.legifrance.gouv.fr/codes/article_lc/LEGIARTI000046387361
d73-609-23,decret_73_609,Décret n° 73-609,23,Titre I : Préparation et nomination aux fonctions de notaire > Chapitre II : Formation professionnelle aux fonctions de notaire. > Section I : Les études supérieures de notariat,,"Le directeur général de l'Institut national des formations notariales peut suspendre le déroulement du stage dans le cas où le stagiaire méconnaît gravement ses obligations ou commet des faits qui mettent en cause sa probité. Il en avise sans délai le stagiaire, son maître de stage, ainsi que le conseil d'administration de l'Institut national des formations notariales. Cette suspension est prise pour une durée maximale de deux mois ou, lorsqu'une procédure disciplinaire a été engagée, jusqu'au terme de celle-ci.",VIGUEUR,2024-09-01,2999-01-01,LEGIARTI000046387365,https://www.legifrance.gouv.fr/codes/article_lc/LEGIARTI000046387365
d73-609-22,decret_73_609,Décret n° 73-609,22,Titre I : Préparation et nomination aux fonctions de notaire > Chapitre II : Formation professionnelle aux fonctions de notaire. > Section I : Les études supérieures de notariat,,"I.-Lors de leur stage, les étudiants portent le titre de notaire stagiaire. Ils sont inscrits sur un registre de stage, tenu à jour par l'Institut national des formations notariales. Le garde des sceaux, ministre de la justice, peut à tout moment demander communication de ce registre. II.-Le stagiaire participe à l'activité du maître de stage sous la direction et la responsabilité de celui-ci, sans pouvoir se substituer à lui pour les actes de sa profession, dans les conditions définies par l'Institut national des formations notariales, après consultation du Conseil supérieur du notariat.",VIGUEUR,2024-09-01,2999-01-01,LEGIARTI000046387369,https://www.legifrance.gouv.fr/codes/article_lc/LEGIARTI000046387369
d73-609-21,decret_73_609,Décret n° 73-609,21,Titre I : Préparation et nomination aux fonctions de notaire > Chapitre II : Formation professionnelle aux fonctions de notaire. > Section I : Les études supérieures de notariat,,"L'Institut national des formations notariales organise l'affectation, le cas échéant avec le concours du Conseil supérieur du notariat, des étudiants qui n'ont pas trouvé de stage, prévu à l'article 20, dans un office de notaire.",VIGUEUR,2024-09-01,2999-01-01,LEGIARTI000046387373,https://www.legifrance.gouv.fr/codes/article_lc/LEGIARTI000046387373
d73-609-20,decret_73_609,Décret n° 73-609,20,Titre I : Préparation et nomination aux fonctions de notaire > Chapitre II : Formation professionnelle aux fonctions de notaire. > Section I : Les études supérieures de notariat,,"Les étudiants effectuent leur formation en alternance avec un stage en étude de notaire sur une durée de vingt-quatre mois dans les conditions fixées par l'arrêté mentionné à l'article 9. Ce stage peut, à la demande du stagiaire et pour six mois au maximum, être effectué : 1° Auprès d'un avocat, d'un commissaire de justice, d'un administrateur judiciaire, d'un mandataire judiciaire à la liquidation des entreprises, d'un expert-comptable ou d'un commissaire aux comptes ; 2° Auprès d'une administration publique ou dans le service juridique ou fiscal d'une entreprise ; 3° Dans un organisme professionnel notarial d'enseignement, de documentation, de recherche ou d'assistance technique ; 4° Dans un pays étranger auprès d'une personne exerçant une profession judiciaire ou juridique réglementée. Sur dérogation du conseil d'administration de l'Institut national des formations notariales, la durée des travaux de pratique professionnelle effectués dans un pays étranger peut être portée de six mois à un an au maximum.",VIGUEUR,2024-09-01,2999-01-01,LEGIARTI000046387377,https://www.legifrance.gouv.fr/codes/article_lc/LEGIARTI000046387377
d73-609-19,decret_73_609,Décret n° 73-609,19,Titre I : Préparation et nomination aux fonctions de notaire > Chapitre II : Formation professionnelle aux fonctions de notaire. > Section I : Les études supérieures de notariat,,"Les étudiants peuvent bénéficier d'une période de césure dans les conditions déterminées par l'arrêté prévu à l'article 9. Sous réserve des dispositions de cet arrêté, les dispositions des articles D. 611-13 et suivants du code de l'éducation lui sont applicables. Lors de la période de césure prévue au premier alinéa, l'Institut national des formations notariales peut proposer et mettre en œuvre, notamment par la voie de partenariats, des activités dites de spécialisation, qui peuvent notamment prendre la forme, en France ou à l'étranger, d'expériences professionnelles ou de formations, destinées à apporter aux étudiants des expériences ou compétences complémentaires à la formation.",VIGUEUR,2024-09-01,2999-01-01,LEGIARTI000046387381,https://www.legifrance.gouv.fr/codes/article_lc/LEGIARTI000046387381
d73-609-18,decret_73_609,Décret n° 73-609,18,Titre I : Préparation et nomination aux fonctions de notaire > Chapitre II : Formation professionnelle aux fonctions de notaire. > Section I : Les études supérieures de notariat,,"Le jury des examens est ainsi composé : 1° Deux professeurs des universités ou maîtres de conférences, en activité ou émérites, chargés d'un enseignement juridique ; 2° Deux notaires en activité. En cas de partage égal des voix, celle du président est prépondérante. Le président de l'établissement public d'enseignement supérieur dans le ressort duquel se situe le site d'enseignement et avec lequel l'Institut national des formations notariales a passé convention nomme les personnes mentionnées au 1°. Il désigne parmi elles le président du jury. Les personnes mentionnées au 2° sont nommées par une délibération du conseil d'administration de l'Institut national des formations notariales. La durée du mandat des membres du jury est de trois ans, renouvelable une fois. Toutefois, si un membre du jury vient à cesser ses fonctions avant l'expiration de la durée normale de son mandat, il est pourvu, dans le délai de trois mois, à son remplacement. En ce cas, les fonctions du nouveau membre expirent à la date à laquelle auraient cessé celles du membre qu'il a remplacé. Des suppléants sont désignés en nombre égal et dans les mêmes conditions. Il peut être institué plusieurs jurys pour un même centre d'examen dans des conditions déterminées par les conventions mentionnées à l'article 8. Une même personne ne peut être simultanément membre du jury et de la commission nationale de sélection prévue à l'article 15.",VIGUEUR,2024-09-01,2999-01-01,LEGIARTI000046387385,https://www.legifrance.gouv.fr/codes/article_lc/LEGIARTI000046387385
d73-609-17,decret_73_609,Décret n° 73-609,17,Titre I : Préparation et nomination aux fonctions de notaire > Chapitre II : Formation professionnelle aux fonctions de notaire. > Section I : Les études supérieures de notariat,,"Le directeur général de l'Institut national des formations notariales répartit les candidats admis entre les différents sites d'enseignement, dans la limite des capacités d'accueil définies dans les conventions mentionnées à l'article 8 et en tenant compte des souhaits exprimés par les étudiants.",VIGUEUR,2024-09-01,2999-01-01,LEGIARTI000046387389,https://www.legifrance.gouv.fr/codes/article_lc/LEGIARTI000046387389
d73-609-16,decret_73_609,Décret n° 73-609,16,Titre I : Préparation et nomination aux fonctions de notaire > Chapitre II : Formation professionnelle aux fonctions de notaire. > Section I : L'accès à la formation conduisant à la délivrance du diplôme de notaire,,"La commission nationale de sélection prévue à l'article 15 comprend trois collèges composés comme suit : 1° Douze professeurs des universités ou maîtres de conférences chargés d'un enseignement juridique, en activité ou émérites, nommés sur proposition du ministre chargé de l'enseignement supérieur, dont l'un est le président ; 2° Douze notaires exerçant à titre individuel ou en qualité d'associé, nommés parmi les notaires figurant sur la liste prévue au second alinéa de l'article 11 sur proposition du Conseil supérieur du notariat ; 3° Quatre notaires salariés ou collaborateurs des offices de notaire remplissant les conditions d'aptitude exigées pour être nommé notaire, nommés sur proposition des organisations syndicales les plus représentatives. Des suppléants sont nommés en nombre égal et dans les mêmes conditions. Les membres de la commission nationale de sélection et, parmi eux, le président sont nommés par arrêté du garde des sceaux, ministre de la justice, pour une durée de quatre ans, renouvelable une fois. Toutefois, si un membre de la commission vient à cesser ses fonctions avant l'expiration de la durée normale de son mandat, il est pourvu, dans le délai de trois mois, à son remplacement. En ce cas, les fonctions du nouveau membre expirent à la date à laquelle auraient cessé celles du membre qu'il a remplacé. Si le nombre de candidats le justifie, chacun des collèges peut être complété, respectivement, par des professeurs des universités ou maîtres de conférence chargés d'un enseignement juridique, en activité ou émérites, des notaires exerçant à titre individuel ou en qualité d'associé et des notaires salariés ou collaborateurs d'office de notaire, proposés dans les conditions prévues aux 1° à 3° et nommés par arrêté du garde des sceaux, ministre de la justice. Le président de la commission peut décider de constituer, au sein de la commission, des sous-commissions chargées d'examiner les dossiers de candidature et de procéder à l'audition des candidats. Chaque sous-commission comprend des membres des trois collèges selon les proportions figurant aux 1° à 3°. Dans ce cas, le président désigne le professeur ou, à défaut, le maître de conférence, pour présider la ou les sous-commissions qu'il ne préside pas lui-même. La voix du président de chaque sous-commission est prépondérante en cas d'égalité. Le président de la commission est chargé d'organiser les travaux des sous-commissions et de veiller, afin d'assurer l'égalité des candidats, à l'harmonisation des critères de sélection et à la péréquation des appréciations. Il organise et procède à la délibération finale avec tous les membres de la commission. Il a voix prépondérante en cas d'égalité. Les membres de la commission nationale de sélection sont indemnisés dans les conditions fixées par le conseil d'administration de l'Institut national des formations notariales.",VIGUEUR,2023-09-01,2999-01-01,LEGIARTI000046387392,https://www.legifrance.gouv.fr/codes/article_lc/LEGIARTI000046387392
d73-609-15,decret_73_609,Décret n° 73-609,15,Titre I : Préparation et nomination aux fonctions de notaire > Chapitre II : Formation professionnelle aux fonctions de notaire. > Section I : Les études supérieures de notariat,,"Les candidats ne bénéficiant pas de l'admission de plein droit font l'objet d'une sélection effectuée par une commission nationale de sélection. Les modalités de cette sélection sont définies par un arrêté du garde des sceaux, ministre de la justice, et du ministre chargé de l'enseignement supérieur après avis de l'Institut national des formations notariales. Cette sélection tient compte de la nécessité de garantir la formation d'un nombre de professionnels suffisant pour couvrir les besoins prévisibles en services notariaux.",VIGUEUR,2024-09-01,2999-01-01,LEGIARTI000046387395,https://www.legifrance.gouv.fr/codes/article_lc/LEGIARTI000046387395
d73-609-14,decret_73_609,Décret n° 73-609,14,Titre I : Préparation et nomination aux fonctions de notaire > Chapitre II : Formation professionnelle aux fonctions de notaire. > Section I : Les études supérieures de notariat,,"Un arrêté du garde des sceaux, ministre de la justice, et du ministre chargé de l'enseignement supérieur fixe le cahier des charges du diplôme national de master mentionné à l'article 13.",VIGUEUR,2024-09-01,2999-01-01,LEGIARTI000046387399,https://www.legifrance.gouv.fr/codes/article_lc/LEGIARTI000046387399
d73-609-13,decret_73_609,Décret n° 73-609,13,Titre I : Préparation et nomination aux fonctions de notaire > Chapitre II : Formation professionnelle aux fonctions de notaire. > Section I : Les études supérieures de notariat,,"Sont admis de plein droit à cette formation les candidats titulaires d'un diplôme national de master mention “ droit notarial ” délivré au terme d'une formation qui a fait l'objet d'une convention conclue entre l'établissement public d'enseignement supérieur et l'Institut national des formations notariales dans des conditions fixées par arrêté du garde des sceaux, ministre de la justice, et du ministre de l'enseignement supérieur.",VIGUEUR,2024-09-01,2999-01-01,LEGIARTI000046387403,https://www.legifrance.gouv.fr/codes/article_lc/LEGIARTI000046387403
d73-609-9,decret_73_609,Décret n° 73-609,9,Titre I : Préparation et nomination aux fonctions de notaire > Chapitre II : Formation professionnelle aux fonctions de notaire. > Section I : Les études supérieures de notariat,,"Le diplôme d'études supérieures de notariat est délivré par les établissements publics d'enseignement supérieur mentionnés à l'article 8, dans des conditions fixées par arrêté du garde des sceaux, ministre de la justice, et du ministre chargé de l'enseignement supérieur.",VIGUEUR,2024-09-01,2999-01-01,LEGIARTI000046387407,https://www.legifrance.gouv.fr/codes/article_lc/LEGIARTI000046387407
d73-609-8,decret_73_609,Décret n° 73-609,8,Titre I : Préparation et nomination aux fonctions de notaire > Chapitre II : Formation professionnelle aux fonctions de notaire. > Section I : Les études supérieures de notariat,,"Les études supérieures de notariat sont assurées par l'Institut national des formations notariales et par les établissements publics d'enseignement supérieur qui ont conclu avec lui une convention à cette fin. Cette convention prévoit les modalités d'organisation et d'exercice des compétences partagées entre ces établissements dans des conditions fixées par arrêté du garde des sceaux, ministre de la justice, et du ministre chargé de l'enseignement supérieur.",VIGUEUR,2024-09-01,2999-01-01,LEGIARTI000046387409,https://www.legifrance.gouv.fr/codes/article_lc/LEGIARTI000046387409
d73-609-12,decret_73_609,Décret n° 73-609,12,Titre I : Préparation et nomination aux fonctions de notaire > Chapitre II : Formation professionnelle aux fonctions de notaire. > Section I : L'accès à la formation conduisant à la délivrance du diplôme de notaire,,"Pour être admis à la formation conduisant à la délivrance du diplôme de notaire d'études supérieures de notariat, les candidats doivent être titulaires de l'un des diplômes prévus au 5° de l'article 3.",VIGUEUR,2023-09-01,2999-01-01,LEGIARTI000046387411,https://www.legifrance.gouv.fr/codes/article_lc/LEGIARTI000046387411
d73-609-11,decret_73_609,Décret n° 73-609,11,Titre I : Préparation et nomination aux fonctions de notaire > Chapitre II : Formation professionnelle aux fonctions de notaire. > Section I : L'accès à la formation conduisant à la délivrance du diplôme de notaire,,"Le directeur du diplôme d'études supérieures de notariat et le directeur du site d'enseignement de l'Institut national des formations notariales désignent les membres de l'équipe enseignante selon les modalités fixées par la convention mentionnée à l'article 8. Sur proposition de l'Institut national des formations notariales, le Conseil supérieur du notariat dresse chaque année et tient à jour la liste des notaires habilités à faire partie de l'équipe enseignante.",VIGUEUR,2023-09-01,2999-01-01,LEGIARTI000046387414,https://www.legifrance.gouv.fr/codes/article_lc/LEGIARTI000046387414
d73-609-10,decret_73_609,Décret n° 73-609,10,Titre I : Préparation et nomination aux fonctions de notaire > Chapitre II : Formation professionnelle aux fonctions de notaire. > Section I : L'accès à la formation conduisant à la délivrance du diplôme de notaire,,"Le président de l'établissement signataire de la convention mentionnée à l'article 8 nomme le directeur du diplôme d'études supérieures de notariat, après avis du directeur général de l'Institut national des formations notariales.",VIGUEUR,2023-09-01,2999-01-01,LEGIARTI000046387416,https://www.legifrance.gouv.fr/codes/article_lc/LEGIARTI000046387416
d73-609-43-3,decret_73_609,Décret n° 73-609,43-3,Titre I : Préparation et nomination aux fonctions de notaire > Chapitre II : Formation professionnelle aux fonctions de notaire. > Section II : Les certificats de spécialisation,,"La pratique professionnelle visée à l'article précédent peut avoir été acquise en France ou à l'étranger : 1° Dans un office notarial, dans un organisme statutaire du notariat ou dans un centre de recherches, d'information et de documentation notariale à condition que les fonctions occupées correspondent à la spécialisation demandée ; 2° Dans une autre profession juridique ou judiciaire réglementée ou dans celle d'expert-comptable, dès lors que le contenu des activités exercées correspond à la spécialisation demandée ; 3° Dans une université ou un autre établissement d'enseignement supérieur public ou privé reconnu par l'Etat, en qualité de professeur ou maître de conférences chargé d'un enseignement en rapport avec la spécialisation considérée ; 4° Dans le service juridique d'une administration, d'un service public, d'une entreprise, d'une organisation professionnelle ou d'une organisation internationale comportant au moins trois juristes travaillant dans la spécialisation revendiquée. Elle peut avoir été acquise dans une ou plusieurs des activités mentionnées à l'alinéa précédent, dès lors que leur durée totale est au moins égale à quatre ans. Elle ne peut être acquise pendant la durée du stage prévu à l'article 20 et à l'article 110 du présent décret. Elle peut l'être pendant la durée de pratique professionnelle prévue aux articles 4 et 5. Elle peut aussi résulter, à titre exceptionnel, de travaux ou de publications relatifs à la spécialisation demandée, sur décision prise par le conseil d'administration de l'Institut national des formations notariales.",VIGUEUR,2024-09-01,2999-01-01,LEGIARTI000046387456,https://www.legifrance.gouv.fr/codes/article_lc/LEGIARTI000046387456
d73-609-59,decret_73_609,Décret n° 73-609,59,Titre II : Formation professionnelle des collaborateurs des offices de notaire,,"Les membres du personnel des offices de notaire titulaires de l'un des diplômes mentionnés à l'article 3 (5°) et se préparant soit au diplôme d'études supérieures de notariat, soit au diplôme de notaire, soit au diplôme supérieur de notariat, reçoivent la formation professionnelle prévue au chapitre II du titre Ier. Les membres du personnel des offices de notaire titulaires du diplôme de premier clerc de notaire ou du diplôme des métiers du notariat et se préparant à l'examen de contrôle des connaissances prévu à l'article 7 suivent la préparation obligatoire prévue au même article. Les autres membres du personnel ainsi que les personnes qui se destinent aux emplois de la profession notariale reçoivent la formation professionnelle dispensée soit par l'Institut national des formations notariales, soit par les instituts universitaires de technologie, dans les conditions définies au présent titre.",VIGUEUR,2022-10-09,2999-01-01,LEGIARTI000046387461,https://www.legifrance.gouv.fr/codes/article_lc/LEGIARTI000046387461
d73-609-60,decret_73_609,Décret n° 73-609,60,Titre II : Formation professionnelle des collaborateurs des offices de notaire > Chapitre Ier : Attributions de l'Institut national des formations notariales,,"L'Institut national des formations notariales : 1° Assure un enseignement à plein temps dispensé en deux années d'études théoriques et pratiques préparant au brevet de technicien supérieur ""notariat"" ; 2° Concourt, dans le cadre de conventions passées avec les universités et tout organisme d'enseignement public ou privé à la ou aux formations qu'ils sont appelés à dispenser et notamment aux filières de la licence professionnelle ""métiers du notariat"" ; 3° Assure une formation dispensée en une année d'étude et sanctionnée par le diplôme des métiers du notariat ; 4° (Abrogé) ; 5° Participe à la formation professionnelle permanente des collaborateurs des offices de notaire ; 6° Organise, le cas échéant, tous enseignements techniques répondant aux besoins de la profession. L'enseignement et les formations visés à cet article sont dispensés dans les sites d'enseignement de l'Institut national des formations notariales prévus à l'article 102. La répartition des étudiants entre les différents sites d'enseignement de l'Institut national des formations notariales est décidée par son directeur général en considération des capacités d'accueil des sites et des souhaits exprimés par les étudiants.",VIGUEUR,2024-09-01,2999-01-01,LEGIARTI000046387463,https://www.legifrance.gouv.fr/codes/article_lc/LEGIARTI000046387463
d73-609-109,decret_73_609,Décret n° 73-609,109,Titre V : Financement de la formation professionnelle.,,"Les conditions dans lesquelles sont financées les activités d'enseignement assurées par les établissements publics d'enseignement supérieur en vue de la délivrance d'un diplôme dont l'une des finalités est l'exercice de fonctions notariales, tels que le master mention ou spécialité ""droit notarial"", la licence professionnelle ""métiers du notariat"" et le diplôme d'études supérieures de notariat sont définies par voie de conventions passées entre l'établissement public d'enseignement supérieur intéressé et l'Institut national des formations notariales. Les conditions dans lesquelles sont financées les activités d'enseignement assurées par les universités ou par des organismes d'enseignement ou de formation professionnelle, publics ou privés, sont définies par voie de conventions passées entre l'université et les organismes intéressés et l'Institut national des formations notariales.",VIGUEUR,2022-10-09,2999-01-01,LEGIARTI000046387476,https://www.legifrance.gouv.fr/codes/article_lc/LEGIARTI000046387476
d73-609-110,decret_73_609,Décret n° 73-609,110,"Titre VI : Préparation et nomination aux fonctions de notaire dans les départements du Haut-Rhin, du Bas-Rhin et de la Moselle > Chapitre I : Conditions d'aptitude.",,"Nul ne peut être nommé notaire dans les départements du Haut-Rhin, du Bas-Rhin et de la Moselle s'il ne remplit, outre les conditions générales d'aptitude prévues au chapitre Ier du titre Ier, les conditions particulières suivantes : 1° Avoir accompli : a) Soit trois années du stage selon les modalités prévues à l'article 20 dont au moins deux années de stage dans un ou plusieurs offices de notaire du ressort de la cour d'appel de Colmar ou de Metz ; b) Soit deux années de pratique professionnelle dans un ou plusieurs offices de notaire du ressort de la cour d'appel de Colmar ou de Metz ; 2° Avoir été reçu au concours professionnel défini aux articles suivants sous réserve des dispositions de l'article 24 du décret n° 93-82 du 15 janvier 1993 portant application de l'article 1er ter de l'ordonnance n° 45-2590 du 2 novembre 1945 et relatif aux notaires salariés. Les dispenses de stage accordées en application de l'article 4 ne s'étendent pas aux années de stage devant être accomplies dans un office du ressort de la Cour d'appel de Colmar ou de Metz.",VIGUEUR,2024-09-01,2999-01-01,LEGIARTI000046387478,https://www.legifrance.gouv.fr/codes/article_lc/LEGIARTI000046387478
d73-609-4,decret_73_609,Décret n° 73-609,4,Titre I : Préparation et nomination aux fonctions de notaire > Chapitre I : Conditions générales d'aptitude aux fonctions de notaire.,,"Sont dispensés de la condition de l'article 3 (6°) sous réserve d'une certaine durée de pratique professionnelle dans un office de notaire et, le cas échéant, d'un contrôle de connaissances techniques : 1° Les membres et anciens membres du Conseil d'Etat et de la Cour des comptes, des tribunaux administratifs et des cours administratives d'appel, des chambres régionales des comptes, ainsi que les magistrats et anciens magistrats de l'ordre judiciaire régis par l'ordonnance n° 58-1270 du 22 décembre 1958 ; 2° Les professeurs et anciens professeurs ainsi que les maîtres de conférences et anciens maîtres de conférences de droit ou de sciences économiques ; 3° Les anciens maîtres-assistants, docteurs en droit, ayant accompli postérieurement à leur doctorat cinq années au moins d'enseignement juridique dans un établissement d'enseignement du second degré ou supérieur ; 4° Les anciens avocats à la Cour de cassation et au Conseil d'Etat ayant au moins deux ans de fonctions ; 5° Les anciens avocats et anciens avocats défenseurs ayant été inscrits pendant deux ans au moins au tableau d'un barreau de la métropole, d'un département d'outre-mer, d'une collectivité d'outre-mer ou d'un Etat lié à la France par un accord de coopération ; 6° Les anciens avoués près les cours d'appel ayant au moins deux ans de fonctions ; 7° Les personnes ayant été inscrites pendant au moins deux ans sur une liste de conseils juridiques, ainsi que celles qui, ayant été inscrites sur une telle liste ou le tableau d'un barreau pour une durée inférieure à deux ans, ont bénéficié des dispositions de l'article 49 de la loi n° 71-1130 du 31 décembre 1971 susvisée, dès lors qu'en imputant cette durée d'inscription sur la durée de fonctions exigée par le présent article au titre de la profession dans laquelle elles ont été admises en vertu dudit article 49 elles satisfont à cette dernière condition de durée. 8° Les fonctionnaires de la catégorie A et anciens fonctionnaires de cette catégorie ou les personnes assimilées aux fonctionnaires de cette catégorie ayant exercé pendant au moins cinq ans des activités juridiques ou fiscales dans une administration ou un service public. 9° Les personnes ayant accompli huit années au moins d'exercice professionnel dans le service juridique ou fiscal d'une entreprise publique ou privée employant au moins trois juristes ou dans un centre de recherches, d'information et de documentation notariale. 10° Les anciens syndics et administrateurs judiciaires, les anciens administrateurs judiciaires et mandataires liquidateurs ayant exercé leurs fonctions pendant deux ans au moins. 11° Les anciens commissaires de justice et les anciens greffiers des tribunaux de commerce ayant exercé leurs fonctions pendant au moins cinq ans.",VIGUEUR,2022-10-09,2999-01-01,LEGIARTI000046387484,https://www.legifrance.gouv.fr/codes/article_lc/LEGIARTI000046387484
d73-609-78,decret_73_609,Décret n° 73-609,78,Titre II : Formation professionnelle des collaborateurs des offices de notaire > Chapitre III : Régime des études sanctionnées par le diplôme des métiers du notariat,,"Le jury est composé comme suit : 1° Un magistrat de l'ordre judiciaire, président ; 2° Un professeur des universités ou un maître de conférences chargé d'un enseignement juridique, en activité ou émérite ; 3° Deux notaires exerçant à titre individuel ou en qualité d'associé ; 4° Deux notaires salariés ou collaborateurs des offices de notaire, qu'ils soient ou non en activité, titulaires du diplôme de premier clerc de notaire ou du diplôme des métiers du notariat ou d'un diplôme permettant l'accès aux fonctions de notaire. Le magistrat de l'ordre judiciaire est nommé sur proposition conjointe du premier président de la cour d'appel dans le ressort de laquelle est situé le site d'enseignement et du procureur général près cette même cour. Le professeur des universités en activité ou émérite ou le maître de conférences est nommé sur proposition du président de l'établissement public d'enseignement supérieur dans le ressort duquel se situe le site d'enseignement et avec lequel l'Institut national des formations notariales a passé convention. Lorsque, dans le ressort d'une académie, plusieurs conventions ont été passées avec l'Institut national des formations notariales, le professeur de droit ou le maître de conférences est nommé sur proposition conjointe des présidents des établissements publics d'enseignement supérieur signataires. Les notaires exerçant à titre individuel ou en qualité d'associé sont nommés parmi les notaires figurant sur la liste prévue au second alinéa de l'article 11. Les notaires salariés ou les collaborateurs des offices de notaire sont nommés sur proposition des organisations syndicales les plus représentatives. Le président et les membres du jury sont nommés par une délibération du conseil d'administration de l'Institut national des formations notariales pour une durée de trois ans, renouvelable deux fois. Toutefois, si un membre du jury vient à cesser ses fonctions avant l'expiration de la durée normale de son mandat, il est pourvu, dans le délai de trois mois, à son remplacement. En ce cas, les fonctions du nouveau membre expirent à la date à laquelle auraient cessé celles du membre qu'il a remplacé. Des suppléants sont désignés en nombre égal dans les mêmes conditions. En cas de partage égal des voix, celle du président est prépondérante. Le jury peut s'adjoindre, pour les épreuves orales, des examinateurs spécialisés avec voix consultative. Il peut être institué plusieurs jurys pour un même centre d'examen.",VIGUEUR,2024-09-01,2999-01-01,LEGIARTI000046387532,https://www.legifrance.gouv.fr/codes/article_lc/LEGIARTI000046387532
d73-609-57,decret_73_609,Décret n° 73-609,57,Titre I : Préparation et nomination aux fonctions de notaire > Chapitre III : Nomination aux offices de notaire. > Section III : Entrée en fonctions.,,"Dans le mois de leur nomination, les notaires prêtent serment, devant la cour d'appel, en ces termes : "" Je jure de loyalement remplir mes fonctions avec exactitude et probité et d'observer en tout les devoirs qu'elles m'imposent "". Ils ne peuvent exercer leurs fonctions qu'à compter du jour de leur prestation de serment. Le conseil régional ou interrégional des notaires du ressort informe le Conseil supérieur du notariat de cette prestation de serment.",VIGUEUR,2023-01-01,2999-01-01,LEGIARTI000046912683,https://www.legifrance.gouv.fr/codes/article_lc/LEGIARTI000046912683
d73-609-58-1,decret_73_609,Décret n° 73-609,58-1,Titre I bis : Prolongation d'activité,,"La demande d'autorisation de prolongation d'activité prévue à l'article 2 de la loi du 25 ventôse an XI susvisée est présentée au garde des sceaux, ministre de la justice, par téléprocédure sur le site internet du ministère de la justice, au plus tard deux mois avant le soixante-dixième anniversaire du demandeur, accompagnée de la copie d'une pièce justificative d'identité. En l'absence de décision expresse d'opposition ou de non-opposition du garde des sceaux, ministre de la justice, portée à la connaissance de l'intéressé avant l'expiration d'un délai de deux mois, la demande d'autorisation est réputée avoir fait l'objet d'une décision de non-opposition et l'autorisation est accordée à la date d'expiration de ce délai. Ce délai court à compter de la réception d'une demande dûment complétée et accompagnée de la pièce mentionnée au premier alinéa. Le délai de douze mois prévu pour la prolongation d'activité court à compter du soixante-dixième anniversaire de l'intéressé.",VIGUEUR,2023-03-01,2999-01-01,LEGIARTI000046912686,https://www.legifrance.gouv.fr/codes/article_lc/LEGIARTI000046912686
d73-609-56,decret_73_609,Décret n° 73-609,56,Titre I : Préparation et nomination aux fonctions de notaire > Chapitre III : Nomination aux offices de notaire. > Section II : Nomination dans un office créé ou dans un office vacant > Paragraphe 2 : Nomination aux offices vacants.,,"Lorsqu'il n'a pas été ou qu'il ne peut être pourvu par l'exercice du droit de présentation à un office de notaire dépourvu de titulaire, cet office est déclaré vacant par arrêté du garde des sceaux, ministre de la justice. Cet arrêté ouvre la procédure de candidature aux date et heure qu'il précise. L'article 49 du présent décret est applicable. Les candidatures sont enregistrées dans les formes et accompagnées des pièces mentionnées à l'article 51 du présent décret. La candidature doit être accompagnée d'un engagement de payer l'indemnité fixée par le garde des sceaux, ministre de la justice. Lorsque le candidat doit contracter un emprunt, la demande est accompagnée des éléments permettant d'apprécier ses possibilités financières au regard des engagements contractés. Le garde des sceaux, ministre de la justice, peut solliciter du bureau du Conseil supérieur du notariat toute information dont il dispose permettant d'apprécier les capacités professionnelles et l'honorabilité du candidat. Le bureau fournit ces informations dans un délai de vingt jours suivant réception de la demande. Sous réserve de l'examen des pièces mentionnées au cinquième alinéa du présent article, le garde des sceaux, ministre de la justice, nomme à l'office vacant un candidat suivant l'ordre d'enregistrement des candidatures. Toutefois, lorsque plusieurs candidatures sont enregistrées dans les vingt-quatre heures suivant l'ouverture de la procédure de candidature, l'ordre de ces candidatures est déterminé par tirage au sort en présence d'un représentant du Conseil supérieur du notariat dans les conditions prévues par un arrêté du garde des sceaux, ministre de la justice. En l'absence de candidature ou si aucun candidat ne remplit les conditions de nomination, l'office vacant est intégré au prochain appel à manifestation d'intérêt utile, conformément au II de l'article 52 de la loi n° 2015-990 du 6 août 2015 susmentionnée.",VIGUEUR,2023-01-01,2999-01-01,LEGIARTI000046912688,https://www.legifrance.gouv.fr/codes/article_lc/LEGIARTI000046912688
d73-609-52,decret_73_609,Décret n° 73-609,52,Titre I : Préparation et nomination aux fonctions de notaire > Chapitre III : Nomination aux offices de notaire. > Section II : Nomination dans un office créé ou dans un office vacant > Paragraphe 1 : Nomination aux offices créés.,,"Pour chaque zone fixée par la carte, les demandes sont instruites suivant leur ordre d'enregistrement. En cas de demandes formées par une même personne et portant sur plusieurs zones, l'une quelconque de ses demandes est susceptible de donner lieu à la nomination de son auteur, sans possibilité pour lui d'exprimer un ordre de préférence. Le garde des sceaux, ministre de la justice, peut solliciter du bureau du Conseil supérieur du notariat toute information dont il dispose permettant d'apprécier les capacités professionnelles et l'honorabilité du demandeur. Le bureau fournit ces informations dans un délai de vingt jours suivant réception de la demande. La nomination en qualité de titulaire d'un office ou en qualité d'associé d'une société titulaire d'un office à tout moment de la procédure entraîne la caducité de toute autre demande de nomination sur un office à créer formée par l'intéressé. Les candidats peuvent librement renoncer à une ou plusieurs de leurs demandes de création d'office portant sur les zones mentionnées au I de l'article 52 de la loi n° 2015-990 du 6 août 2015 susmentionnée dans un délai de deux mois suivant la date d'ouverture du dépôt des candidatures prévue au premier alinéa de l'article 50. Passé ce délai, toute renonciation à une ou plusieurs demandes de création d'office portant sur l'une de ces zones entraîne la caducité de l'ensemble des demandes de création d'office déposées par l'intéressé dans lesdites zones. De la même façon, les candidats peuvent librement renoncer à une ou plusieurs de leurs demandes de création d'office portant sur les zones mentionnées au III de l'article 52 de la loi n° 2015-990 du 6 août 2015 susmentionnée dans un délai de deux mois suivant la date d'ouverture du dépôt des candidatures prévue au second alinéa de l'article 50. Passé ce délai, toute renonciation à une ou plusieurs demandes de création d'office portant sur l'une de ces zones entraîne la caducité de l'ensemble des demandes de création d'office déposées par l'intéressé dans lesdites zones. La publication d'une nouvelle carte conformément au cinquième alinéa du I de l'article 52 de la loi n° 2015-990 du 6 août 2015 susmentionnée entraîne la caducité des demandes formées antérieurement.",VIGUEUR,2023-01-01,2999-01-01,LEGIARTI000046912693,https://www.legifrance.gouv.fr/codes/article_lc/LEGIARTI000046912693
d73-609-51,decret_73_609,Décret n° 73-609,51,Titre I : Préparation et nomination aux fonctions de notaire > Chapitre III : Nomination aux offices de notaire. > Section II : Nomination dans un office créé ou dans un office vacant > Paragraphe 1 : Nomination aux offices créés.,,"Les demandes sont enregistrées par téléprocédure sur le site internet du ministère de la justice. Elles sont horodatées. La demande mentionne la zone choisie parmi celles figurant sur la carte susmentionnée et, au sein de cette zone, la commune dans laquelle le demandeur souhaite être nommé. Chaque demandeur, personne physique ou morale, ne peut déposer qu'une seule demande par zone. Une personne physique ne peut demander sa nomination, que ce soit à titre individuel ou en qualité d'associé, qu'une seule fois par zone. Un arrêté du garde des sceaux, ministre de la justice, précise les pièces à produire dans le délai de dix jours à compter de l'enregistrement de la demande. En cas de demande incomplète, le garde des sceaux, ministre de la justice, sollicite les éléments manquants. Si le demandeur ne produit pas ces éléments dans un délai de dix jours à compter de l'envoi de la demande de complément, toutes ses demandes de création d'office présentées en application du I de l'article 52 de la loi du 6 août 2015 susvisée sont caduques.",VIGUEUR,2023-01-01,2999-01-01,LEGIARTI000046912698,https://www.legifrance.gouv.fr/codes/article_lc/LEGIARTI000046912698
d73-609-47,decret_73_609,Décret n° 73-609,47,Titre I : Préparation et nomination aux fonctions de notaire > Chapitre III : Nomination aux offices de notaire. > Section I : Nomination sur présentation.,,"Le garde des sceaux, ministre de la justice, peut solliciter du bureau du Conseil supérieur du notariat toute information dont il dispose permettant d'apprécier les capacités professionnelles et l'honorabilité de l'intéressé. Le bureau fournit ces informations dans un délai de vingt jours suivant réception de la demande.",VIGUEUR,2023-01-01,2999-01-01,LEGIARTI000046912701,https://www.legifrance.gouv.fr/codes/article_lc/LEGIARTI000046912701
d73-609-58,decret_73_609,Décret n° 73-609,58,Titre I : Préparation et nomination aux fonctions de notaire > Chapitre III : Nomination aux offices de notaire. > Section III : Entrée en fonctions.,,"Avant d'entrer en fonctions, les notaires déposent leur signature et leur paraphe au secrétariat-greffe de la cour d'appel du siège de l'office.",VIGUEUR,2024-11-24,2999-01-01,LEGIARTI000050659116,https://www.legifrance.gouv.fr/codes/article_lc/LEGIARTI000050659116
d73-609-94,decret_73_609,Décret n° 73-609,94,Titre IV : L'Institut national des formations notariales,,"L'Institut national des formations notariales est chargé d'exercer, outre les attributions particulières énoncées aux titres Ier, II, III et V, les attributions générales ci-après : 1° Assurer, diriger, coordonner et contrôler les actions de formation initiale des étudiants qui se destinent aux métiers du notariat ; 2° Participer aux concertations relatives à la formation notariale avec les pouvoirs publics, la profession notariale, les universités et les professions dont les activités sont en rapport avec celles de la profession notariale ; 3° Délivrer les diplômes et assurer les enseignements conduisant à la délivrance des diplômes nationaux ; 4° Développer l'enseignement à distance et le recours à de nouveaux modes de formation ; 5° Organiser et contrôler le stage prévu à l'article 20 en liaison avec les employeurs des stagiaires ; 6° Proposer, en accord avec le Conseil supérieur du notariat, les mesures propres à améliorer la formation et l'enseignement professionnel ; 7° Organiser l'enseignement professionnel en vue de la préparation à l'examen de contrôle des connaissances prévu aux articles 5 et 7, soit directement, soit par convention avec d'autres organismes d'enseignement ou de formation, publics ou privés ; 8° Dispenser des formations en droit notarial et techniques professionnelles notariales au profit des notaires et collaborateurs en exercice ainsi que de tout public extérieur à la profession ; 9° Définir et conduire des actions de recherche scientifique et technologique donnant lieu à des publications et à des productions scientifiques et pédagogiques ; 10° Entreprendre des actions de collaboration avec des organismes de recherche ou d'enseignement supérieur français ou étrangers. L'Institut national des formations notariales peut passer toutes conventions utiles en application de la loi du 16 juillet 1971 susvisée.",VIGUEUR,2025-01-01,2999-01-01,LEGIARTI000050922212,https://www.legifrance.gouv.fr/codes/article_lc/LEGIARTI000050922212
d73-609-96,decret_73_609,Décret n° 73-609,96,Titre IV : L'Institut national des formations notariales > Chapitre I : Organisation de l'Institut national des formations notariales,,"I. Sont membres du conseil d'administration, nommés par arrêté du garde des sceaux, ministre de la justice : 1° Un membre du Conseil d'Etat, sur proposition du vice-président du Conseil d'Etat ; 2° Un magistrat de la Cour de cassation, sur proposition du premier président de la Cour de cassation et du procureur général près ladite Cour ; 3° Deux professeurs de droit des universités, en activité ou émérites, sur proposition du ministre chargé de l'enseignement supérieur et de la recherche ; 4° Six notaires exerçant à titre individuel ou en qualité d'associés, dont un au moins est membre du Conseil supérieur du notariat, sur proposition du Conseil supérieur du notariat ; 5° Quatre notaires salariés ou collaborateurs des offices de notaire, qu'ils soient ou non en activité, remplissant les conditions d'aptitude exigées pour être nommés notaires, sur proposition des organisations syndicales les plus représentatives, d'après le nombre de voix recueillies lors des dernières élections ; 6° Un représentant des étudiants, désigné par un conseil de la vie étudiante dont les missions sont définies par le règlement intérieur de l'Institut. Un représentant des directeurs de site, désigné par les directeurs de sites selon les conditions prévues par le règlement intérieur de l'Institut, assiste aux délibérations du conseil d'administration. II. − Nul ne peut être désigné membre du conseil d'administration ni voir son mandat renouvelé s'il est âgé de plus de 70 ans à la date de cette désignation ou de ce renouvellement. III. − Le président du conseil d'administration est nommé par arrêté du garde des sceaux, ministre de la justice, parmi les membres mentionnés aux 1° à 5°. Des membres suppléants sont désignés en nombre égal dans les mêmes conditions. Il peut être mis fin, le cas échéant, dans les mêmes conditions, aux fonctions des membres titulaires et suppléants.",VIGUEUR,2025-01-01,2999-01-01,LEGIARTI000050922214,https://www.legifrance.gouv.fr/codes/article_lc/LEGIARTI000050922214
d73-609-97,decret_73_609,Décret n° 73-609,97,Titre IV : L'Institut national des formations notariales > Chapitre I : Organisation de l'Institut national des formations notariales,,"La durée des fonctions des membres du conseil d'administration est de quatre années, renouvelable à l'exception du représentant des étudiants, dont le mandat est d'un an, renouvelable une fois. Ces fonctions prennent fin de plein droit lorsque leur titulaire cesse d'appartenir à la catégorie au titre de laquelle il a été désigné. Si un membre du conseil d'administration vient à cesser ses fonctions avant l'expiration de la durée normale de son mandat, il est pourvu, dans le délai de trois mois, à son remplacement. En ce cas, les fonctions du nouveau membre expirent à la date à laquelle auraient cessé celles du membre qu'il a remplacé.",VIGUEUR,2025-01-01,2999-01-01,LEGIARTI000050922217,https://www.legifrance.gouv.fr/codes/article_lc/LEGIARTI000050922217
d73-609-99,decret_73_609,Décret n° 73-609,99,Titre IV : L'Institut national des formations notariales > Chapitre I : Organisation de l'Institut national des formations notariales,,Le conseil d'administration désigne parmi ses membres un secrétaire et un trésorier.,VIGUEUR,2025-01-01,2999-01-01,LEGIARTI000050922220,https://www.legifrance.gouv.fr/codes/article_lc/LEGIARTI000050922220
d73-609-100,decret_73_609,Décret n° 73-609,100,Titre IV : L'Institut national des formations notariales > Chapitre II : Fonctionnement de l'Institut national des formations notariales,,"Le conseil d'administration de l'Institut national des formations notariales adopte au nom de celui-ci les avis prévus par le présent décret. Il définit la politique générale de l'Institut et délibère sur : 1° Les projets en matière de formation initiale et continue ainsi que le projet de recherche scientifique de l'Institut ; 2° La création en son sein de comités spécialisés et de commissions consultatives ainsi que, le cas échéant, l'institution d'un comité scientifique ; 3° Les programmes d'investissement ; 4° Le rapport d'activité ; 5° Le budget et les décisions budgétaires modificatives ; 6° Les comptes financiers et les décisions d'affectation des résultats ; 7° L'organisation générale des services de l'Institut ; 8° L'approbation d'accords de coopération et de coordination avec d'autres établissements d'enseignement supérieur ; 9° Les acquisitions, aliénations, échanges d'immeubles et leur affectation et les conditions de conclusion des baux ; 10° Les emprunts, au-delà d'un seuil fixé par délibération du conseil d'administration ; 11° Le règlement intérieur de l'Institut, approuvé par arrêté du garde des sceaux, ministre de la justice ; 12° L'acceptation et le refus des dons et legs ; 13° Les actions en justice et les transactions, sans préjudice des compétences du directeur général mentionnées à l'article 104. Par dérogation aux dispositions prévues au premier alinéa de l'article 98, le conseil d'administration délibère à la majorité des deux tiers des membres présents ou représentés pour les décisions prises sur les sujets mentionnés aux 6°, 9° et 10° du présent article.",VIGUEUR,2025-01-01,2999-01-01,LEGIARTI000050922222,https://www.legifrance.gouv.fr/codes/article_lc/LEGIARTI000050922222
d73-609-101,decret_73_609,Décret n° 73-609,101,Titre IV : L'Institut national des formations notariales > Chapitre II : Fonctionnement de l'Institut national des formations notariales,,"Le conseil d'administration se réunit sur la convocation de son président aussi souvent qu'il est nécessaire et au moins deux fois par an. La convocation est de droit si elle est demandée soit par la majorité des membres, soit par le garde des sceaux, ministre de la justice. Le Conseil supérieur du notariat peut demander au président du conseil d'administration d'inscrire un point à l'ordre du jour. Cette inscription est alors de droit.",VIGUEUR,2025-01-01,2999-01-01,LEGIARTI000050922225,https://www.legifrance.gouv.fr/codes/article_lc/LEGIARTI000050922225
d73-609-104,decret_73_609,Décret n° 73-609,104,Titre IV : L'Institut national des formations notariales > Chapitre II : Fonctionnement de l'Institut national des formations notariales,,"Le directeur général veille au bon fonctionnement de l'Institut national des formations notariales. Il est nommé par le conseil d'administration. Il met en œuvre la mission pédagogique de l'Institut. Il prend toutes les mesures nécessaires à l'exécution des délibérations du conseil d'administration, au fonctionnement de l'établissement et à la discipline intérieure. Il peut représenter l'Institut en France et à l'étranger et négocie les partenariats. Il peut représenter l'établissement dans tous les actes de la vie civile. Il peut entreprendre toute action en justice, à condition d'en informer le conseil d'administration. Il constate et recouvre les recettes et ordonne les dépenses. Il rend compte au conseil d'administration de tous les engagements pris au nom de celui-ci. Il rédige le rapport mentionné au 4° de l'article 100. La fonction de directeur général est incompatible avec celle de membre du conseil d'administration.",VIGUEUR,2025-01-01,2999-01-01,LEGIARTI000050922228,https://www.legifrance.gouv.fr/codes/article_lc/LEGIARTI000050922228
d73-609-105,decret_73_609,Décret n° 73-609,105,Titre V : Financement de la formation professionnelle.,,Les recettes de l'Institut national des formations notariales comprennent : 1° Le montant des droits de scolarité et d'examen ; 2° Les subventions et participations des collectivités publiques et de tous organismes ou institutions de droit public ou de droit privé ; 3° Les dons et legs ; 4° Les produits des rétributions perçues pour services rendus ; 5° Les revenus des biens. Les charges de fonctionnement non couvertes par ces recettes sont inscrites au budget du Conseil supérieur du notariat.,VIGUEUR,2025-01-01,2999-01-01,LEGIARTI000050922230,https://www.legifrance.gouv.fr/codes/article_lc/LEGIARTI000050922230
d73-609-107,decret_73_609,Décret n° 73-609,107,Titre V : Financement de la formation professionnelle.,,"Le Conseil supérieur du notariat se prononce sur le budget prévisionnel de l'Institut national des formations notariales et procède à son contrôle financier. Il adresse un rapport annuel au garde des sceaux, ministre de la justice.",VIGUEUR,2025-01-01,2999-01-01,LEGIARTI000050922232,https://www.legifrance.gouv.fr/codes/article_lc/LEGIARTI000050922232
d73-609-95,decret_73_609,Décret n° 73-609,95,Titre IV : L'Institut national des formations notariales > Chapitre I : Organisation de l'Institut national des formations notariales,,"L'Institut national des formations notariales est un établissement d'utilité publique placé sous le contrôle du garde des sceaux, ministre de la justice. Le conseil d'administration assure par ses délibérations l'administration de l'Institut national des formations notariales, qui est dirigé par un directeur général.",VIGUEUR,2025-01-01,2999-01-01,LEGIARTI000050923711,https://www.legifrance.gouv.fr/codes/article_lc/LEGIARTI000050923711
d73-609-108,decret_73_609,Décret n° 73-609,108,Titre V : Financement de la formation professionnelle.,,"L'Institut national des formations notariales fixe le montant des droits de scolarité et d'examen, ainsi que les conditions dans lesquelles certaines personnes peuvent en être dispensées, pour les formations qu'il assure et pour les examens organisés, notamment, pour la délivrance des certificats de spécialisation en application de la section II. Le montant des droits de scolarité universitaires ainsi que les conditions dans lesquelles certaines personnes peuvent en être dispensées sont fixés par un arrêté du garde des sceaux, ministre de la justice, du ministre chargé de l'enseignement supérieur, et du ministre chargé du budget pris après avis du Conseil supérieur du notariat.",VIGUEUR,2025-01-01,2999-01-01,LEGIARTI000050923713,https://www.legifrance.gouv.fr/codes/article_lc/LEGIARTI000050923713
d73-609-111,decret_73_609,Décret n° 73-609,111,"Titre VI : Préparation et nomination aux fonctions de notaire dans les départements du Haut-Rhin, du Bas-Rhin et de la Moselle > Chapitre I : Conditions d'aptitude.",,"Les épreuves du concours prévu à l'article précédent sont subies devant un jury composé ainsi qu'il suit : 1° Un magistrat appartenant au moins au deuxième grade de la hiérarchie judiciaire, président ; 2° Un professeur de droit des universités ; 3° Un fonctionnaire de catégorie A des services déconcentrés de la direction générale des impôts (enregistrement) ; 4° Trois notaires du ressort de la Cour d'appel de Colmar ou du ressort de la Cour d'appel de Metz, dont un au moins établi dans le département de la Moselle. Les membres du jury sont désignés chaque année par arrêté du garde des sceaux, ministre de la justice. Des suppléants sont désignés en nombre égal dans les mêmes conditions. Toutefois, si un membre vient à cesser ses fonctions avant l'expiration de la durée normale de son mandat, il est pourvu, dans le délai de trois mois, à son remplacement. En ce cas, les fonctions du nouveau membre expirent à la date à laquelle auraient cessé celles du membre qu'il a remplacé.",VIGUEUR,2025-12-01,2999-01-01,LEGIARTI000052490205,https://www.legifrance.gouv.fr/codes/article_lc/LEGIARTI000052490205
juri-23-12151,juri_quasi_usufruit,Cour de cassation,23-12.151,CHAMBRE_COMMERCIALE,"Cour de cassation, civile, Chambre commerciale, 27 novembre 2024, 23-12.151, Publié au bulletin","LA COUR DE CASSATION, CHAMBRE COMMERCIALE, a rendu l'arrêt suivant : COMM. FM COUR DE CASSATION ______________________ Audience publique du 27 novembre 2024 Cassation M. VIGNEAU, président Arrêt n° 723 F-B Pourvoi n° G 23-12.151 R É P U B L I Q U E F R A N Ç A I S E _________________________ AU NOM DU PEUPLE FRANÇAIS _________________________ ARRÊT DE LA COUR DE CASSATION, CHAMBRE COMMERCIALE, FINANCIÈRE ET ÉCONOMIQUE, DU 27 NOVEMBRE 2024 1°/ Le directeur général des finances publiques, domicilié [Adresse 2], 2°/ le directeur régional des finances publiques d'Ile-de-France et du département de Paris, dont le siège est pôle contrôle fiscal et affaires juridiques, pôle juridictionnel judiciaire, [Adresse 1], agissant sous l'autorité du directeur général des finances publiques, ont formé le pourvoi n° G 23-12.151 contre l'arrêt rendu le 15 novembre 2022 par la cour d'appel de Rennes (1re chambre), dans le litige les opposant : 1°/ à M. [V] [U], domicilié [Adresse 5], 2°/ à Mme [D] [U], épouse [C], domiciliée [Adresse 6], défendeurs à la cassation. Les demandeurs invoquent, à l'appui de leur pourvoi, un moyen de cassation. Le dossier a été communiqué au procureur général. Sur le rapport de M. Maigret, conseiller référendaire, les observations de la SCP Foussard et Froger, avocat du directeur général des finances publiques et du directeur régional des finances publiques d'Ile-de-France et du département de Paris, agissant sous l'autorité du directeur général des finances publiques, de la SARL Cabinet Briard, Bonichot et Associés, avocat de M. [V] [U] et Mme [D] [U], après débats en l'audience publique du 8 octobre 2024 où étaient présents M. Vigneau, président, M. Maigret, conseiller référendaire rapporteur, M. Ponsot, conseiller doyen, et Mme Bendjebbour, greffier de chambre, la chambre commerciale, financière et économique de la Cour de cassation, composée des président et conseillers précités, après en avoir délibéré conformément à la loi, a rendu le présent arrêt ; Faits et procédure 1. Selon l'arrêt attaqué (Rennes, 15 novembre 2022), [O] [Y] est décédée le [Date décès 3] 2007, en laissant pour lui succéder son époux, [V] [U], ainsi que leurs deux enfants, [V] [P] et [D] [U], (les consorts [U]). [V] [U] a opté pour l'usufruit sur la totalité des biens de la succession. A l'actif de la communauté, figuraient divers comptes bancaires, parmi lesquels plusieurs comptes titres. 2. [V] [U] est décédé le [Date décès 4] 2016, en laissant pour lui succéder ses deux enfants. Le 27 avril 2017, la déclaration de succession a été enregistrée auprès du service des impôts. Une somme de 168 109,05 euros a été portée au passif de la succession au titre d'une créance de restitution représentative des sommes et éléments figurant sur les comptes bancaires au jour du décès de [O] [U], dont [V] [U] s'était vu attribuer l'usufruit. 3. Le 18 septembre 2017, l'administration fiscale a remis en cause la déduction de la créance de restitution, considérant que les comptes titres figurant à l'actif de la succession de [O] [U] n'avaient pas fait l'objet d'une convention de quasi-usufruit notariée ou enregistrée, réduisant ainsi la créance de restitution de la somme de 168 109,05 euros à celle de 3 806 euros, correspondant aux liquidités. Le 9 février 2018, elle a émis un avis de mise en recouvrement (AMR) pour un montant de 32 860 euros au titre des droits supplémentaires, outre 1 183 euros d'intérêts de retard. 4. Le 11 juillet 2018, l'administration fiscale a rejeté la réclamation contentieuse des consorts [U], lesquels l'ont alors assignée en nullité de la procédure de rectification et, à défaut, en dégrèvement total de l'imposition. Examen du moyen Sur le moyen, pris en sa première branche Enoncé du moyen 5. L'administration fiscale fait grief à l'arrêt de prononcer le dégrèvement total de l'imposition supplémentaire mise à la charge des consorts [U], alors « que le quasi-usufruit conventionnel ne se présumant pas, il doit faire l'objet d'une convention écrite, qu'en conséquence, la déduction de la créance de restitution correspondante n'est permise qu'en présence d'un acte authentique ou sous seing privé dûment enregistré ; qu'en jugeant que la déclaration de succession, identifiant et renseignant exactement le montant des valeurs mobilières au jour du décès, est suffisante à autoriser la déduction de la créance de restitution à cette date, la cour d'appel de Rennes a violé les articles 587 du code civil et 773, 2°, du code général des impôts et fait une fausse interprétation des principes jurisprudentiels en la matière. » Réponse de la Cour Vu l'article 768 du code général des impôts : 6. Aux termes de ce texte, pour la liquidation des droits de mutation par décès, les dettes à la charge du défunt sont déduites lorsque leur existence au jour de l'ouverture de la succession est dûment justifiée par tous modes de preuve compatibles avec la procédure écrite. 7. Pour prononcer le dégrèvement total de l'imposition supplémentaire mise à la charge des consorts [U], l'arrêt, après avoir relevé que la déclaration de succession de [O] [Y] faisait apparaître le montant des valeurs mobilières présentes dans la succession au jour de son décès et dont le montant n'était pas contesté par l'administration fiscale, retient que la dette de restitution peut être calculée sur ces valeurs mobilières identifiées précisément et quantifiées avec exactitude pour en déduire que la preuve du montant des valeurs mobilières sur lesquelles portait l'usufruit d'[V] [U] est rapportée par les consorts [U], de sorte que la créance de restitution a été exactement calculée. 8. En statuant ainsi, alors que, s'agissant d'un usufruit légal portant sur un portefeuille de valeurs mobilières, la seule déclaration de succession, identifiant et renseignant exactement le montant des valeurs mobilières au jour du décès, ne peut établir, à elle seule, le caractère certain de la dette de restitution consécutive à la disparition, constatée à la fin de l'usufruit, du portefeuille de valeurs mobilières et en permettre la déduction, la cour d'appel a violé le texte susvisé. PAR CES MOTIFS, et sans qu'il y ait lieu à statuer sur l'autre grief, la Cour : CASSE ET ANNULE, en toutes ses dispositions, l'arrêt rendu le 15 novembre 2022, entre les parties, par la cour d'appel de Rennes ; Remet l'affaire et les parties dans l'état où elles se trouvaient avant cet arrêt et les renvoie devant la cour d'appel d'Angers ; Condamne M. [V] [U] et Mme [D] [U], épouse [C], aux dépens ; En application de l'article 700 du code de procédure civile, rejette la demande formée par M. [V] [U] et Mme [D] [U] et les condamne à payer au directeur général des finances publiques et au directeur régional des finances publiques d'Ile de France et du département de Paris, agissant sous l'autorité du directeur général des finances publiques, la somme globale de 3 000 euros ; Dit que sur les diligences du procureur général près la Cour de cassation, le présent arrêt sera transmis pour être transcrit en marge ou à la suite de l'arrêt cassé ; Ainsi fait et jugé par la Cour de cassation, chambre commerciale, financière et économique, et prononcé par le président en son audience publique du vingt-sept novembre deux mille vingt-quatre. ECLI:FR:CCASS:2024:CO00723",VIGUEUR,2024-11-27,,JURITEXT000050704198,https://www.legifrance.gouv.fr/juri/id/JURITEXT000050704198
