chunk_id,question
cc-720,Quand une succession commence-t-elle après le décès d'une personne ?
cc-720,Où se déroule l'ouverture d'une succession après la mort d'un héritier ?
cc-721,Que se passe-t-il si le défunt n'a pas laissé de testament pour ses biens ?
cc-721,Comment les biens d'une personne décédée sont-ils répartis entre les héritiers ?
cc-722,Peut-on faire des accords sur une succession avant qu'elle ne soit ouverte ?
cc-722,Est-il possible de renoncer à des droits sur une succession à l'avance ?
cc-724,Qui reçoit automatiquement les biens d'une personne décédée selon la loi ?
cc-724,Que se passe-t-il si aucune personne n'est désignée pour hériter ?
cc-724-1,Quelles règles s'appliquent aux personnes qui reçoivent des biens par héritage ou donation ?
cc-724-1,Est-ce que les héritiers ont des options spécifiques concernant le partage des biens ?
cc-725,Est-ce que je peux hériter si je n'étais pas encore né au moment du décès ?
cc-725,Quelles sont les conditions pour être reconnu comme héritier dans une succession ?
cc-726,Est-ce qu'une personne condamnée pour avoir blessé le défunt peut hériter ?
cc-726,Qui ne peut pas hériter d'une succession si le défunt a été victime de violence ?
cc-728,Est-ce qu'un héritier peut hériter même s'il a commis des actes répréhensibles ?
cc-728,Un testament peut-il permettre à un héritier indigne de recevoir sa part d'héritage ?
cc-729,Que se passe-t-il si un héritier est jugé indigne de recevoir sa part ?
cc-729,Un héritier exclu doit-il rembourser ce qu'il a reçu depuis le décès ?
cc-730,Comment puis-je prouver que je suis l'héritier de mon grand-parent ?
cc-730,Quels documents peuvent m'aider à confirmer ma qualité d'héritier ?
cc-725-1,Que se passe-t-il si deux héritiers meurent en même temps dans un accident ?
cc-725-1,Les enfants d'un héritier décédé peuvent-ils hériter à sa place ?
cc-729-1,Est-ce que les enfants d'une personne indigne peuvent hériter malgré les actions de leur parent ?
cc-729-1,Les droits d'héritage des enfants sont-ils affectés par la faute de leur parent indigne ?
cc-730-2,Est-ce que le document de notoriété signifie que j'accepte automatiquement l'héritage ?
cc-730-2,Puis-je être considéré comme héritier sans avoir accepté la succession ?
cc-730-3,Comment prouver que je suis bien un héritier dans une succession ?
cc-730-3,L'acte de notoriété est-il suffisant pour confirmer mes droits d'héritier ?
cc-730-4,Comment puis-je prouver que je suis héritier pour accéder aux biens de la succession ?
cc-730-4,Est-ce que les héritiers peuvent gérer les biens de la succession sans autorisation supplémentaire ?
cc-730-5,Que se passe-t-il si quelqu'un utilise un document faux pour se faire passer pour un héritier ?
cc-730-5,Quelles sont les conséquences pour une personne qui ment sur son statut d'héritier ?
cc-731,Qui a le droit de recevoir l'héritage quand une personne décède ?
cc-731,Comment la loi décide-t-elle qui hérite d'une personne décédée ?
cc-732,Est-ce que mon grand-parent peut hériter s'il n'était pas divorcé de son conjoint ?
cc-732,Un conjoint qui reste marié peut-il recevoir une part d'héritage après le décès ?
cc-733,"Est-ce que tous les parents, qu'ils soient biologiques ou adoptifs, peuvent hériter de la même manière ?"
cc-733,Les règles de succession sont-elles différentes selon que l'on est un parent adoptif ou biologique ?
cc-734,Qui héritera si un défunt n'a pas de conjoint survivant ?
cc-734,Comment se classe la famille dans l'ordre des héritiers en l'absence de conjoint ?
cc-735,"Est-ce que les petits-enfants héritent de leurs grands-parents, même s'ils ont des parents issus de différents mariages ?"
cc-735,"Tous les enfants, peu importe leur sexe, ont-ils les mêmes droits pour hériter de leurs parents ?"
cc-736,Que se passe-t-il si la personne décédée n'a pas d'enfants ni de frères ou sœurs ?
cc-736,Qui hérite de la succession si le défunt n'a pas de descendants directs ?
cc-737,"Si mes grands-parents sont décédés, qui hérite de leurs biens si aucun enfant n'est vivant ?"
cc-737,Que se passe-t-il pour l'héritage si le défunt n'a pas d'enfants et que ses parents sont décédés ?
cc-738,Comment se divise la succession lorsque les deux parents du défunt sont encore en vie ?
cc-738,Que se passe-t-il si un seul des parents du défunt est vivant ?
cc-739,Que se passe-t-il si la personne décédée n'a pas d'héritiers proches ?
cc-739,Qui peut hériter si les parents du défunt ne sont pas disponibles ?
cc-740,Que se passe-t-il si le défunt n'a pas d'héritiers directs comme des enfants ou un conjoint ?
cc-740,À qui revient la succession si le défunt n'a ni frères ni sœurs ?
cc-741,Comment savoir quel héritier a le droit de recevoir une part de la succession ?
cc-741,Qu'est-ce qui détermine la proximité entre les héritiers dans une succession ?
cc-742,Qu'est-ce que la ligne directe entre membres d'une famille dans le cadre d'une succession ?
cc-742,Comment se définissent les relations entre héritiers qui ne descendent pas les uns des autres ?
cc-744,Qu'est-ce qui arrive si plusieurs héritiers sont au même niveau de parenté ?
cc-744,Comment se passe le partage des biens entre héritiers proches et éloignés ?
cc-746,Comment se répartissent les droits d'héritage entre les familles du père et de la mère ?
cc-746,Quelles sont les différences dans le partage des biens entre les héritiers paternels et maternels ?
cc-747,Comment se répartit la succession entre les grands-parents paternels et maternels ?
cc-747,"Si mes grands-parents héritent, comment se fait la division de l'héritage ?"
cc-748,Comment se fait le partage de l'héritage entre les grands-parents paternels et maternels ?
cc-748,Que se passe-t-il si un côté de la famille n'a pas d'ascendants présents ?
cc-749,Comment se répartit une succession entre les membres de la famille éloignée ?
cc-749,"Si je ne suis pas le descendant direct, comment ma part de l’héritage est-elle calculée ?"
cc-750,Comment se passe le partage de l'héritage si je n'ai pas de cousins dans ma famille ?
cc-750,Qui hérite en priorité si plusieurs membres de la famille sont concernés par la succession ?
cc-751,Que signifie la représentation dans le cadre d'une succession ?
cc-751,Comment les représentants d'un héritier peuvent-ils bénéficier de la succession ?
cc-752,Comment se passe le partage des biens si un des enfants du défunt est décédé ?
cc-752,Les petits-enfants peuvent-ils hériter si leur parent n'est plus là ?
cc-753,Comment se déroule le partage des biens si un héritier est représenté par ses enfants ?
cc-753,Qu'est-ce que cela signifie de partager les biens par souche dans une succession ?
cc-754,Que se passe-t-il si un héritier renonce à sa part dans la succession ?
cc-754,Les enfants d'un héritier qui a renoncé peuvent-ils hériter à sa place ?
cc-755,Que se passe-t-il pour les enfants d'une personne exclue de la succession ?
cc-755,Les petits-enfants peuvent-ils hériter même si leur parent est indigne ?
cc-756,Est-ce que le conjoint du défunt a droit à une part de l'héritage ?
cc-756,Le conjoint peut-il hériter seul ou doit-il partager avec d'autres membres de la famille ?
cc-757,Que peut hériter le conjoint survivant s'il y a des enfants issus des deux époux ?
cc-757,Quels droits a le conjoint survivant en présence d'enfants d'un autre partenaire ?
cc-759,Qu'est-ce que l'usufruit et comment cela affecte-t-il les biens d'un héritier ?
cc-759,Un conjoint peut-il transformer son usufruit en une rente pour le reste de sa vie ?
cc-760,Que se passe-t-il si les héritiers ne s'accordent pas sur la conversion de l'usufruit ?
cc-760,Est-ce que le juge peut forcer la conversion de l'usufruit si le conjoint est contre ?
cc-761,Comment peut-on transformer l'usufruit d'un conjoint en argent lors d'une succession ?
cc-761,Est-il possible pour les héritiers de discuter de l'usufruit avec le conjoint pour le convertir en capital ?
cc-762,Qu'est-ce que signifie convertir l'usufruit lors du partage de la succession ?
cc-762,Est-ce que la conversion de l'usufruit a des effets sur le passé dans une succession ?
cc-763,Qu'est-ce qui arrive au conjoint qui vivait avec le défunt après son décès ?
cc-763,Le conjoint peut-il rester dans le logement du défunt sans payer pendant un certain temps ?
cc-764,Quelles sont les protections pour le conjoint qui vivait dans le logement au moment du décès ?
cc-764,Que se passe-t-il si le logement n'est plus adapté aux besoins du conjoint survivant ?
cc-765,Comment la valeur des droits d'habitation affecte-t-elle les parts d'héritage d'un conjoint ?
cc-765,Que se passe-t-il si les droits d'habitation sont plus élevés que les droits d'héritage du conjoint ?
cc-766,Est-il possible de transformer un droit d'habitation en argent pour les héritiers ?
cc-766,Quelles sont les conditions pour qu'un mineur participe à un accord sur les droits d'habitation ?
cc-738-1,Que se passe-t-il si un parent est le seul survivant et qu'il n'y a pas d'enfants ni de frères et sœurs ?
cc-738-1,Comment la succession est-elle répartie entre un parent survivant et les autres membres de la famille ?
cc-738-2,Que se passe-t-il si mes grands-parents ont donné des biens au défunt ?
cc-738-2,Les parents du défunt peuvent-ils récupérer des biens qu'ils lui ont donnés ?
cc-752-1,Est-ce que mes grands-parents peuvent hériter à la place de mes parents dans une succession ?
cc-752-1,"Si un héritier proche existe, les héritiers plus éloignés peuvent-ils toujours prétendre à la succession ?"
cc-752-2,Comment les enfants de mes oncles et tantes peuvent-ils hériter de mon grand-parent ?
cc-752-2,Que se passe-t-il si tous les frères et sœurs du défunt sont décédés ?
cc-757-1,Que reçoit le conjoint si le défunt n'a pas d'enfants mais a des parents vivants ?
cc-757-1,Comment se partage l'héritage entre le conjoint et les parents du défunt en l'absence d'enfants ?
cc-757-2,Que va hériter le conjoint s'il n'y a pas d'enfants dans la famille ?
cc-757-2,"Si les parents du défunt ne sont plus là, qui hérite de tout ?"
cc-757-3,Que deviennent les biens reçus par héritage si le défunt n'a pas d'enfants ?
cc-757-3,"Si mes grands-parents sont décédés, qui hérite de leurs biens dans la succession ?"
cc-758-1,Est-ce que le conjoint peut vendre ses droits sur la succession avant de faire un choix ?
cc-758-1,Les droits du conjoint sur la succession sont-ils transférables à quelqu'un d'autre avant qu'il décide ?
cc-758-2,Comment un conjoint peut-il choisir entre usufruit et pleine propriété dans une succession ?
cc-758-2,Quels sont les moyens pour un conjoint de prouver son choix dans une succession ?
cc-758-3,Qu'est-ce que cela signifie si un conjoint ne répond pas à l'invitation des héritiers dans les trois mois ?
cc-758-3,Comment un héritier peut-il demander au conjoint de faire un choix concernant la succession ?
cc-758-4,Que se passe-t-il si le conjoint décède sans avoir fait de choix concernant ses biens ?
cc-758-4,L'usufruit est-il automatiquement attribué au conjoint en cas de décès sans décision préalable ?
cc-758-5,Comment se calcule la part du conjoint survivant dans une succession ?
cc-758-5,Quelles sont les conditions pour que le conjoint puisse revendiquer des biens hérités ?
cc-758-6,Quelles sont les conséquences des dons reçus par le conjoint sur son héritage ?
cc-758-6,Le conjoint survivant peut-il demander plus que sa part dans la succession si les dons sont insuffisants ?
cc-759-1,Est-ce que je peux renoncer à ma part d'usufruit dans la succession ?
cc-759-1,Les décisions du défunt peuvent-elles m'empêcher d'avoir des droits sur l'usufruit ?
cc-765-1,Combien de temps après le décès le conjoint peut-il décider d'utiliser son droit au logement ?
cc-765-1,Quelles sont les conditions pour qu'un conjoint puisse bénéficier d'un droit d'habitation après un décès ?
cc-765-2,Quelles sont les droits d'un conjoint qui vivait dans un logement à louer après le décès ?
cc-765-2,Est-ce qu'un conjoint peut utiliser les meubles de la maison après la mort de son partenaire ?
cc-768,Quelles sont les options disponibles pour un héritier face à une succession ?
cc-768,Est-il possible d'accepter une succession sous certaines conditions ?
cc-769,"Si je suis héritier de plusieurs personnes, puis-je choisir pour chaque succession séparément ?"
cc-769,Est-ce que mon choix d'hériter peut changer si je reçois des héritages de différentes personnes ?
cc-770,Puis-je décider de prendre ou de refuser l'héritage avant que la succession s'ouvre ?
cc-770,Est-il possible de faire un choix sur l'héritage avant le décès de la personne concernée ?
cc-772,Que dois-je faire si je ne peux pas terminer l'inventaire dans les deux mois après la sommation ?
cc-772,Quels sont mes choix si je n'ai pas encore décidé de l'héritage après deux mois ?
cc-771,Combien de temps un héritier a-t-il pour décider s'il accepte ou refuse la succession ?
cc-771,Que se passe-t-il si un héritier ne prend pas de décision après quatre mois ?
cc-773,Que se passe-t-il si je ne fais pas de demande formelle pour accepter l'héritage ?
cc-773,Puis-je décider de prendre mon temps avant d'accepter l'héritage sans conséquences ?
cc-774,Que se passe-t-il si l'héritier principal refuse l'héritage ?
cc-774,Quel est le délai pour agir si je suis un héritier secondaire après une renonciation ?
cc-775,Que se passe-t-il si le défunt n'a pas fait de choix concernant sa succession ?
cc-775,Comment les héritiers peuvent-ils exercer leurs droits si le défunt n'a pas opté ?
cc-776,Quel est le moment où l'on peut décider d'accepter ou de refuser une succession ?
cc-776,Est-ce que ma décision sur l'héritage a des conséquences rétroactives ?
cc-777,Que se passe-t-il si je découvre une erreur dans la succession après avoir accepté l'héritage ?
cc-777,Combien de temps ai-je pour contester une décision prise lors de la succession en cas de mauvaise foi ?
cc-779,Que se passe-t-il si je refuse d'accepter un héritage et que des dettes existent ?
cc-779,Les créanciers peuvent-ils prendre ma place pour accepter une succession que je ne veux pas ?
cc-780,Combien de temps un héritier a-t-il pour décider d'accepter ou de refuser une succession ?
cc-780,Que se passe-t-il si un héritier ne prend pas de décision dans le délai imparti ?
cc-781,Que dois-je prouver pour être reconnu comme héritier après un certain délai ?
cc-781,Est-ce que je dois avoir accepté la succession avant une date limite pour en bénéficier ?
cc-782,Comment un héritier peut-il montrer qu'il accepte la succession de manière claire ?
cc-782,Qu'est-ce que l'acceptation tacite d'une succession et comment se manifeste-t-elle ?
cc-783,"Si je renonce à une partie de l'héritage pour aider mes cousins, cela compte comme une acceptation ?"
cc-783,Est-ce que vendre ma part de l'héritage signifie que j'accepte automatiquement toute la succession ?
cc-785,Quelles sont les responsabilités financières d'un héritier qui accepte la succession sans conditions ?
cc-785,Un héritier doit-il payer des dettes si la succession ne couvre pas les legs d'argent ?
cc-786,Puis-je changer d'avis après avoir accepté la succession de ma grand-mère ?
cc-786,Que faire si je découvre une dette après avoir accepté l'héritage ?
cc-787,Est-ce que je peux accepter l'héritage seulement si les biens sont supérieurs aux dettes ?
cc-787,Puis-je choisir d'hériter uniquement des biens et pas des dettes de la succession ?
cc-789,Comment puis-je savoir ce que contient la succession à laquelle j'hérite ?
cc-789,Qui est responsable de dresser la liste des biens et dettes de la succession ?
cc-790,Combien de temps a un héritier pour déposer l'inventaire après avoir déclaré la succession ?
cc-790,Que se passe-t-il si l'héritier ne dépose pas l'inventaire dans le délai imparti ?
cc-791,Quels sont les avantages d'accepter une succession sans mélanger mes biens personnels ?
cc-791,"Si j'accepte l'héritage, suis-je responsable des dettes au-delà de ce que j'ai reçu ?"
cc-792,Comment les créanciers peuvent-ils réclamer ce qui leur est dû dans le cadre d'une succession ?
cc-792,Que se passe-t-il si un créancier ne se manifeste pas dans les quinze mois suivant la succession ?
cc-793,Puis-je choisir de garder certains biens de la succession sans accepter tout le reste ?
cc-793,"Si je garde des biens, dois-je en déclarer la valeur lors de l'inventaire ?"
cc-795,Que se passe-t-il si je déclare vouloir garder un bien sans le publier ?
cc-795,Quels sont les risques si je ne déclare pas la vente d'un bien hérité dans les délais ?
cc-796,Comment dois-je gérer les dettes de la succession avant de recevoir mon héritage ?
cc-796,Dans quel ordre vais-je payer les créanciers de la succession ?
cc-797,Que dois-je faire si je ne peux pas payer les créanciers de la succession dans les deux mois ?
cc-797,Quels sont mes droits si des créances sont contestées après l'acceptation de l'héritage ?
cc-798,Quelles sont les obligations des héritiers envers les créanciers de la succession ?
cc-798,Est-ce que mes dettes personnelles peuvent toucher les biens hérités ?
cc-799,Que se passe-t-il si les créanciers se manifestent après que les biens de la succession sont épuisés ?
cc-799,Les héritiers doivent-ils payer les dettes de la succession s'ils n'ont pas accepté tous les biens ?
cc-800,Quelles sont mes responsabilités en tant qu'héritier concernant la gestion des biens reçus ?
cc-800,Que risque un héritier s'il ne fait pas un inventaire complet des biens de la succession ?
cc-801,Puis-je changer ma décision d'accepter l'héritage en fonction de ce que je découvre sur les biens ?
cc-801,"Si j'accepte l'héritage, est-ce que cela m'empêche de renoncer à la succession plus tard ?"
cc-802,Que se passe-t-il si j'accepte une succession mais que je change d'avis plus tard ?
cc-802,Les créanciers peuvent-ils toujours réclamer de l'argent même si j'accepte la succession partiellement ?
cc-803,Qui paie les coûts liés aux scellés et à l'inventaire lors d'une succession ?
cc-803,Les frais liés à la succession sont-ils déduits de l'héritage des bénéficiaires ?
cc-805,Que se passe-t-il si je décide de renoncer à l'héritage de mon grand-parent ?
cc-805,"Si je renonce à ma part, qui reçoit cet héritage à ma place ?"
cc-806,"Si je renonce à l'héritage, dois-je payer les dettes de la succession ?"
cc-806,Suis-je obligé de couvrir les frais des funérailles si je refuse l'héritage ?
cc-807,Puis-je changer d'avis et accepter l'héritage après avoir dit que je ne le voulais pas ?
cc-807,"Si j'abandonne la succession, puis-je revenir sur ma décision plus tard ?"
cc-808,"Si j'engage des frais avant de renoncer à l'héritage, qui doit les payer ?"
cc-808,Est-ce que les dépenses que j'ai faites avant de dire non à l'héritage seront remboursées ?
cc-809,Que se passe-t-il si personne ne réclame la succession après le décès d'un proche ?
cc-809,Quels sont les cas où la succession est considérée comme vacante ?
cc-810,Que fait un curateur lorsqu'il est désigné pour gérer une succession ?
cc-810,Comment le curateur s'occupe-t-il des biens d'une succession vacante ?
cc-811,Que se passe-t-il si une personne décède sans laisser d'héritiers connus ?
cc-811,Comment l'État peut-il revendiquer une succession abandonnée ?
cc-812,Est-ce que je peux désigner quelqu'un pour gérer la succession après le décès de mon grand-parent ?
cc-812,Un héritier peut-il être choisi pour administrer la succession de son parent décédé ?
cc-813,Puis-je demander à un membre de ma famille de gérer la succession pour nous tous ?
cc-813,Que se passe-t-il si un héritier a accepté une part de la succession ?
cc-814,Que se passe-t-il si un héritier accepte la succession ?
cc-814,Qu'est-ce qu'un mandataire successoral et quel est son rôle dans la succession ?
cc-792-1,Que se passe-t-il pour les créanciers après que j'ai accepté la succession ?
cc-792-1,Puis-je être poursuivi par les créanciers si j'accepte la succession avec des dettes ?
cc-792-2,Que se passe-t-il si certains héritiers acceptent la succession sans conditions et d'autres avec des limites ?
cc-792-2,Les créanciers peuvent-ils demander le partage de la succession si des héritiers ont des options différentes ?
cc-809-2,Comment le curateur procède-t-il pour évaluer les biens et les dettes dans une succession abandonnée ?
cc-809-2,Qui a le droit de consulter l'inventaire des biens d'une succession après sa création ?
cc-809-3,À qui dois-je m'adresser pour déclarer les dettes de la succession ?
cc-809-3,Comment puis-je informer le curateur des créances liées à la succession ?
cc-810-1,Quelles actions le curateur peut-il entreprendre au début d'une succession ?
cc-810-1,Combien de temps le curateur doit-il attendre avant de prendre des décisions importantes sur la succession ?
cc-810-4,Qui décide des paiements des dettes de la succession lorsque personne ne s'en occupe ?
cc-810-4,Quelles dépenses peuvent être réglées immédiatement par le curateur dans une succession ?
cc-810-5,Comment le curateur organise-t-il le remboursement des dettes d'une succession ?
cc-810-5,Que peuvent faire les créanciers s'ils ne sont pas satisfaits du projet de règlement proposé ?
cc-810-6,Quelles sont les limites des pouvoirs d'un curateur dans une succession ?
cc-810-6,Comment un curateur peut-il agir si la personne est sous protection judiciaire ?
cc-810-7,Comment un héritier peut-il consulter les comptes du curateur concernant la succession ?
cc-810-7,Quelles sont les démarches pour qu'un créancier puisse demander des informations au curateur sur la succession ?
cc-810-8,Que se passe-t-il si je ne réagis pas dans les trois mois après la notification du projet de réalisation ?
cc-810-8,Comment puis-je m'opposer à la vente des biens de la succession si je suis un héritier connu ?
cc-810-9,"Si des créanciers se manifestent après la fin de la succession, que peuvent-ils récupérer ?"
cc-810-9,Que se passe-t-il si l'actif de la succession est insuffisant pour payer les créanciers ?
cc-810-10,Que se passe-t-il avec l'argent restant de la succession si je me manifeste dans les délais ?
cc-810-10,Comment puis-je récupérer ma part de l'héritage si je me présente à temps ?
cc-810-12,Quand la gestion de la succession se termine-t-elle pour les héritiers ?
cc-810-12,Comment savoir si les biens de la succession ont été totalement réglés ?
cc-811-1,Que se passe-t-il si un inventaire de la succession n'a pas été réalisé ?
cc-811-1,Qui s'occupe de faire l'inventaire si personne ne l'a fait ?
cc-811-2,Que se passe-t-il si un héritier accepte la succession laissée par le défunt ?
cc-811-2,Comment la situation d'une succession en déshérence peut-elle changer pour les héritiers ?
cc-811-3,Que se passe-t-il si l'État ne suit pas les règles concernant une succession ?
cc-811-3,Les héritiers peuvent-ils obtenir une compensation si l'État ne fait pas son travail dans une succession ?
cc-812-1,Est-ce que le mandataire peut agir même si l'un des héritiers est un enfant ou une personne protégée ?
cc-812-1,Un héritier mineur ou sous protection peut-il empêcher le mandataire de gérer la succession ?
cc-812-1-1,Quelles sont les raisons valables pour établir un mandat après le décès d'un héritier ?
cc-812-1-1,Quelle est la durée maximale d'un mandat posthume et peut-elle être prolongée ?
cc-812-1-2,Est-ce que les actions du mandataire influencent le choix d'accepter ou de refuser l'héritage ?
cc-812-1-2,Les décisions prises par le mandataire peuvent-elles changer ce que je vais hériter ?
cc-812-1-3,Que peut faire le mandataire si les héritiers n'ont pas encore accepté la succession ?
cc-812-1-3,Quels pouvoirs le mandataire a-t-il avant l'acceptation de la succession par les héritiers ?
cc-812-1-4,Qu'est-ce qu'un mandat à effet posthume et comment fonctionne-t-il dans le cadre d'une succession ?
cc-812-1-4,Quels sont les principes de base à connaître sur la gestion d'une succession par un mandataire après le décès ?
cc-812-3,Comment peut-on contester le montant que le mandataire demande pour gérer la succession ?
cc-812-3,Que se passe-t-il si la rémunération du mandataire réduit ma part d'héritage ?
cc-812-4,Quelles sont les raisons pour lesquelles un mandat de succession peut se terminer ?
cc-812-4,Que se passe-t-il si un mandataire ne remplit pas correctement sa mission ?
cc-812-5,Que se passe-t-il si le mandataire n'a pas bien rempli sa mission ?
cc-812-5,Est-ce que le mandataire doit rendre de l'argent s'il est révoqué pour mauvaise gestion ?
cc-812-6,Comment un mandataire peut-il mettre fin à son rôle après le décès d'un proche ?
cc-812-6,Quels sont les délais à respecter si un mandataire souhaite renoncer à sa mission ?
cc-812-7,Comment le mandataire doit-il informer les héritiers de sa gestion chaque année ?
cc-812-7,Que se passe-t-il si le mandataire ne rend pas compte de sa gestion ?
cc-813-1,Que se passe-t-il si les héritiers ne s'entendent pas sur la gestion de la succession ?
cc-813-1,Qui peut demander la nomination d'un mandataire pour gérer la succession en cas de conflit entre héritiers ?
cc-813-2,Qu'est-ce qu'un mandataire successoral et quel est son rôle lors d'une succession ?
cc-813-2,Comment un mandataire successoral prend-il des décisions en lien avec la succession ?
cc-813-3,Comment savoir si un mandataire a été officiellement désigné pour gérer la succession ?
cc-813-3,Où puis-je trouver l'information sur la nomination du mandataire successoral ?
cc-813-4,Que peut faire un mandataire successoral avant que tous les héritiers acceptent la succession ?
cc-813-4,Est-ce qu'un juge peut permettre au mandataire de réaliser d'autres actions pour la succession ?
cc-813-5,Qui représente tous les héritiers lors des démarches légales liées à la succession ?
cc-813-5,Est-ce que le mandataire successoral peut agir même s'il y a des héritiers protégés ?
cc-813-6,Est-ce que les décisions prises par le mandataire affectent le choix que je peux faire en tant qu'héritier ?
cc-813-6,Puis-je changer d'avis sur ma part d'héritage si le mandataire fait quelque chose ?
cc-813-7,Que se passe-t-il si le mandataire de la succession ne respecte pas ses obligations ?
cc-813-7,Comment peut-on changer le mandataire successoral si des problèmes surviennent ?
cc-813-8,Puis-je demander à voir les documents du mandataire qui s'occupe de la succession ?
cc-813-8,Est-ce que je reçois un rapport annuel sur le travail du mandataire de la succession ?
cc-813-9,Comment sait-on combien de temps le mandataire successoral va gérer la succession ?
cc-813-9,Quelles sont les raisons pour lesquelles le mandataire successoral peut terminer sa mission ?
cc-814-1,Puis-je demander à un juge de choisir quelqu'un pour gérer la succession de mon grand-parent ?
cc-814-1,Est-il possible de nommer une personne pour m'aider à gérer l'héritage que j'ai accepté ?
cc-815,Est-ce que je peux demander le partage de l'héritage si je ne suis pas d'accord avec les autres héritiers ?
cc-815,Peut-on sortir de l'indivision si l'on souhaite gérer les biens de manière séparée ?
cc-815-1,Est-ce que les héritiers peuvent se mettre d'accord sur la gestion de l'héritage ?
cc-815-1,Les héritiers ont-ils le droit de signer des accords concernant leurs parts dans la succession ?
cc-815-2,Est-ce que je peux prendre soin des biens hérités même si ce n'est pas urgent ?
cc-815-2,Comment puis-je gérer les frais pour entretenir les biens de la succession avec mes cousins ?
cc-815-3,Quelles décisions peuvent être prises par une majorité des héritiers concernant les biens qu'ils partagent ?
cc-815-3,Que se passe-t-il si un héritier gère les biens sans l'accord des autres ?
cc-815-4,Que faire si un héritier ne peut pas exprimer son avis pendant la succession ?
cc-815-4,Comment un héritier peut-il représenter un autre héritier qui ne peut pas agir ?
cc-815-7,Est-ce que le tribunal peut empêcher de déplacer certains meubles pendant la succession ?
cc-815-7,Comment le tribunal décide-t-il qui peut utiliser certains biens hérités ?
cc-815-8,Comment dois-je gérer les revenus ou les dépenses liés à la succession avec les autres héritiers ?
cc-815-8,Est-ce que je dois informer les autres héritiers des revenus ou des dépenses que je gère pour la succession ?
cc-815-9,Comment puis-je utiliser les biens que nous avons hérités ensemble sans avoir de conflits avec les autres héritiers ?
cc-815-9,Que se passe-t-il si je veux profiter d'un bien hérité sans l'accord des autres héritiers ?
cc-815-10,Quels types de biens sont considérés comme indivis entre héritiers ?
cc-815-10,Comment sont répartis les bénéfices et les pertes entre les héritiers en indivision ?
cc-815-12,"Si je gère un bien hérité, dois-je rendre des comptes sur ce que je fais avec ?"
cc-815-12,Puis-je être payé pour le temps que je passe à gérer les biens de la succession ?
cc-815-14,Que dois-je faire si je veux vendre ma part d'héritage à quelqu'un en dehors de la famille ?
cc-815-14,Comment mes autres héritiers peuvent-ils réagir si je souhaite vendre ma part de biens communs ?
cc-815-15,Comment puis-je être informé si une partie de la succession va être vendue ?
cc-815-15,Puis-je racheter ma part de la succession après une vente aux enchères ?
cc-815-16,Que se passe-t-il si une vente de biens de la succession ne respecte pas les règles établies ?
cc-815-16,Combien de temps as-tu pour contester une vente illégale des biens hérités ?
cc-815-17,Comment les dettes des créanciers sont-elles réglées dans une succession indivise ?
cc-815-17,Qu'est-ce qui se passe si un héritier a des créances personnelles dans une succession ?
cc-815-18,Comment un usufruitier peut-il devenir propriétaire d'une part de la succession ?
cc-815-18,Quelles sont les conditions pour qu'un nu-propriétaire achète une part d'usufruit ?
cc-816,Est-ce qu'un héritier peut demander le partage même s'il a utilisé certains biens seuls ?
cc-816,Que se passe-t-il si aucun acte de partage n'a été fait entre les héritiers ?
cc-817,Comment un héritier peut-il demander le partage des droits sur un bien hérité ?
cc-817,Que faire si le partage de l'usufruit ne peut pas se faire directement ?
cc-822,Qui peut demander à maintenir la succession si des enfants mineurs sont présents ?
cc-822,Est-ce que le conjoint survivant peut demander à garder la succession sans enfants mineurs ?
cc-823,Combien de temps peut-on rester en indivision sans faire de partage ?
cc-823,Est-il possible de prolonger la durée de l'indivision dans certaines situations ?
cc-824,Que se passe-t-il si un héritier veut un partage tout en restant en indivision ?
cc-824,Comment sont répartis les coûts si un héritier demande un partage et qu'il n'y a pas assez d'argent ?
cc-825,Quels biens sont inclus dans l'héritage que je dois partager avec les autres héritiers ?
cc-825,Comment sont prises en compte les dettes du défunt dans le partage de la succession ?
cc-826,Comment s'assure-t-on que chaque héritier reçoit une valeur équivalente lors du partage des biens ?
cc-826,Que se passe-t-il si les biens à partager n'ont pas tous la même valeur ?
cc-827,Comment se fait le partage des biens entre les héritiers dans une succession ?
cc-827,Qu'est-ce que signifie le partage par souche dans le cadre d'une succession ?
cc-828,Que se passe-t-il si la valeur des biens reçus change après le partage ?
cc-828,Comment les délais de paiement influencent-ils les sommes à rembourser dans une succession ?
cc-829,Comment sont évalués les biens lors du partage d'une succession ?
cc-829,Peut-on choisir une date antérieure pour estimer les biens d'une succession ?
cc-830,Comment éviter de perdre de la valeur en partageant les biens d'une succession ?
cc-830,Pourquoi est-il important de ne pas diviser certains biens lors du partage de l'héritage ?
cc-831,Est-ce que je peux demander à garder l'entreprise familiale après le décès de mon grand-parent ?
cc-831,Quelles conditions dois-je remplir pour obtenir une part de l'entreprise de mon grand-parent décédé ?
cc-832-3,Comment puis-je garder un bien familial avec d'autres héritiers si nous sommes d'accord ?
cc-832-3,Que se passe-t-il si plusieurs héritiers veulent le même bien et qu'aucun accord n'est trouvé ?
cc-832-4,Comment est déterminée la valeur des biens lors du partage de la succession ?
cc-832-4,Que se passe-t-il si un héritier ne peut pas payer sa part immédiatement ?
cc-833,Qui peut bénéficier des règles concernant le partage des biens lors d'une succession ?
cc-833,Est-ce que les héritiers désignés par testament ont des droits spécifiques sur la succession ?
cc-834,Quand est-ce qu'une personne devient vraiment propriétaire d'un bien hérité lors du partage ?
cc-834,Est-ce qu'un héritier peut renoncer à un bien hérité avant le partage définitif ?
cc-835,Comment se passe le partage des biens si tous les héritiers sont d'accord ?
cc-835,Est-ce que le partage des biens nécessite toujours un notaire ?
cc-837,Que se passe-t-il si un héritier ne participe pas au partage amiable ?
cc-837,Comment un héritier peut-il agir si un autre héritier ne répond pas aux convocations pour le partage ?
cc-838,Qu'est-ce que le partage amiable et comment fonctionne-t-il dans une succession ?
cc-838,Est-il possible de partager seulement une partie des biens lors d'une succession ?
cc-839,Comment peut-on partager les biens si plusieurs héritiers sont concernés par la même succession ?
cc-839,Est-il possible de faire un seul partage pour différents biens appartenant aux mêmes héritiers ?
cc-842,Est-ce que les héritiers peuvent choisir de régler la succession sans passer par le tribunal ?
cc-842,Peut-on décider de partager les biens de manière amiable même après avoir commencé une procédure judiciaire ?
cc-843,"Si j'ai reçu un cadeau de mon grand-parent, dois-je le partager avec mes frères et sœurs ?"
cc-843,Comment savoir si un don que j'ai reçu est considéré comme faisant partie de l'héritage ?
cc-844,Comment un don fait avant le décès de quelqu'un influence ma part d'héritage ?
cc-844,Que se passe-t-il si un héritier réclame plus que ce qui lui est dû dans la succession ?
cc-845,"Si je renonce à hériter, puis-je garder un don que j'ai reçu de la personne décédée ?"
cc-845,Que se passe-t-il si la valeur du don dépasse ma part dans la succession ?
cc-846,"Si un héritier reçoit un don mais n'était pas prévu dans la succession, doit-il rendre ce don ?"
cc-846,Qu'arrive-t-il à un don reçu par un héritier si le donateur a demandé un rapport ?
cc-847,"Si mon grand-père m'a fait un don, dois-je le déclarer lors de la succession ?"
cc-847,Les cadeaux reçus de mes grands-parents comptent-ils dans le partage de l'héritage ?
cc-848,"Si je reçois un don de mon grand-père, dois-je le rendre lors du partage de la succession ?"
cc-848,Quelles sont mes obligations si je reçois une part de l'héritage par rapport à un don fait à mon père ?
cc-849,"Si mon grand-parent a laissé un don à son conjoint, cela affecte-t-il ma part d'héritage ?"
cc-849,"Que se passe-t-il si mon grand-parent a fait un don à deux époux, mais que seul l'un hérite ?"
cc-850,Quand est-ce que les dons faits par le défunt sont pris en compte dans la succession ?
cc-850,Est-ce que les cadeaux reçus doivent être restitués lors du partage de l'héritage ?
cc-851,Que se passe-t-il si un héritier a reçu de l'argent pour payer ses dettes ?
cc-851,Les dons faits à un héritier doivent-ils être pris en compte dans la succession ?
cc-852,"Quels types de dépenses ne doivent pas être comptés dans la succession, sauf si le défunt en a décidé autrement ?"
cc-852,Comment peut-on déterminer si un cadeau est considéré comme un présent d'usage dans une succession ?
cc-853,Que doit-on considérer si un héritier a reçu des avantages d'accords avec le défunt ?
cc-853,Les bénéfices d'accords passés avec le défunt doivent-ils être pris en compte dans la succession ?
cc-854,"Si un héritier a reçu un cadeau du défunt, doit-il le rendre lors du partage ?"
cc-854,Les dons faits à un héritier comptent-ils dans la succession si tout est bien documenté ?
cc-855,"Si un bien hérité a été perdu sans faute, dois-je le rendre lors du partage ?"
cc-855,Que se passe-t-il si j'ai reçu une indemnité pour un bien perdu dans la succession ?
cc-856,Quand commence-t-on à recevoir les revenus des biens hérités dans une succession ?
cc-856,À quel moment doit-on prendre en compte les intérêts dans le partage d'une succession ?
cc-857,Est-ce que je dois rendre des biens reçus à un héritier si je suis cohéritier ?
cc-857,Les personnes qui ont reçu un legs doivent-elles faire un rapport sur leur héritage ?
cc-858,Comment se passe le rapport des dons faits avant la succession ?
cc-858,Est-il possible de demander un remboursement en nature des dons reçus ?
cc-859,Est-ce que je peux rendre un bien que j'ai reçu en cadeau lors de la succession ?
cc-859,Dois-je m'assurer que le bien que je rapporte soit sans dettes avant de le remettre ?
cc-860,Comment se détermine la valeur d'un bien donné au moment du partage entre héritiers ?
cc-860,Que se passe-t-il si un bien a été vendu avant le partage de la succession ?
cc-863,Que se passe-t-il si un héritier abîme un bien qu'il a reçu en don ?
cc-863,Comment doit-on évaluer un bien donné si son état s'est détérioré avant le partage ?
cc-864,Comment se déroule le partage des dettes entre héritiers dans une succession ?
cc-864,Que se passe-t-il si un héritier doit plus que sa part dans la succession ?
cc-865,Est-ce que je dois rembourser des dettes de la succession avant que le partage soit terminé ?
cc-865,Puis-je payer mes dettes d'héritage avant que tout soit partagé entre nous ?
cc-866,Quand commence-t-on à calculer les intérêts sur les dettes d'un héritier envers le défunt ?
cc-866,"Les dettes entre héritiers génèrent-elles des intérêts, et à quel moment commencent-ils à s'accumuler ?"
cc-867,Que se passe-t-il si je dois de l'argent à la succession ?
cc-867,Comment sont gérées les dettes entre les héritiers lors du partage ?
cc-870,Comment les héritiers partagent-ils les dettes et frais liés à la succession ?
cc-870,Chaque héritier doit-il payer le même montant pour les charges de la succession ?
cc-871,Est-ce que je dois payer les dettes de ma grand-mère si je reçois un bien spécifique ?
cc-871,Comment se répartissent les frais entre moi et les autres héritiers si j'hérite d'une part ?
cc-872,Que se passe-t-il si un bien hérité a une hypothèque dessus ?
cc-872,Comment sont réparties les dettes liées aux biens lors du partage de la succession ?
cc-873,Est-ce que je dois payer les dettes de mon grand-parent après son décès ?
cc-873,Comment se répartissent les dettes de la succession entre les héritiers ?
cc-874,"Si je paie une dette liée à un héritage, puis-je demander de l'argent aux autres héritiers ?"
cc-874,"En cas de dette sur un bien hérité, quelles sont mes options après avoir réglé cette dette ?"
cc-875,"Si je paie une dette de la succession, puis-je récupérer tout l'argent auprès de mes cousins ?"
cc-875,Comment se passe le remboursement des dettes de la succession entre héritiers ?
cc-876,Que se passe-t-il si un héritier ne peut pas payer sa part de la dette ?
cc-876,Comment la dette d'un héritier qui ne peut pas payer est-elle répartie entre les autres ?
cc-877,Que se passe-t-il si une dette du défunt n'est pas payée après son décès ?
cc-877,Combien de temps après avoir été informé un héritier doit-il s'occuper des dettes du défunt ?
cc-879,Comment un créancier peut-il s'assurer d'être remboursé avant les autres dans une succession ?
cc-879,Quelles actions un créancier doit-il entreprendre pour revendiquer un bien spécifique lors d'une succession ?
cc-880,Que se passe-t-il si le créancier de la succession abandonne sa demande de paiement ?
cc-880,Est-il possible de réclamer des dettes si le créancier a renoncé à ses droits ?
cc-881,Combien de temps ai-je pour réclamer des objets après le décès de mon grand-parent ?
cc-881,Puis-je toujours agir pour des biens immobiliers tant que je les possède ?
cc-882,Que peuvent faire les créanciers d'un héritier s'ils souhaitent être présents lors du partage des biens ?
cc-882,Est-il possible pour les créanciers de contester un partage déjà effectué ?
cc-883,Comment un héritier peut-il être sûr de ce qu'il reçoit dans sa part de la succession ?
cc-883,Est-ce que je peux toucher à d'autres biens de la succession après le partage ?
cc-884,Que se passe-t-il si un cohéritier rencontre un problème avec un bien après le partage ?
cc-884,Est-ce que je suis responsable des dettes d'un autre héritier après le partage des biens ?
cc-885,"Si un héritier perd une part, qui doit le dédommager pour cette perte ?"
cc-885,Que se passe-t-il si un héritier ne peut pas payer sa part à cause de problèmes financiers ?
cc-886,Combien de temps ai-je pour agir en cas de problème après le partage d'une succession ?
cc-886,À partir de quel moment commence le délai pour faire valoir mes droits après une éviction ?
cc-887,Dans quelles situations un partage peut-il être annulé après une succession ?
cc-887,Que faire si j'ai découvert une erreur dans le partage des biens hérités ?
cc-888,Que se passe-t-il si je vends ma part après avoir découvert une erreur dans le partage ?
cc-888,Puis-je contester le partage si j'ai déjà cédé ma part à quelqu'un d'autre ?
cc-889,Que faire si je pense que ma part d'héritage est trop faible par rapport aux autres ?
cc-889,Combien de temps ai-je pour demander un ajustement de ma part d'héritage après le partage ?
cc-890,Que faire si je ne suis pas d'accord avec le partage des biens de la succession ?
cc-890,Est-ce que je peux demander une révision du partage si une entente a déjà été conclue ?
cc-891,Peut-on contester une vente de droits si on n'a pas été trompé par les autres héritiers ?
cc-891,Quelles conditions doivent être remplies pour que la vente de droits soit valable entre héritiers ?
cc-892,Que se passe-t-il si un bien a été oublié lors du partage de la succession ?
cc-892,Est-il possible de demander un ajustement si un bien n'a pas été inclus dans la succession ?
cc-815-5,Que se passe-t-il si un cohéritier refuse de donner son accord pour une décision importante ?
cc-815-5,Est-ce qu'un héritier peut vendre un bien sans l'accord de tous les autres héritiers ?
cc-818,Est-ce que je peux demander un partage de l'héritage même si je ne possède qu'une partie des biens ?
cc-818,Que se passe-t-il si plusieurs héritiers veulent vendre les biens en commun ?
cc-819,Comment un héritier peut-il agir s'il est en indivision avec d'autres héritiers ?
cc-819,Quelles options sont disponibles pour un héritier plein propriétaire en cas de partage de biens ?
cc-820,Que se passe-t-il si je ne peux pas gérer les biens hérités tout de suite ?
cc-820,Est-il possible de retarder le partage des biens hérités si cela protège leur valeur ?
cc-821,Que se passe-t-il si les héritiers ne s'accordent pas sur la succession d'une entreprise ?
cc-821,Est-il possible de garder une entreprise en indivision même si un héritier en était déjà propriétaire avant le décès ?
cc-832,Qu'est-ce qu'une attribution préférentielle pour une exploitation agricole dans une succession ?
cc-832,Quand peut-on bénéficier d'une attribution préférentielle sans rester en indivision ?
cc-821-1,Est-il possible de garder ensemble les biens de la maison après le décès de mon grand-parent ?
cc-821-1,Peut-on conserver les objets de la maison sans les partager tout de suite ?
cc-840-1,Est-il possible de réaliser un seul partage pour plusieurs biens en héritage ?
cc-840-1,Comment se passe le partage si plusieurs biens sont hérités par les mêmes personnes ?
cc-860-1,Comment se calcule le montant à rapporter si de l'argent a été utilisé pour acheter un bien ?
cc-860-1,"Si une somme a servi à acheter un bien, dois-je rapporter la somme ou la valeur du bien ?"
cc-887-1,Que se passe-t-il si un héritier n'a pas été inclus dans le partage des biens ?
cc-887-1,Un héritier oublié peut-il récupérer sa part sans annuler le partage initial ?
cc-730-1,Comment prouver que je suis héritier d'un proche décédé ?
cc-730-1,Quels documents sont nécessaires pour établir ma qualité d'héritier ?
cc-862,"Si j'ai reçu un bien de la succession, puis-je le garder jusqu'à être remboursé des travaux effectués ?"
cc-862,Comment se passe le remboursement si j'ai investi dans un bien hérité ?
cc-861,"Si j'ai amélioré un objet hérité, est-ce que cela compte pour sa valeur lors du partage ?"
cc-861,Dois-je prendre en compte les dépenses que j'ai faites pour entretenir un bien hérité ?
cc-815-13,Que se passe-t-il si j'ai investi de l'argent pour améliorer un bien hérité ?
cc-815-13,Est-ce que je dois payer pour les dommages causés à un bien que j'hérite ?
cc-778,Que se passe-t-il si un héritier cache des biens de la succession ?
cc-778,Un héritier peut-il bénéficier de biens qu'il a dissimulés lors d'une succession ?
cc-812-2,Le mandataire qui s'occupe de la succession peut-il être payé pour son travail ?
cc-812-2,Comment est déterminée la rémunération du mandataire dans la gestion d'une succession ?
cc-767,Quelles sont les conditions pour qu'un conjoint puisse demander une aide financière après le décès de son partenaire ?
cc-767,Combien de temps a un conjoint pour réclamer une pension après le décès de son époux ?
cc-758,Que peuvent réclamer les grands-parents du défunt s'ils ont des besoins financiers après la succession ?
cc-758,Quel est le délai pour que les ascendants demandent une aide financière après le décès ?
cc-743,Comment peut-on déterminer le degré de parenté entre héritiers dans une succession ?
cc-743,Quelle est la différence entre les degrés de parenté en ligne directe et en ligne collatérale ?
cc-815-7-1,Que peut faire un héritier si un bien immobilier hérité est inoccupé depuis longtemps ?
cc-815-7-1,Est-il possible de rénover un bien immobilier hérité avant de le louer ?
cc-832-2,Que faire si je veux continuer à exploiter la ferme familiale après le décès de mes grands-parents ?
cc-832-2,Comment puis-je obtenir une priorité sur les bâtiments agricoles lors du partage de la succession ?
cc-832-1,Quelles options ai-je pour obtenir des biens agricoles dans une succession sans rester en indivision ?
cc-832-1,Que se passe-t-il si plusieurs héritiers veulent des biens immobiliers issus de la succession ?
cc-831-1,Que se passe-t-il si aucun héritier ne réclame un bien agricole lors du partage ?
cc-831-1,Qui peut bénéficier d'une attribution préférentielle si personne ne fait de demande ?
cc-745,Jusqu'à quel degré de parenté puis-je hériter de ma famille si je n'ai pas de conjoint ?
cc-745,Quelles sont les limites de l'héritage pour les membres de ma famille éloignée ?
cc-784,Quels gestes puis-je faire pour gérer la succession sans être considéré comme héritier ?
cc-784,Puis-je payer les factures et les dettes du défunt sans accepter la succession ?
cc-831-3,Qu'est-ce que signifie avoir un droit de préférence pour le conjoint après un décès ?
cc-831-3,Les droits du conjoint survivant peuvent-ils affecter ceux des autres héritiers dans une succession ?
cc-831-2,Puis-je demander de garder la maison de mon grand-parent si j'y vivais avec lui ?
cc-831-2,Est-ce que je peux hériter du véhicule de mon grand-parent si j'en ai besoin au quotidien ?
cc-794,Qu'est-ce que je dois faire si je veux garder un bien hérité après avoir accepté la succession ?
cc-794,Combien de temps ai-je pour déclarer un bien hérité au tribunal après l'avoir accepté ?
cc-804,Comment un héritier peut-il officialiser sa décision de renoncer à une succession ?
cc-804,Quel est le délai pour faire connaître sa renonciation à la succession après avoir décidé de ne pas l'accepter ?
cc-809-1,Que se passe-t-il si personne ne s'occupe de la succession d'un proche décédé ?
cc-809-1,Qui peut demander l'aide d'un juge pour gérer une succession laissée vacante ?
cc-836,Que se passe-t-il si un héritier ne peut pas exprimer son avis lors du partage de la succession ?
cc-836,Est-il possible de partager les biens si un héritier est sous protection juridique ?
cc-727-1,Comment un héritier peut-il demander qu'un autre héritier soit déclaré indigne de hériter ?
cc-727-1,Quel est le délai pour demander la déclaration d'indignité d'un héritier après un décès ?
cc-815-11,Comment puis-je obtenir ma part des bénéfices de la succession ?
cc-815-11,Que se passe-t-il si des désaccords surviennent entre héritiers concernant la répartition des biens ?
cc-815-5-1,Comment peut-on vendre un bien qui appartient à plusieurs héritiers ensemble ?
cc-815-5-1,Que se passe-t-il si certains héritiers ne sont pas d'accord pour vendre un bien commun ?
cc-788,Comment dois-je faire pour accepter la succession de mon grand-parent ?
cc-788,Où dois-je déposer ma déclaration pour gérer l'héritage en France ?
cc-727,Quelles actions peuvent rendre une personne indigne de recevoir un héritage ?
cc-727,Comment peut-on être exclu de la succession d'un proche décédé ?
cc-878,Comment les créanciers du défunt peuvent-ils être remboursés avant les créanciers de l'héritier ?
cc-878,Les créanciers personnels de l'héritier ont-ils des droits sur les biens hérités ?
cc-810-11,Quels sont les frais que je dois prendre en compte en tant qu'héritier dans une succession ?
cc-810-11,Comment les frais liés à la gestion d'une succession peuvent-ils affecter ma part d'héritage ?
cc-810-2,Que fait le curateur pour gérer les biens d'une succession qui n'a pas d'héritiers ?
cc-810-2,Comment le curateur peut-il vendre des biens si la succession est vacante ?
cc-810-3,Comment se déroule la vente des biens lors d'une succession vacante ?
cc-810-3,Quels professionnels peuvent être impliqués dans la vente des biens d'une succession ?
cc-815-6,Quelles actions urgentes peuvent être prises pour gérer les biens partagés d'une succession ?
cc-815-6,Est-ce qu'un héritier peut vendre un bien de la succession sans l'accord des autres ?
cc-840,Que faire si un membre de la famille refuse de partager les biens de la succession ?
cc-840,Comment agir si des désaccords surgissent lors du partage des biens hérités ?
cc-841,Quel tribunal doit-on contacter pour résoudre des problèmes liés à un partage de succession ?
cc-841,Que faire si des conflits surgissent pendant le partage des biens hérités ?
cc-578,Qu'est-ce que cela signifie d'avoir le droit d'utiliser un bien qui appartient à quelqu'un d'autre ?
cc-578,"Est-ce que je peux modifier un bien dont je bénéficie, même si je ne suis pas le propriétaire ?"
cc-579,Qu'est-ce que l'usufruit et comment peut-il être créé ?
cc-579,Peut-on établir un usufruit simplement par un accord entre personnes ?
cc-580,Quelles sont les différentes façons dont on peut établir un usufruit dans une succession ?
cc-580,Est-il possible d'avoir un usufruit qui commence à une date précise ou sous certaines conditions ?
cc-581,Est-ce qu'on peut avoir un droit d'usage sur des objets ou des biens immobiliers dans une succession ?
cc-581,Quels types de biens peuvent être concernés par un droit d'usufruit lors d'une héritage ?
cc-582,Qu'est-ce que cela signifie pour moi si quelqu'un a un usufruit sur un bien hérité ?
cc-582,Quels types de revenus ou de bénéfices puis-je attendre d'un bien dont quelqu'un a l'usufruit ?
cc-583,Quels types de produits sont considérés comme des fruits naturels dans une succession ?
cc-583,Comment différencier les fruits naturels et les fruits industriels dans le cadre d'un héritage ?
cc-584,Qu'est-ce que l'on entend par les revenus générés par des biens immobiliers dans une succession ?
cc-584,Quels types de revenus peut-on considérer comme des fruits civils lors d'une héritage ?
cc-586,Comment les revenus d'une propriété sont-ils répartis pendant l'usufruit ?
cc-586,Est-ce que l'usufruitier peut toucher les loyers ou les revenus d'une maison ?
cc-587,Qu'est-ce que cela signifie pour moi si j'hérite d'argent ou de biens consommables ?
cc-587,Dois-je rendre exactement ce que j'ai utilisé ou juste leur valeur à la fin de l'usufruit ?
cc-588,Est-ce que je peux toucher les paiements d'une rente viagère pendant ma période d'usufruit ?
cc-588,Dois-je rembourser les montants que je reçois d'une rente viagère en tant qu'usufruitier ?
cc-589,Puis-je utiliser les meubles hérités comme je le souhaite sans m'inquiéter de leur usure ?
cc-589,"Si j'abîme des objets hérités, serai-je responsable de leur état à la fin de la succession ?"
cc-590,Quelles sont les obligations d'un usufruitier concernant les coupes de bois dans une succession ?
cc-590,Est-ce que l'usufruitier peut être indemnisé pour les coupes de bois qu'il n'a pas réalisées ?
cc-591,Qu'est-ce que cela signifie pour moi si je suis héritier d'un terrain avec des arbres à couper ?
cc-591,Comment puis-je utiliser les arbres d'une propriété héritée sans enfreindre des règles spécifiques ?
cc-592,Est-ce que je peux couper des arbres dans la succession de mon grand-parent ?
cc-592,Puis-je utiliser des arbres tombés pour réparer la propriété héritée ?
cc-593,Qu'est-ce que je peux récolter dans les bois après la succession de mon grand-parent ?
cc-593,Est-ce que je peux prendre des fruits des arbres hérités dans la succession ?
cc-594,"Si des arbres fruitiers de la propriété sont endommagés, qui doit s'en occuper et les remplacer ?"
cc-594,Que se passe-t-il si des arbres fruitiers meurent ou sont détruits par accident dans une succession ?
cc-595,Est-ce que je peux louer un bien hérité sans l'accord des autres héritiers ?
cc-595,Que se passe-t-il si un bail dépasse neuf ans après la fin de l'usufruit ?
cc-596,Est-ce que je peux bénéficier des augmentations de valeur de biens que j'hérite ?
cc-596,Quels sont mes droits concernant les modifications apportées aux biens que je possède en usufruit ?
cc-597,Qu'est-ce que cela signifie pour moi si je suis usufruitier d'un bien hérité ?
cc-597,Quels droits ai-je sur le bien si je suis en usufruit après la succession ?
cc-598,Est-ce que je peux utiliser les mines de mon grand-parent dès que l'héritage est accepté ?
cc-598,Ai-je besoin d'une autorisation spéciale pour exploiter des carrières héritées ?
cc-599,Quelles protections ont les personnes qui utilisent un bien en usufruit ?
cc-599,Que se passe-t-il pour les améliorations apportées à un bien à la fin de l'usufruit ?
cc-600,Comment puis-je prendre possession des biens hérités si je ne suis pas le propriétaire ?
cc-600,Est-ce que je dois faire un inventaire des biens avant d'en profiter ?
cc-602,Que se passe-t-il si l'usufruitier ne peut pas fournir de garantie pour les biens hérités ?
cc-602,Comment les revenus générés par l'usufruit sont-ils gérés si l'usufruitier n'a pas de caution ?
cc-603,Que se passe-t-il si l'usufruitier ne fournit pas de garantie pour les meubles utilisés ?
cc-603,L'usufruitier peut-il garder certains meubles même s'ils s'usent durant son usufruit ?
cc-604,Est-ce que je peux toucher les fruits de la succession même si je n'ai pas encore donné de garantie ?
cc-604,Les droits sur les biens de la succession commencent-ils dès l'ouverture de l'usufruit ?
cc-605,Quelles réparations dois-je prendre en charge en tant qu'usufruitier d'un bien hérité ?
cc-605,Est-ce que je suis responsable des grosses réparations si elles sont dues à un manque d'entretien ?
cc-606,Quelles sont les réparations importantes que l'usufruitier doit gérer dans une propriété ?
cc-606,Quelles réparations sont considérées comme de simples entretiens et ne relèvent pas de l'usufruitier ?
cc-607,Est-ce que je dois reconstruire une maison qui est tombée en ruine après le décès de mon grand-parent ?
cc-607,Suis-je obligé de réparer des dégâts causés par un événement imprévu sur la propriété héritée ?
cc-608,Quelles sont les dépenses que je dois payer si je profite d'un bien hérité ?
cc-608,"En tant qu'usufruitier, quelles charges annuelles suis-je responsable de couvrir ?"
cc-609,Qui est responsable de payer les charges liées à un bien durant l'usufruit ?
cc-609,Que se passe-t-il si l'usufruitier avance des frais pour le bien ?
cc-610,Comment les rentes ou pensions alimentaires héritées doivent-elles être gérées par les héritiers ?
cc-610,Quelles sont les responsabilités d'un héritier en ce qui concerne les legs de rentes viagères ?
cc-611,"Si je suis usufruitier, devrais-je payer les dettes liées à la propriété que j'occupe ?"
cc-611,Que se passe-t-il si je dois régler des dettes sur le bien en usufruit ?
cc-612,Que doit faire l'usufruitier par rapport aux dettes liées à un bien qu'il utilise ?
cc-612,"Si l'usufruitier ne paie pas sa part des dettes, quelles options a le propriétaire ?"
cc-613,Quelles sont les dépenses que je dois couvrir en tant qu'usufruitier ?
cc-613,Suis-je responsable des frais juridiques liés à l'usufruit que j'occupe ?
cc-614,Que dois-je faire si quelqu'un empiète sur la propriété de la succession ?
cc-614,Suis-je responsable des dommages si je ne signale pas une usurpation sur le bien hérité ?
cc-615,Que se passe-t-il si l'animal dont je bénéficie meurt sans ma responsabilité ?
cc-615,Suis-je obligé de remplacer un animal qui meurt pendant que j'en ai l'usufruit ?
cc-616,Que se passe-t-il si un animal d'un troupeau meurt pendant que je gère l'usufruit ?
cc-616,Suis-je responsable des pertes d'animaux dans un troupeau en usufruit en cas d'accident ?
cc-618,Quelles sont les raisons pour lesquelles l'usufruit peut se terminer ?
cc-618,Que se passe-t-il si l'usufruitier ne prend pas soin du bien ?
cc-619,Combien de temps peut durer l'usufruit si ce n'est pas donné à une personne en particulier ?
cc-619,Quelles sont les conditions de durée pour l'usufruit dans un cadre général ?
cc-620,Que se passe-t-il avec l'usufruit si la personne concernée décède avant d'atteindre l'âge prévu ?
cc-620,L'usufruit prend-il fin automatiquement si le bénéficiaire meurt avant un certain âge ?
cc-621,Que se passe-t-il si un bien avec usufruit est vendu sans l'accord de l'usufruitier ?
cc-621,Comment le prix d'une vente se partage-t-il entre l'usufruit et la nue-propriété ?
cc-622,Que se passe-t-il si l'usufruitier renonce à ses droits et que cela nuit à ses créanciers ?
cc-622,Les créanciers peuvent-ils contester la décision de l'usufruitier s'ils en souffrent ?
cc-623,Que se passe-t-il si une partie de l'objet de l'usufruit est endommagée ?
cc-623,L'usufruit est-il annulé si une partie de la propriété est détruite ?
cc-624,Que se passe-t-il si le bâtiment sur lequel j'ai un usufruit est détruit ?
cc-624,Puis-je garder le terrain si le bâtiment dont je dispose est détruit ?
cc-625,Comment s'établissent et se perdent les droits d'usage et d'habitation dans une succession ?
cc-625,Les droits d'usage et d'habitation sont-ils similaires à ceux de l'usufruit ?
cc-626,Quelles sont les étapes à suivre avant de bénéficier de l'usage d'un bien hérité ?
cc-626,Est-il nécessaire de fournir une garantie pour utiliser un bien reçu en héritage ?
cc-628,Comment les droits d'usage et d'habitation sont-ils définis dans le cadre d'une succession ?
cc-628,Quels sont les critères qui déterminent l'étendue des droits d'usage et d'habitation dans une succession ?
cc-629,Que se passe-t-il si le document de succession ne précise pas les droits des héritiers ?
cc-629,Comment sont déterminés les droits d'usage et d'habitation en l'absence de précisions dans le titre ?
cc-630,Puis-je utiliser les fruits d'un bien pour mes besoins et ceux de ma famille ?
cc-630,Est-ce que je peux demander des fruits pour mes enfants nés après avoir obtenu l'usage ?
cc-631,Est-ce que je peux prêter ou louer le droit d'usage que j'ai hérité ?
cc-631,Puis-je transférer le droit d'usage à quelqu'un d'autre si je le souhaite ?
cc-632,Est-ce que je peux vivre dans la maison héritée même si je ne suis pas marié ?
cc-632,Puis-je inviter ma famille à habiter avec moi dans la maison héritée ?
cc-633,Qu'est-ce que signifie le droit d'habitation pour une personne et sa famille ?
cc-633,Quels sont les limites du droit d'habitation pour un héritier ?
cc-634,Est-ce que je peux louer la maison que j'hérite si j'en ai le droit d'habitation ?
cc-634,Puis-je transférer à quelqu'un d'autre mon droit d'habitation sur le bien hérité ?
cc-635,Quelles dépenses dois-je couvrir si j'occupe entièrement la maison héritée ?
cc-635,Comment sont répartis les frais si je n'occupe qu'une partie de la propriété ?
cc-636,Quelles sont les règles à suivre pour utiliser des bois et forêts hérités ?
cc-636,Y a-t-il des lois spécifiques concernant l'utilisation des forêts dans une succession ?
cc-617,Quelles sont les raisons pour lesquelles un usufruit peut cesser d'exister ?
cc-617,Que se passe-t-il si l'usufruitier meurt ou ne utilise pas son droit pendant longtemps ?
cc-585,Qui a le droit de récolter les fruits d'un arbre pendant l'usufruit ?
cc-585,Que se passe-t-il avec les fruits à la fin de l'usufruit ?
cc-601,Quelles sont les responsabilités d'une personne qui a le droit d'utiliser un bien hérité ?
cc-601,Les parents peuvent-ils utiliser les biens de leurs enfants sans avoir à garantir quoi que ce soit ?
cc-627,Comment puis-je utiliser une maison qui m'a été laissée sans causer de soucis aux autres ?
cc-627,Quelles sont les limites de mon droit d'habiter une propriété héritée ?
cc-1245-1,Quels types de dommages peuvent être remboursés si on est affecté par un produit défectueux ?
cc-1245-1,Est-il possible d'obtenir une compensation pour des biens endommagés par un produit défectueux ?
cc-1245-2,Qu'est-ce qui est considéré comme un produit dans le cadre de la responsabilité civile ?
cc-1245-2,L'électricité fait-elle partie des biens qui peuvent être qualifiés de produits ?
cc-1245-3,Comment savoir si un produit est considéré comme dangereux ou défectueux ?
cc-1245-3,Quels facteurs doivent être pris en compte pour évaluer la sécurité d'un produit ?
cc-1245-4,Quand un produit est-il considéré comme mis en circulation par le producteur ?
cc-1245-4,Un produit peut-il être mis en circulation plusieurs fois par le même producteur ?
cc-1245-5,Qui est considéré comme le producteur d'un produit lorsque l'on parle de responsabilité ?
cc-1245-5,Quelles personnes ne sont pas considérées comme des producteurs en matière de responsabilité ?
cc-1245-6,Que faire si je ne connais pas le producteur d'un produit défectueux ?
cc-1245-6,Qui est responsable si un produit que j'ai acheté est dangereux et le fabricant est introuvable ?
cc-1245-7,Qui est responsable si un produit endommage un autre à cause d'un défaut ?
cc-1245-7,Quelles sont les responsabilités en cas de dommage causé par un produit défectueux intégré dans un autre ?
cc-1245-8,Comment prouver que le produit défectueux a causé un dommage ?
cc-1245-8,Quelles sont les étapes pour établir la responsabilité d'un produit défectueux ?
cc-1245-9,Est-ce que le fabricant peut être tenu responsable même s'il a respecté toutes les normes de fabrication ?
cc-1245-9,"Un produit défectueux peut-il engager la responsabilité de son créateur, même avec une autorisation officielle ?"
cc-1245-10,Quelles conditions permettent à un producteur d'éviter sa responsabilité pour un produit défectueux ?
cc-1245-10,Dans quel cas un producteur n'est-il pas tenu responsable d'un dommage causé par un produit ?
cc-1245-11,Est-ce que le producteur peut se défendre si un produit cause des dommages liés à la santé humaine ?
cc-1245-11,Quelles sont les limitations pour un producteur en cas de produits défectueux causant des blessures ?
cc-1245-12,Est-ce que je peux être partiellement responsable si j'ai utilisé un produit défectueux de manière imprudente ?
cc-1245-12,Dans quelles situations la responsabilité du producteur peut-elle être diminuée après un accident avec un produit défectueux ?
cc-1245-13,Est-ce que le producteur peut être tenu responsable même si quelqu'un d'autre a causé le problème ?
cc-1245-13,La responsabilité du producteur change-t-elle si un tiers est impliqué dans l'accident ?
cc-1245-14,Est-ce que je peux limiter ma responsabilité si un produit défectueux cause des dommages ?
cc-1245-14,Quelles sont les règles concernant la responsabilité pour un produit défectueux dans une succession ?
cc-1245-15,Combien de temps peut-on demander réparation après un dommage causé par un produit défectueux ?
cc-1245-15,Quelles sont les conditions pour que le producteur soit responsable d'un dommage causé par son produit ?
cc-1245-16,Combien de temps ai-je pour demander une réparation si un produit a causé un dommage ?
cc-1245-16,À partir de quel moment commence le délai pour agir en cas de produit défectueux ?
cc-1245-17,Quelles sont les protections dont je bénéficie si je suis victime d'un dommage lié à un produit défectueux ?
cc-1245-17,Est-ce que le producteur peut être tenu responsable des problèmes causés par ses produits ?
cc-1245,Quelles sont les conséquences si un produit défectueux cause un dommage à quelqu'un ?
cc-1245,Un producteur peut-il être tenu responsable même sans contrat avec la victime ?
cc-1244,"Si un bâtiment s'effondre, qui est responsable des dégâts causés ?"
cc-1244,Quelles sont les raisons pour lesquelles un propriétaire peut être tenu responsable d'un accident lié à son bâtiment ?
cc-1243,"Si mon grand-parent avait un animal qui a causé un accident, qui est responsable ?"
cc-1243,Je veux savoir si je peux être tenu responsable pour des dommages causés par un animal de la famille.
cc-1241,Quelles sont les raisons pour lesquelles une personne peut être tenue responsable d'un dommage qu'elle a causé ?
cc-1241,Est-ce que la négligence d'une personne peut entraîner des conséquences légales en cas de dommage ?
cc-1240,Que faire si un acte de quelqu'un a causé des problèmes à notre famille ?
cc-1240,Comment peut-on obtenir réparation si un dommage a été causé par une autre personne ?
cc-1246,Que doit faire quelqu'un qui a causé un dommage à l'environnement ?
cc-1246,Est-ce que la personne responsable d'un préjudice écologique doit compenser les dommages ?
cc-1247,Qu'est-ce qu'un préjudice écologique et comment peut-il être réparé ?
cc-1247,Quels types de dommages à l'environnement peuvent donner lieu à une compensation ?
cc-1249,Comment peut-on réparer un dommage causé à l'environnement si la réparation directe n'est pas possible ?
cc-1249,Qui reçoit l'indemnisation si la victime ne peut pas prendre des mesures pour réparer le préjudice écologique ?
cc-1250,Que se passe-t-il si quelqu'un ne respecte pas ses obligations concernant l'environnement ?
cc-1250,Comment les amendes pour non-respect des règles environnementales sont-elles utilisées par le juge ?
cc-1251,Quelles dépenses peuvent être remboursées si je préviens un dommage imminent ?
cc-1251,"Si un préjudice écologique survient, puis-je être indemnisé pour les frais engagés pour le réduire ?"
cc-1252,Que peut faire un juge pour arrêter un dommage écologique si je fais une demande ?
cc-1252,Est-ce que je peux demander des mesures pour protéger l'environnement après un préjudice ?
cc-1248,Qui peut demander une réparation pour un dommage causé à l'environnement ?
cc-1248,Est-ce qu'un particulier comme moi peut agir pour protéger la nature en cas de préjudice écologique ?
cc-1253,Qui est responsable si un voisin cause des nuisances importantes après un héritage ?
cc-1253,Peut-on demander réparation si le trouble vient d'activités anciennes du voisinage ?
cc-1254,Que se passe-t-il si quelqu'un enfreint ses obligations professionnelles et cause des dommages aux autres ?
cc-1254,Comment est déterminé le montant à payer en cas de faute grave d'une personne dans sa profession ?
cc-1242,Quelles sont les personnes responsables des dommages causés par un mineur ?
cc-1242,Dans quels cas un propriétaire n'est-il pas responsable des dommages d'incendie ?
cc-893,Qu'est-ce qu'une libéralité et comment cela fonctionne-t-il dans une succession ?
cc-893,Quels sont les moyens par lesquels une personne peut faire une libéralité ?
cc-894,Qu'est-ce qu'une donation entre vifs et comment cela fonctionne-t-il pour les héritiers ?
cc-894,Comment un donateur renonce-t-il à un bien lors d'une donation entre vifs ?
cc-895,Qu'est-ce qu'un testament et comment fonctionne-t-il pour répartir les biens après le décès ?
cc-895,Est-ce qu'une personne peut changer d'avis sur son testament avant de décéder ?
cc-896,Est-ce que je peux garder un bien pour le rendre à quelqu'un d'autre sans autorisation légale ?
cc-896,Quelles sont les conditions pour conserver un bien en attendant de le remettre à une autre personne ?
cc-899,Comment peut-on partager un bien entre deux personnes dans une succession ?
cc-899,Qu'est-ce que cela signifie d'avoir l'usufruit et la nue-propriété séparément dans une héritage ?
cc-900,Quelles sont les conditions qui ne peuvent pas être imposées dans un testament ?
cc-900,Comment savoir si une clause dans un héritage est valable ou non ?
cc-900-1,Quelles sont les conditions pour qu'une clause d'inaliénabilité soit valable dans une succession ?
cc-900-1,Est-il possible de vendre un bien hérité si la clause d'inaliénabilité n'est plus justifiée ?
cc-900-2,Que faire si les conditions d'un don deviennent trop difficiles à respecter après un changement de situation ?
cc-900-2,Puis-je demander de changer les conditions d'un legs si elles me posent des problèmes aujourd'hui ?
cc-900-3,Comment puis-je demander une révision de la succession si des héritiers ne sont pas clairement identifiés ?
cc-900-3,Que faire si je ne connais pas tous les héritiers lors de la révision de la succession ?
cc-900-4,Que peut faire un juge s'il doit revoir une donation faite par un proche ?
cc-900-4,Comment un juge peut-il adapter les conditions d'une libéralité pour respecter la volonté de la personne qui a donné ?
cc-900-5,Combien de temps après le décès peut-on faire une demande concernant une succession ?
cc-900-5,Quelles preuves dois-je fournir pour montrer que j'ai respecté mes obligations liées à l'héritage ?
cc-900-6,Que faire si je soupçonne une fraude dans la succession de mon grand-parent ?
cc-900-6,Est-ce que je peux contester un jugement sur la succession si je n'étais pas d'accord ?
cc-900-7,Que se passe-t-il si les conditions de la succession deviennent à nouveau réalisables ?
cc-900-7,Les héritiers peuvent-ils demander l'exécution des conditions d'une succession après un changement de situation ?
cc-900-8,Quelles sont les conséquences si quelqu'un conteste une condition d'une donation ?
cc-900-8,Est-ce qu'un héritier peut perdre sa part s'il remet en question une clause de la succession ?
cc-901,Quelles sont les conditions de santé mentale nécessaires pour faire un don ou un testament ?
cc-901,Dans quelles situations un don ou un testament peut-il être annulé ?
cc-902,Qui peut donner ou recevoir des biens par testament ou donation ?
cc-902,Y a-t-il des personnes qui ne peuvent pas recevoir des héritages ou des dons ?
cc-903,Est-ce qu'un enfant de moins de seize ans peut hériter ou donner des biens ?
cc-903,Quelles sont les règles pour les mineurs concernant les successions ou les donations ?
cc-904,À quel âge un mineur peut-il commencer à rédiger un testament ?
cc-904,Quelles sont les limites pour un mineur concernant la disposition de ses biens ?
cc-906,Est-ce que je peux hériter si je suis né après la donation de mes parents ?
cc-906,Un enfant conçu mais pas encore né peut-il bénéficier d'un testament ?
cc-907,Est-ce qu'un mineur peut donner des biens à son tuteur par testament ?
cc-907,Quelles sont les conditions pour qu'un héritier puisse donner à son ancien tuteur après avoir atteint la majorité ?
cc-909,Est-ce que les médecins qui ont soigné une personne décédée peuvent hériter d'elle ?
cc-909,Quelles sont les exceptions pour qu'un soignant puisse bénéficier d'un héritage ?
cc-913-1,Est-ce que mes enfants sont considérés comme des héritiers dans la succession de leur grand-parent ?
cc-913-1,Puis-je hériter même si je suis un petit-enfant et non un enfant direct ?
cc-914-1,Est-ce que le conjoint survivant a des droits sur les biens laissés par le défunt ?
cc-914-1,Combien de biens peuvent être donnés par testament si le défunt avait un conjoint et pas d'enfants ?
cc-917,Que se passe-t-il si la valeur d'un héritage dépasse ce que je peux recevoir ?
cc-917,Puis-je choisir entre accepter un héritage ou renoncer à une partie de celui-ci ?
cc-918,Comment se passe le calcul des biens donnés avant le décès dans une succession ?
cc-918,Qui peut demander une réduction si des biens ont été donnés à un héritier avant le décès ?
cc-919,Qu'est-ce que la quotité disponible et comment peut-elle être donnée aux héritiers ?
cc-919,Comment savoir si un don fait est hors part successorale pour éviter des problèmes lors de la succession ?
cc-920,Que se passe-t-il si un héritier a reçu plus que sa part légale dans un héritage ?
cc-920,Comment peut-on réduire les cadeaux faits par le défunt qui dépassent ce qui est autorisé ?
cc-922,Comment évaluer la valeur des biens au moment du décès d'un proche ?
cc-922,Que se passe-t-il si des biens ont été donnés avant le décès ?
cc-923,Comment se passe la réduction des donations si le testament contient des biens ?
cc-923,Dans quel ordre les donations sont-elles réduites lors d'une succession ?
cc-924,Que se passe-t-il si un héritier reçoit plus que sa part légale dans une succession ?
cc-924,Comment un héritier doit-il compenser les autres si sa part dépasse ce qu'il devrait recevoir ?
cc-926,Que se passe-t-il si un testament dépasse la part que je peux légalement hériter ?
cc-926,Comment est calculée la réduction des legs si les donations sont trop importantes ?
cc-927,"Si un héritier a reçu un bien en héritage, est-ce qu'il peut être réduit si d'autres héritiers ont des droits ?"
cc-927,Comment savoir si un legs donné a plus de valeur que les autres legs dans une succession ?
cc-928,Que se passe-t-il si un héritier a reçu plus que sa part légale ?
cc-928,À partir de quand doit-on rendre les biens reçus en trop dans une succession ?
cc-929,Puis-je décider de ne pas demander ma part d'héritage en faveur de quelqu'un d'autre ?
cc-929,Est-ce que ma renonciation à l'héritage doit être acceptée pour être valable ?
cc-930,Comment peut-on renoncer à une part d'héritage de manière officielle ?
cc-930,Quelles sont les conditions pour que la renonciation à l'héritage soit valable ?
cc-931,Comment doit-on procéder pour effectuer une donation de son vivant ?
cc-931,Quelles sont les conséquences si une donation n'est pas faite devant un notaire ?
cc-932,Quand un don est-il considéré comme accepté par le donataire ?
cc-932,Quels sont les effets d'une donation si elle n'a pas été acceptée clairement ?
cc-933,Comment un adulte peut-il accepter une donation s'il ne peut pas le faire lui-même ?
cc-933,Quelles sont les démarches à suivre pour qu'une personne accepte une donation en mon nom ?
cc-935,Comment un mineur peut-il recevoir une donation si ses parents ne sont pas ses tuteurs ?
cc-935,Qui doit accepter une donation faite à un mineur non émancipé ?
cc-936,Comment une personne sourde-muette peut-elle accepter une donation si elle sait écrire ?
cc-936,Que se passe-t-il pour un sourd-muet qui ne sait pas écrire concernant l'acceptation d'une donation ?
cc-938,Comment une donation devient-elle valable entre deux personnes ?
cc-938,Quelles sont les étapes nécessaires pour que le donataire reçoive un bien donné ?
cc-941,Que se passe-t-il si la donation n'a pas été rendue publique ?
cc-941,Qui peut contester une donation si elle n'a pas été publiée ?
cc-943,Est-ce qu'une donation peut inclure des biens que le donateur n'a pas encore ?
cc-943,Quels types de biens peuvent être donnés de son vivant sans problème ?
cc-944,Quelles sont les conditions pour qu'une donation soit valable entre deux personnes ?
cc-944,Que se passe-t-il si une donation dépend uniquement de la volonté du donneur ?
cc-945,Quelles sont les conditions pour qu'une donation soit valable dans une succession ?
cc-945,Une donation peut-elle être annulée si elle impose de payer d'autres dettes non mentionnées ?
cc-946,Que devient un bien donné si la personne qui a fait le don ne l'a pas utilisé avant sa mort ?
cc-946,Les héritiers peuvent-ils récupérer une somme d'argent laissée dans une donation si le donateur ne s'en est pas servi ?
cc-947,Quelles sont les exceptions aux règles sur les donations que je devrais connaître ?
cc-947,Les règles sur les donations entre vivants s'appliquent-elles à toutes les situations de succession ?
cc-948,Comment doit-on procéder pour que la donation de biens soit considérée comme valide ?
cc-948,Quelles sont les conditions à remplir pour que les effets mobiliers soient donnés légalement ?
cc-949,Est-ce que je peux garder l'usage d'un bien donné même si je ne suis pas le propriétaire ?
cc-949,Un donateur peut-il décider de garder des droits sur un bien qu'il offre à quelqu'un d'autre ?
cc-950,Que se passe-t-il quand un bien donné doit être récupéré après la fin de l'usufruit ?
cc-950,Quels recours ai-je si des objets donnés ne sont plus disponibles à la fin de l'usufruit ?
cc-951,Est-ce que je peux récupérer un cadeau si la personne qui l'a reçu décède avant moi ?
cc-951,Un donateur peut-il prévoir de reprendre un don si le bénéficiaire meurt avant lui ?
cc-952,Que se passe-t-il avec les biens donnés si le donateur souhaite les récupérer ?
cc-952,Les biens retournés au donateur sont-ils soumis à des dettes ou charges ?
cc-953,Quelles sont les raisons pour lesquelles une donation peut être annulée après sa réalisation ?
cc-953,Dans quelles situations un donateur peut-il retirer une donation faite de son vivant ?
cc-954,Que se passe-t-il si une donation n'est pas respectée par le bénéficiaire ?
cc-954,Est-ce que les biens donnés peuvent revenir au donateur en cas de non-respect des conditions ?
cc-955,Dans quelles situations un don peut-il être annulé à cause d'un comportement ingrat de la part du bénéficiaire ?
cc-955,Quelles actions d'un héritier peuvent justifier le retrait d'une donation faite par le donateur ?
cc-956,Est-ce que je peux annuler une donation si les conditions ne sont pas respectées ?
cc-956,Peut-on retirer une donation simplement parce que la personne a été ingrate ?
cc-957,Est-ce que je peux annuler une donation si je découvre un comportement inacceptable après la mort du donateur ?
cc-957,Combien de temps ai-je pour demander l'annulation d'une donation pour cause d'ingratitude ?
cc-959,Est-ce qu'une donation faite pour un mariage peut être annulée si le donataire se comporte mal ?
cc-959,"Si une personne donne un bien pour un mariage, peut-elle changer d'avis plus tard ?"
cc-961,Est-ce qu'une donation peut être annulée même si l'enfant était déjà en route au moment de la donation ?
cc-961,Peut-on changer d'avis sur une donation faite avant la naissance d'un enfant ?
cc-963,Que devient un bien donné si la donation est annulée ?
cc-963,Les biens révoqués d'une donation sont-ils soumis à des dettes du bénéficiaire ?
cc-964,Que se passe-t-il si l'enfant qui a reçu une donation décède ?
cc-964,La mort d'un héritier peut-elle annuler une donation faite par un proche ?
cc-965,Est-ce que le donateur peut changer d'avis sur un don s'il a un nouvel enfant ?
cc-965,Un donateur peut-il décider de ne plus annuler un don après avoir eu un enfant ?
cc-966,Combien de temps un donateur a-t-il pour annuler une donation après la naissance de son dernier enfant ?
cc-966,Qui peut demander l'annulation d'une donation entre vifs dans le cadre des règles de succession ?
cc-967,Comment un proche peut-il exprimer ses souhaits concernant ses biens après son décès ?
cc-967,Quelles sont les différentes façons dont une personne peut organiser sa succession par testament ?
cc-968,Est-il possible pour deux personnes de rédiger un testament ensemble ?
cc-968,Un testament peut-il bénéficier à plusieurs personnes en même temps ?
cc-969,Quels types de testaments existent pour transmettre un héritage ?
cc-969,Comment peut-on rédiger un testament pour que ce soit valide ?
cc-970,Quelles sont les conditions pour qu'un testament écrit à la main soit valide ?
cc-970,Un testament doit-il suivre des règles spécifiques en plus d'être écrit et signé ?
cc-971,Comment un testament peut-il être validé en présence de notaires et de témoins ?
cc-971,Quels sont les témoins nécessaires pour un testament officiel ?
cc-973,Comment un testament doit-il être signé pour être valide ?
cc-973,Que se passe-t-il si la personne ne peut pas signer son testament ?
cc-974,Qui doit signer un testament pour qu'il soit valable dans une succession ?
cc-974,Quels sont les documents nécessaires pour officialiser un testament lors d'une succession ?
cc-975,Qui ne peut pas être témoin lors de la rédaction d'un testament ?
cc-975,Les membres de ma famille peuvent-ils témoigner pour un testament que je rédige ?
cc-976,Comment un testateur doit-il préparer un testament mystique pour qu'il soit valide ?
cc-976,Quelles sont les étapes à suivre pour faire reconnaître un testament par un notaire et des témoins ?
cc-977,Que se passe-t-il si la personne qui a fait le testament ne sait pas signer ?
cc-977,Comment est mentionné le fait qu'un testateur ne peut pas signer son testament ?
cc-978,Quelles sont les limites pour quelqu'un qui ne sait pas lire en matière de testament ?
cc-978,Est-ce qu'une personne handicapée à l'écrit peut rédiger un testament comme les autres ?
cc-979,Que se passe-t-il si une personne ne peut pas parler mais peut écrire un testament ?
cc-979,Un testament mystique est-il valide s'il ne respecte pas toutes les règles légales ?
cc-980,Quelles sont les conditions que doivent remplir les témoins d'un testament ?
cc-980,Est-ce que des membres d'un couple peuvent être témoins d'un même testament ?
cc-982,Comment un testament peut-il être rédigé si la personne est à l'hôpital ?
cc-982,Qui peut recevoir un testament dans un cadre militaire en cas de maladie ou blessure ?
cc-983,Comment se passe le dépôt du testament si le testateur ne peut pas faire un double original ?
cc-983,Que doit-on faire si le testament est signé par des témoins en raison de la santé du testateur ?
cc-984,Que se passe-t-il si le testament n'est pas renouvelé après six mois dans un lieu approprié ?
cc-984,Comment un testament peut-il rester valide si le testateur change de situation après six mois ?
cc-987,Que se passe-t-il si un testament n'est pas utilisé dans les six mois après la réouverture des communications ?
cc-987,Pourquoi un testament peut-il devenir invalide après six mois dans certaines situations ?
cc-988,Comment un testament peut-il être fait en mer si on ne peut pas contacter la terre ?
cc-988,Qui peut recevoir un testament à bord d'un navire en cas d'urgence ?
cc-989,Comment un testament est-il validé pour les bâtiments de l'État en l'absence d'un officier d'administration ?
cc-989,Qui peut recevoir un testament sur les bâtiments autres que ceux de l'État ?
cc-990,Que se passe-t-il si le testateur ne peut pas faire un double de son testament ?
cc-990,Comment est validé un testament si le deuxième original n'est pas disponible à cause de la santé du testateur ?
cc-991,Que doit faire un agent diplomatique français avec un testament déposé à l'étranger ?
cc-991,Comment un testament est-il transmis au ministre de la mer depuis un port étranger ?
cc-992,Comment doit-on gérer un testament arrivé par bateau dans un port français ?
cc-992,Que se passe-t-il pour un testament lors de son transport maritime ?
cc-994,"Un testament fait en mer est-il toujours valide, même si le testateur revient à terre ?"
cc-994,Quels sont les délais pour qu'un testament maritime reste valable après le débarquement ?
cc-995,Quelles sont les règles pour un testament fait en mer pour des officiers non liés au testateur ?
cc-995,Un testament rédigé pendant un voyage maritime est-il valable s'il concerne des officiers du bateau ?
cc-996,Comment se déroule la lecture du testament en présence des témoins ?
cc-996,Pourquoi est-il important de mentionner la lecture dans le testament ?
cc-997,Comment un testament doit-il être signé pour être valide dans une succession ?
cc-997,Qui doit signer un testament en plus du testateur pour qu'il soit valable ?
cc-998,Que se passe-t-il si la personne qui a fait le testament ne peut pas signer ?
cc-998,Comment doit-on procéder si un témoin ne peut pas signer le testament ?
cc-999,Comment un Français peut-il rédiger son testament s'il est à l'étranger ?
cc-999,Quelles sont les options pour faire un testament à l'étranger selon les règles en vigueur ?
cc-1000,Comment un testament fait à l'étranger peut-il être valide pour des biens en France ?
cc-1000,Que dois-je faire si le testament concerne des propriétés situées en France ?
cc-1001,Quelles sont les règles à suivre pour que le testament soit valable ?
cc-1001,Que se passe-t-il si les formalités du testament ne sont pas respectées ?
cc-1002,Quelles sont les différentes façons dont une personne peut transmettre ses biens par testament ?
cc-1002,Comment un testament peut-il désigner un héritier ou un legs spécifique ?
cc-1003,Qu'est-ce qu'un legs universel et comment cela fonctionne-t-il après un décès ?
cc-1003,"Si je reçois un legs universel, que signifie-t-il pour les biens de mon grand-parent ?"
cc-1004,Que se passe-t-il pour les héritiers lorsque la personne décède et laisse un testament ?
cc-1004,Comment un héritier peut-il récupérer sa part des biens d'une succession après un décès ?
cc-1005,Quand puis-je commencer à profiter des biens laissés par le testament de mon grand-parent ?
cc-1005,Que se passe-t-il si je ne fais pas la demande de délivrance dans l'année suivant le décès ?
cc-1006,Que se passe-t-il si le défunt n'a pas d'héritiers réservataires ?
cc-1006,Est-ce que le légataire universel doit faire une demande pour recevoir les biens ?
cc-1009,"Si je reçois tout l'héritage, devrai-je payer des dettes de la succession ?"
cc-1009,Quelles sont mes responsabilités si je suis le légataire qui reçoit tout des biens ?
cc-1010,Qu'est-ce qu'un legs à titre universel dans une succession ?
cc-1010,Comment un héritier peut-il comprendre la part de biens héritée d'un testateur ?
cc-1011,Comment dois-je demander ma part d'héritage après le décès de mon grand-parent ?
cc-1011,À qui dois-je m'adresser pour obtenir ma part des biens laissés par un proche ?
cc-1012,Quelles sont les responsabilités d'un héritier par rapport aux dettes de la succession ?
cc-1012,Un héritier doit-il payer les dettes de la succession même s'il n'a pas hérité de tout ?
cc-1013,Que se passe-t-il si le testament mentionne des legs spécifiques et des héritiers ?
cc-1013,Comment un héritier doit-il partager les biens si le testament ne couvre pas tout ?
cc-1014,Qu'est-ce qu'un legs et quand puis-je en bénéficier après le décès de mon grand-parent ?
cc-1014,Est-ce que je peux recevoir directement ce qui m'est légué dès le décès de mon aïeul ?
cc-1015,Quand commence-t-on à bénéficier des intérêts d'un héritage après le décès du testateur ?
cc-1015,Est-ce que je dois faire une demande pour recevoir les bénéfices d'un bien légué ?
cc-1016,Qui doit payer les frais liés à la demande de délivrance des biens dans une succession ?
cc-1016,Est-ce que les droits d'enregistrement sont à la charge de l'héritier ou du légataire ?
cc-1017,Comment les héritiers doivent-ils payer un legs en fonction de leur part dans la succession ?
cc-1017,"Si je reçois un legs, suis-je responsable de sa valeur en fonction de ma part d'héritage ?"
cc-1018,Comment la chose léguée doit-elle être remise aux héritiers après le décès du donateur ?
cc-1018,Dans quel état devrons-nous recevoir l'objet de la succession lors de la transmission ?
cc-1019,"Si un proche a laissé un bien immobilier, est-ce que les ajouts faits après comptent aussi ?"
cc-1019,Les améliorations apportées à un bien hérité sont-elles considérées comme faisant partie de l'héritage ?
cc-1020,Que se passe-t-il si le bien hérité est déjà engagé pour une dette ?
cc-1020,Dois-je libérer le bien hérité d'une charge avant de l'accepter ?
cc-1021,Que se passe-t-il si le testament mentionne un bien qui n'appartient pas au défunt ?
cc-1021,Est-ce que je peux hériter d'un bien qui ne m'appartient pas selon le testament ?
cc-1022,"Si un bien hérité est décrit de manière vague, quelle qualité doit-il avoir ?"
cc-1022,Est-ce que je dois donner le meilleur ou le pire des biens que j'ai reçu ?
cc-1023,Est-ce qu'un créancier peut recevoir un héritage pour compenser ce qu'il doit ?
cc-1023,Un domestique peut-il recevoir un héritage au lieu de son salaire ?
cc-1024,Est-ce que je dois payer les dettes de la succession si je reçois un héritage spécifique ?
cc-1024,Quelles sont les obligations financières pour un héritier qui reçoit un legs particulier ?
cc-1025,Qui peut être désigné pour s'assurer que les dernières volontés d'un défunt sont respectées ?
cc-1025,Est-ce que les responsabilités d'un exécuteur testamentaire peuvent être transmises à quelqu'un d'autre après son décès ?
cc-1026,Quelles sont les raisons pour lesquelles un exécuteur testamentaire peut être remplacé par le tribunal ?
cc-1026,Comment un tribunal peut-il décider de retirer un exécuteur testamentaire de ses fonctions ?
cc-1027,Que se passe-t-il si plusieurs exécuteurs testamentaires acceptent la succession ?
cc-1027,Un exécuteur testamentaire peut-il agir seul si les autres ne sont pas disponibles ?
cc-1028,Que fait l'exécuteur testamentaire s'il y a des disputes sur le testament ?
cc-1028,Comment l'exécuteur testamentaire aide-t-il à faire respecter les volontés du défunt ?
cc-1030,Est-ce que l'exécuteur testamentaire peut vendre des biens pour payer des dettes de succession ?
cc-1030,Un exécuteur testamentaire a-t-il le droit de gérer le mobilier hérité ?
cc-1031,Combien de temps un exécuteur testamentaire peut-il être désigné pour gérer une succession ?
cc-1031,Est-il possible de prolonger la durée de l'habilitation d'un exécuteur testamentaire ?
cc-1032,Combien de temps un exécuteur testamentaire a-t-il pour accomplir sa mission ?
cc-1032,Que se passe-t-il si l'exécuteur a besoin de plus de temps pour terminer son travail ?
cc-1033,Qui doit faire le bilan après la mission de l'exécuteur testamentaire ?
cc-1033,Que se passe-t-il si l'exécuteur testamentaire décède avant de rendre ses comptes ?
cc-1034,Qui paie les dépenses liées au travail de l'exécuteur testamentaire lors d'une succession ?
cc-1034,Est-ce que les frais de l'exécuteur testamentaire sont déduits de l'héritage ?
cc-1035,Comment peut-on annuler un testament si on souhaite changer ses dispositions ?
cc-1035,Quelles sont les façons de révoquer un testament déjà établi ?
cc-1036,Que se passe-t-il si un nouveau testament contredit un ancien ?
cc-1036,Un nouveau testament annule-t-il complètement les dispositions d'un précédent ?
cc-1037,Que se passe-t-il si un héritier refuse de prendre ce qui est laissé dans un testament ?
cc-1037,Un testament peut-il être annulé même si l'héritier ne peut pas l'exécuter ?
cc-1038,Que se passe-t-il si le testateur vend un bien qui a été légué ?
cc-1038,Un legs est-il toujours valable si le testateur a disposé du bien après l'avoir légué ?
cc-1039,Que se passe-t-il si la personne désignée dans un testament ne vit plus au moment du décès ?
cc-1039,Est-ce qu'un testament reste valable si le bénéficiaire est décédé avant le testateur ?
cc-1040,Que se passe-t-il si l'héritier décède avant que la condition de l'héritage soit remplie ?
cc-1040,Est-ce qu'un testament peut devenir invalide si une condition n'est pas réalisée ?
cc-1041,"Si un testament inclut une condition, cela signifie-t-il que l'héritier ne recevra rien tant que cette condition n'est pas remplie ?"
cc-1041,Un héritier peut-il transmettre son droit à un bien même si son testament contient une condition suspendue ?
cc-1042,Que se passe-t-il si un bien légué n'existe plus au moment de la succession ?
cc-1042,Est-ce que je peux hériter d'un bien qui a disparu après le décès de mon grand-parent ?
cc-1043,Que se passe-t-il si un héritier refuse le testament de son grand-parent ?
cc-1043,Un héritier peut-il perdre ses droits sur un héritage s'il ne peut pas le recevoir ?
cc-1044,Que se passe-t-il si plusieurs personnes reçoivent un leg sans parts définies ?
cc-1044,Comment fonctionne le partage d'un leg entre plusieurs héritiers si rien n'est précisé ?
cc-1045,Que se passe-t-il si un bien indivisible est donné à plusieurs héritiers dans le même acte ?
cc-1045,Est-ce que plusieurs personnes peuvent recevoir un bien en même temps dans un testament ?
cc-1046,Quelles sont les raisons qui permettent d'annuler un testament après son écriture ?
cc-1046,Peut-on révoquer un testament dans les mêmes situations qu'une donation ?
cc-1047,Quelle est la durée maximale pour contester un testament en cas d'injure grave envers le défunt ?
cc-1047,Est-il possible de demander l'annulation d'un testament après un certain délai si un affront a été fait au testateur ?
cc-1048,Qu'est-ce qu'une libéralité et comment peut-elle être liée à une obligation de transmission ?
cc-1048,Est-ce que je peux être obligé de conserver un bien reçu en héritage pour le transmettre à quelqu'un d'autre ?
cc-1049,Comment savoir si un bien est toujours présent au moment du décès pour bénéficier de la donation ?
cc-1049,Que se passe-t-il si des actions ou biens ont été vendus avant le décès ?
cc-1050,Quand est-ce que le second héritier peut commencer à bénéficier de son héritage ?
cc-1050,Est-ce que le premier héritier peut renoncer à son droit en faveur du second héritier ?
cc-1051,Comment les droits d'un héritier sont-ils liés à ceux de la personne qui a fait un don ?
cc-1051,Quelles sont les conditions pour qu'un héritier bénéficie d'un don reçu par son ancêtre ?
cc-1052,Comment peut-on s'assurer que les conditions d'une succession seront respectées par les héritiers ?
cc-1052,Quelles mesures peut prendre un défunt pour garantir que ses souhaits seront suivis après sa mort ?
cc-1053,Est-ce que le deuxième héritier doit garder et transmettre ce qu'il a reçu ?
cc-1053,"Si une charge est imposée, qui doit s'en occuper dans la succession ?"
cc-1054,Comment une part de l'héritage peut-elle être affectée par une charge si je suis héritier ?
cc-1054,Quel recours ai-je si une charge pèse sur ma part d'héritage et que je veux en être exonéré ?
cc-1055,Est-ce que je peux accepter un héritage même après le décès de la personne qui a fait la donation ?
cc-1055,Mon grand-parent peut-il annuler une donation faite à un autre héritier avant qu'il ne l'accepte ?
cc-1056,Que se passe-t-il si la personne qui reçoit un don meurt avant d'en bénéficier ?
cc-1056,Les héritiers peuvent-ils récupérer un don si le bénéficiaire renonce à son droit ?
cc-1057,Comment fonctionne le partage des biens dans un héritage si le premier héritier décède avant moi ?
cc-1057,Est-il possible qu'un héritier reçoive ce qui reste d'un don après le décès du premier bénéficiaire ?
cc-1058,Que se passe-t-il si la première personne qui reçoit un bien le vend ?
cc-1058,Est-ce que le deuxième héritier peut réclamer de nouveaux biens achetés par le premier héritier ?
cc-1059,Puis-je donner les biens que j'ai reçus en héritage si je suis le premier héritier ?
cc-1059,"Est-ce que je peux léguer les biens que j'ai reçus, même si c'est en avance sur ma part ?"
cc-1060,Est-ce que la personne qui reçoit un héritage doit justifier comment elle l'utilise ?
cc-1060,Les héritiers peuvent-ils demander des comptes à celui qui a reçu un cadeau de la personne décédée ?
cc-1061,Qu'est-ce qu'une libéralité résiduelle et comment cela fonctionne-t-il pour notre héritage ?
cc-1061,Y a-t-il des règles spécifiques à suivre pour les libéralités résiduelles dans une succession ?
cc-1075-1,Est-ce que je peux partager les biens de mon grand-parent avec mes cousins ?
cc-1075-1,Puis-je recevoir une part des biens même si je ne suis pas l'héritier direct ?
cc-1075-2,Peut-on partager une entreprise familiale lors d'une succession entre plusieurs héritiers ?
cc-1075-2,Comment fonctionne la donation-partage d'une entreprise dans le cadre d'une succession ?
cc-1075-3,Est-ce que je peux contester une donation-partage si je pense qu'elle est injuste ?
cc-1075-3,Peut-on demander un ajustement après une donation-partage si je me sens lésé ?
cc-1076,Est-ce que je peux recevoir des biens futurs dans une donation-partage ?
cc-1076,Peut-on réaliser une donation et un partage à des moments différents ?
cc-1077,"Si j'ai reçu un bien avant le décès, cela compte-t-il dans ma part d'héritage ?"
cc-1077,Les biens que j'ai obtenus en avance réduisent-ils ce que je devrais hériter ?
cc-1077-1,Que faire si je n'ai pas reçu ma part équitable lors d'une donation-partage ?
cc-1077-1,Comment puis-je réclamer ma part si elle est inférieure à ce que je devrais avoir ?
cc-1077-2,Comment un héritier peut-il contester une donation-partage après le décès de la personne qui l'a faite ?
cc-1077-2,Quel délai a un héritier pour agir en cas de désaccord sur une donation-partage ?
cc-1078,Comment sont évalués les biens donnés lors d'une donation-partage entre héritiers ?
cc-1078,Quelles conditions doivent être remplies pour que chaque héritier accepte un lot dans le partage anticipé ?
cc-1078-2,Que se passe-t-il si un héritier a déjà reçu un cadeau avant le partage ?
cc-1078-2,Comment un don fait avant le décès est-il pris en compte dans la succession ?
cc-1078-3,Est-ce que je peux recevoir une part de l'héritage sans nouvelle donation de la personne décédée ?
cc-1078-3,Comment se passe le partage de l'héritage entre les héritiers sans nouvelles donations ?
cc-1079,Est-ce que je peux demander un autre partage après avoir reçu mon héritage par testament ?
cc-1079,Un testament-partage m'empêche-t-il de renoncer à mes droits sur l'héritage ?
cc-1080,Que faire si je n'ai pas reçu ma part d'héritage équitable ?
cc-1080,Est-il possible de réclamer un complément si ma part d'héritage est inférieure à celle des autres ?
cc-1081,Est-ce qu'une donation faite dans un contrat de mariage peut inclure des biens pour des enfants à naître ?
cc-1081,Quelles règles s'appliquent aux donations faites entre époux dans un contrat de mariage ?
cc-1082,Est-ce que mes grands-parents peuvent donner leurs biens à mes parents par contrat de mariage ?
cc-1082,Les donations faites par mes grands-parents bénéficient-elles aussi à mes futurs frères ou sœurs ?
cc-1083,Est-ce que je peux changer d'avis après avoir fait une donation à mes petits-enfants ?
cc-1083,Quelles sont les limites pour donner des objets après avoir fait une donation ?
cc-1084,Est-ce que je peux choisir de ne prendre que certains biens de la succession de mon grand-parent ?
cc-1084,Quelles informations doivent être fournies lors d'une donation faite dans un contrat de mariage ?
cc-1085,Que se passe-t-il si je ne mentionne pas les biens lors d'une donation dans un acte ?
cc-1085,"Si j'accepte une donation, dois-je aussi prendre en charge les dettes de la succession ?"
cc-1086,Quelles conditions doivent être remplies pour que la donation faite par contrat de mariage soit valide ?
cc-1086,Que se passe-t-il si le donateur ne dispose pas d'un bien mentionné dans la donation avant de mourir ?
cc-1087,Est-ce que les donations dans un contrat de mariage peuvent être contestées à cause d'un manque d'acceptation ?
cc-1087,Peut-on annuler une donation faite lors d'un mariage si elle n'a pas été acceptée ?
cc-1088,Que se passe-t-il si une donation est faite pour un mariage qui n'a finalement pas lieu ?
cc-1088,"Une donation prévue pour un mariage est-elle toujours valide, même si les époux ne se marient pas ?"
cc-1089,Que se passe-t-il avec les dons si le donateur est toujours en vie après le décès de l'époux ?
cc-1089,Les dons faits à un époux restent-ils valables si cet époux décède avant le donateur ?
cc-1090,Que se passe-t-il avec les dons faits aux époux lors d'une succession ?
cc-1090,Les donations dans un contrat de mariage peuvent-elles être réduites lors d'une succession ?
cc-1091,Comment les couples peuvent-ils se faire des cadeaux ou des donations par le biais de leur contrat de mariage ?
cc-1091,Est-ce que les époux peuvent choisir librement ce qu'ils se donnent dans leur contrat de mariage ?
cc-1092,Quelles sont les conditions pour qu'une donation entre époux soit valable dans un contrat de mariage ?
cc-1092,"Si une donation entre époux n'indique pas de condition de survie, est-elle toujours valide ?"
cc-1093,Est-ce que les biens donnés entre époux peuvent être transmis aux enfants si un des conjoints décède ?
cc-1093,Quelles sont les règles pour une donation faite entre époux dans un contrat de mariage ?
cc-1094-3,Est-ce que les petits-enfants peuvent demander un inventaire des biens de leur héritage ?
cc-1094-3,Peuvent-ils exiger que les titres d'usufruit soient transformés en titres nominaux ?
cc-1095,Est-ce qu'un mineur peut faire des dons à son époux sans autorisation ?
cc-1095,Quelles sont les conditions pour qu'un mineur puisse donner à son conjoint ?
cc-1098,Quelles options ont les enfants d'un époux qui reçoit un don de son partenaire ?
cc-1098,Comment un enfant peut-il renoncer à un bien hérité après un don fait par un parent ?
cc-1099-1,Que se passe-t-il si un époux utilise de l'argent donné par l'autre pour acheter un bien ?
cc-1099-1,Comment évaluer la valeur d'un bien vendu si l'argent provient d'une donation entre époux ?
cc-912,Qu'est-ce que la part réservée aux héritiers lors d'une succession ?
cc-912,Comment le défunt pouvait-il distribuer ses biens en dehors de la part réservée ?
cc-916,Que se passe-t-il si le défunt n'a pas d'enfants ni de conjoint au moment de la succession ?
cc-916,Est-il possible de donner tous les biens par testament si aucune descendance n'existe ?
cc-940,Qui s'occupe des formalités si la donation est faite à un mineur ou à une personne sous tutelle ?
cc-940,Comment se déroule la publication d'une donation faite à un établissement public ?
cc-942,Que se passe-t-il si un mineur ne reçoit pas officiellement une donation ?
cc-942,Est-ce qu'un majeur sous tutelle peut réclamer une donation non acceptée ?
cc-960,Est-ce qu'une donation peut être annulée si le donateur a des enfants après l'avoir faite ?
cc-960,Quelles sont les conditions pour révoquer une donation faite par quelqu'un sans enfants au moment de la donation ?
cc-962,Est-ce que je peux récupérer un bien donné même si la personne l'a déjà reçu ?
cc-962,"Si un enfant naît après une donation, cela change-t-il quelque chose pour le donataire ?"
cc-1029,Quel rôle joue l'exécuteur testamentaire dans la gestion de la succession ?
cc-1029,L'exécuteur peut-il vendre des biens pour payer les dettes de la succession ?
cc-1075,Comment un héritier peut-il recevoir des biens de la part d'un proche décédé ?
cc-1075,Quelles sont les options pour partager les biens d'un parent décédé entre héritiers ?
cc-1078-1,Comment les donations reçues par les héritiers sont-elles prises en compte lors du partage de la succession ?
cc-1078-1,Est-ce que les cadeaux reçus avant le partage influencent la valeur de ma part d'héritage ?
cc-1094,Est-ce qu'un époux peut laisser des biens à son partenaire si aucun enfant n'est présent ?
cc-1094,Quels biens un époux peut-il transmettre à l'autre en l'absence d'enfants ?
cc-1094-1,Quelles options un époux a-t-il pour transmettre ses biens à son partenaire en cas de décès ?
cc-1094-1,Est-ce que le conjoint survivant peut choisir une part spécifique des biens légués ?
cc-1096,Est-ce qu'un époux peut annuler une donation faite à son conjoint pendant leur mariage ?
cc-1096,Les enfants nés après une donation entre époux peuvent-ils affecter cette donation ?
cc-1099,Est-ce que les couples peuvent se faire des cadeaux en dehors des règles établies pour leur mariage ?
cc-1099,Quelles sont les limites pour les dons entre époux selon les lois en vigueur ?
cc-919-1,Que se passe-t-il si un héritier accepte une donation avant de prendre la succession ?
cc-919-1,Comment une donation est-elle considérée si l'héritier refuse d'accepter l'héritage ?
cc-919-2,Comment une donation faite avant le décès est-elle prise en compte dans la succession ?
cc-919-2,Que se passe-t-il si une donation dépasse la part que je peux recevoir ?
cc-924-1,Que faire si un bien donné m'appartient toujours et que je veux le récupérer ?
cc-924-1,Combien de temps ai-je pour décider de réduire une donation excessive reçue ?
cc-924-2,Comment se calcule le montant à rembourser en cas de donation excessive lors d'une succession ?
cc-924-2,Que se passe-t-il si les biens donnés ont perdu de la valeur au moment du partage ?
cc-924-3,Quand devez-vous payer l'indemnité de réduction après le partage de la succession ?
cc-924-3,Quel est le délai maximal pour payer une indemnité de réduction suite à une succession ?
cc-930-1,Est-ce qu'un petit-enfant peut renoncer à ses droits sur une succession avant de l'accepter ?
cc-930-1,Un mineur émancipé a-t-il le droit de renoncer à une action en réduction concernant une succession ?
cc-930-2,Que se passe-t-il si une personne renonce à son droit sur un héritage partiel ?
cc-930-2,La renonciation à une libéralité est-elle valable si elle ne concerne pas le bien hérité ?
cc-930-3,Peut-on revenir sur une renonciation à ses droits d'héritage si on se trouve dans le besoin ?
cc-930-3,Quelles sont les conditions pour annuler une renonciation à l'héritage ?
cc-930-4,Quelle est la durée pour demander la révocation d'une donation après une succession ?
cc-930-4,Dans quel cas peut-on demander la révocation d'une donation liée à un besoin financier ?
cc-930-5,"Si je renonce à un héritage, est-ce que cela affecte les autres héritiers ?"
cc-930-5,Que se passe-t-il si je décide de renoncer à ma part d'héritage ?
cc-1002-1,Que se passe-t-il si un héritier accepte la succession ?
cc-1002-1,Un légataire peut-il limiter son héritage à certains biens ?
cc-1030-1,Que peut faire l'exécuteur testamentaire si aucun héritier n'accepte la succession ?
cc-1030-1,Comment l'exécuteur doit-il informer les héritiers avant de vendre un bien immobilier ?
cc-1033-1,Est-ce que l'exécuteur testamentaire peut être payé pour son travail dans une succession ?
cc-1033-1,Y a-t-il des cas où l'exécuteur testamentaire reçoit une rémunération pour ses services ?
cc-1075-4,Qu'est-ce qu'une soulte et comment cela fonctionne-t-il dans une succession ?
cc-1075-4,Les héritiers peuvent-ils changer les règles concernant les soultes dans une donation ?
cc-1075-5,Que se passe-t-il si certains biens ne sont pas inclus dans le partage après le décès d'un proche ?
cc-1075-5,Comment sont répartis les biens non mentionnés lors du partage après un décès ?
cc-1076-1,"Si mes grands-parents ont fait une donation-partage, puis-je recevoir des biens de l'un d'eux même s'ils ne sont pas mariés ?"
cc-1076-1,"Quand des grands-parents donnent des biens à leurs petits-enfants, cela peut-il inclure des biens qui leur appartiennent à l'un ou l'autre ?"
cc-1078-4,Est-ce que mes parents peuvent décider de partager une donation avec mes enfants aussi ?
cc-1078-4,"Si une donation-partage est faite, mes frères et sœurs peuvent-ils inclure mes enfants dans le partage ?"
cc-1078-5,Qu'est-ce qu'une donation-partage et qui peut en bénéficier dans ma famille ?
cc-1078-5,Quels sont les risques si un héritier renonce à ses droits sans être bien informé ?
cc-1078-6,Comment se déroule le partage d'une donation entre petits-enfants et autres descendants ?
cc-1078-6,Peut-on donner des biens différents à chaque petit-enfant lors d'une donation-partage ?
cc-1078-7,Quelles sont les règles pour les donations entre membres d'une même famille ?
cc-1078-7,Peut-on inclure des accords spécifiques dans les donations faites aux petits-enfants ?
cc-1078-8,Comment les biens donnés aux petits-enfants sont-ils pris en compte lors d'une succession ?
cc-1078-8,Que se passe-t-il si un petit-enfant n'a pas reçu sa part dans une donation-partage ?
cc-1078-9,Comment les biens hérités par mes cousins sont-ils considérés dans la succession de notre grand-parent ?
cc-1078-9,"Si tous les petits-enfants ont reçu des lots, comment cela influence-t-il notre héritage ?"
cc-1078-10,Est-ce qu'un héritier peut donner ses biens à ses enfants lors d'une donation-partage ?
cc-1078-10,Quels biens peuvent être inclus dans une donation-partage entre descendants ?
cc-924-4,Que faire si un bien donné a été vendu par le bénéficiaire de la donation ?
cc-924-4,Est-ce que je peux récupérer un bien donné si tous les héritiers ont accepté sa vente ?
cc-898,Que se passe-t-il si la personne désignée pour hériter ne peut pas le faire ?
cc-898,Est-ce qu'un tiers peut hériter si le bénéficiaire initial ne peut pas recevoir le don ?
cc-937,Comment les dons faits à des organismes publics sont-ils acceptés dans une succession ?
cc-937,Qui doit donner son accord pour qu'une donation à un établissement public soit valide ?
cc-958,Que se passe-t-il si la donation est annulée pour ingratitude ?
cc-958,Est-ce que le donataire doit rendre des biens déjà vendus après la révocation ?
cc-981,Comment un militaire peut-il faire un testament s'il est en mission loin de chez lui ?
cc-981,Quelles sont les conditions pour qu'un testament soit valide pour une personne en service militaire ?
cc-972,Comment un testament peut-il être rédigé si le testateur ne parle pas français ?
cc-972,Quelles sont les options si le testateur ne peut ni parler ni entendre ?
cc-910,Comment savoir si une organisation peut recevoir des dons de la part d'un testament ?
cc-910,Quelles sont les conditions pour qu'un établissement de santé reçoive un héritage ?
cc-911,Que se passe-t-il si une personne incapable reçoit un don ?
cc-911,Qui sont considérés comme des personnes interposées dans le cadre d'une donation ?
cc-931-1,Que se passe-t-il si une donation n'est pas faite selon les règles ?
cc-931-1,Les héritiers peuvent-ils corriger une donation mal faite après le décès du donateur ?
cc-993,Comment savoir où se trouve le testament d'un proche décédé ?
cc-993,Qui peut détenir le testament d'un membre de ma famille décédé ?
cc-1030-2,Est-ce qu'un testament authentique nécessite une démarche supplémentaire pour que l'exécuteur s'occupe de son contenu ?
cc-1030-2,Quelles sont les implications d'avoir un testament authentique pour l'exécution des volontés du défunt ?
cc-985,Comment une personne malade peut-elle rédiger un testament en cas de contagion ?
cc-985,Quelles sont les conditions pour faire un testament lorsque l'on est isolé à cause d'une maladie ?
cc-986,Que se passe-t-il si un testament est rédigé sur une île française sans notaire et sans moyen de communiquer ?
cc-986,Comment un testament peut-il être validé si je me trouve sur une île isolée sans accès à un notaire ?
cc-1007,Que se passe-t-il avec un testament écrit avant qu'il ne soit exécuté ?
cc-1007,Comment un notaire s'assure-t-il que le testament est valide et prêt à être appliqué ?
cc-910-1,Quels types d'organisations peuvent recevoir des dons selon la loi sur la séparation des Églises et de l'État ?
cc-910-1,Quelles sont les conditions qui pourraient empêcher une organisation de recevoir un don ?
cc-921,Qui peut demander une réduction des dons faits par le défunt lors d'une succession ?
cc-921,Quel est le délai pour agir si je pense que mes droits d'héritage sont affectés ?
cc-913,Combien de biens un parent peut-il léguer si son seul enfant renonce à l'héritage ?
cc-913,Quels droits ont les enfants si la loi de la succession ne protège pas leur héritage ?
cc-939,Comment doit-on officialiser une donation de biens immobiliers pour qu'elle soit valable ?
cc-939,Quelles démarches sont nécessaires pour accepter une donation de biens soumis à hypothèque ?
cgi-768,Quelles dettes du défunt peuvent être prises en compte lors de la succession ?
cgi-768,Comment prouver les dettes du défunt pour les déduire de la succession ?
cgi-769,Quelles dettes du défunt peuvent réduire la valeur de l'héritage que je vais recevoir ?
cgi-769,Comment les dettes contractées pour des biens hérités affectent-elles la succession ?
cgi-770,Comment puis-je prouver les dettes de mon grand-parent lors de la succession ?
cgi-770,Quels documents dois-je rassembler pour déclarer les dettes de mon héritage ?
cgi-774,Comment prouver les dettes d'un membre de la famille décédé qui était agriculteur ?
cgi-774,Quelles sont les démarches à suivre pour faire valoir une créance sur la succession d'un exploitant agricole ?
cgi-773,Quelles dettes ne peuvent pas être déduites lors d'une succession ?
cgi-773,Comment prouver l'existence d'une dette du défunt au moment de l'ouverture de la succession ?
cgi-774bis,Quelles dettes du défunt ne peuvent pas être déduites de l'héritage ?
cgi-774bis,Comment sont calculés les droits de succession pour un bien dont le défunt conservait l'usufruit ?
ca-l124-1,Que se passe-t-il si une personne me fait une réclamation après un accident couvert par mon assurance ?
ca-l124-1,Mon assurance me protège-t-elle sans que quelqu'un ne réclame après un dommage causé ?
ca-l124-1-1,Qu'est-ce qu'un sinistre dans le cadre d'une assurance de responsabilité ?
ca-l124-1-1,Que signifie un fait dommageable et comment cela peut-il affecter une réclamation ?
ca-l124-2,Qu'est-ce que cela signifie si je reconnais un fait sans l'accord de mon assureur ?
ca-l124-2,Puis-je discuter d'une responsabilité avec quelqu'un avant d'en parler à mon assureur ?
ca-l124-4,Est-ce que l'assurance du véhicule couvre les dommages causés à une autre personne ?
ca-l124-4,Que se passe-t-il si le propriétaire du véhicule n'a pas d'assurance ?
ca-l124-5,Comment savoir si ma garantie d'assurance couvre un sinistre survenu après la résiliation du contrat ?
ca-l124-5,Quels sont les délais à respecter pour être protégé par l'assurance en cas de réclamation ?
ca-l124-3,"Si quelqu'un est blessé par un membre de ma famille, qui peut demander l'indemnisation ?"
ca-l124-3,Mon assureur peut-il payer directement la victime avant que je ne règle ma part ?
cp-311-1,Qu'est-ce que cela signifie de prendre quelque chose qui appartient à quelqu'un d'autre sans permission ?
cp-311-1,Comment peut-on définir le vol de manière simple et compréhensible ?
cp-311-2,Qu'est-ce que ça signifie de prendre de l'énergie sans autorisation ?
cp-311-2,Comment la loi considère-t-elle le vol d'énergie d'une personne ?
cp-311-3,Quelles sont les conséquences légales si quelqu'un commet un vol ?
cp-311-3,Quel est le montant maximum de l'amende pour un acte de vol ?
cp-311-4-1,Quelles sont les conséquences juridiques si un adulte commet un vol avec des enfants ?
cp-311-4-1,Quels types de sanctions peuvent être appliquées dans le cas d'un vol impliquant des mineurs ?
cp-311-6,Quelles sont les conséquences légales si un vol est accompagné de violences graves ?
cp-311-6,Quelle peine peut encourir une personne qui vole en blessant quelqu'un ?
cp-311-7,Quelles sont les conséquences pénales si un vol est commis avec violence causant des blessures graves ?
cp-311-7,Quelle est la peine de prison encourue pour un vol accompagné de violences entraînant des mutilations ?
cp-311-8,Quelles sont les conséquences légales si quelqu'un commet un vol avec une arme ?
cp-311-8,Quel est le niveau de punition pour un vol effectué sous menace ou avec une arme prohibée ?
cp-311-9,Quelles sont les sanctions pour un vol commis en groupe avec violence ?
cp-311-9,Quels types de vols sont les plus sévèrement punis selon la loi ?
cp-311-10,Quelles sont les conséquences légales si un vol entraîne la mort ou des violences graves ?
cp-311-10,Quels types de violences peuvent aggraver la peine pour un vol dans la loi ?
cp-311-11,Quelles sont les conséquences si quelqu'un utilise la violence pour voler ?
cp-311-11,Comment un vol peut-il être considéré comme plus grave en raison de violences ?
cp-311-13,Que se passe-t-il si quelqu'un essaie de voler mais n'y parvient pas ?
cp-311-13,"Les lois punissent-elles également les tentatives de vol, même si elles échouent ?"
cp-312-1,Qu'est-ce que l'extorsion et comment cela fonctionne-t-il dans le cadre de la loi ?
cp-312-1,Quelles sont les conséquences légales pour quelqu'un qui commet une extorsion ?
cp-312-3,Quelles sont les conséquences de l'extorsion si cela implique des violences graves ?
cp-312-3,Quelle est la peine encourue pour des actes d'extorsion avec blessures graves ?
cp-312-4,Quelles sont les conséquences légales si l'extorsion implique des violences graves ?
cp-312-4,Quelle est la peine encourue pour une extorsion avec mutilation ou infirmité permanente ?
cp-312-5,Quels sont les risques encourus si quelqu'un utilise une arme pour extorquer de l'argent ?
cp-312-5,Quelles sanctions peuvent être appliquées en cas d'extorsion avec une arme prohibée ?
cp-312-6,Quelles sont les peines encourues pour l'extorsion en groupe ?
cp-312-6,Quels sont les cas où l'extorsion peut entraîner des peines plus sévères ?
cp-312-7,Quelles sont les conséquences pour quelqu'un qui commet une extorsion avec violence ou torture ?
cp-312-7,Quelle est la peine encourue en cas d'extorsion suivie de violences mortelles ?
cp-312-8,Qu'est-ce que l'extorsion et comment peut-elle impliquer des violences ?
cp-312-8,Comment savoir si une situation d'extorsion a conduit à des actes de violence ?
cp-312-9,Que se passe-t-il si quelqu'un essaie de commettre un délit d'extorsion sans y parvenir ?
cp-312-9,Les peines sont-elles les mêmes pour une tentative d'extorsion et pour un délit réussi ?
cp-312-11,Quelles sont les conséquences si quelqu'un passe à l'action après avoir fait du chantage ?
cp-312-11,Quelle est la peine encourue pour une personne reconnue coupable de chantage ayant été exécuté ?
cp-312-12,Quelles sont les conséquences si quelqu'un essaie de faire du chantage sans y parvenir ?
cp-312-12,Les peines sont-elles les mêmes pour ceux qui tentent de commettre un délit de chantage ?
cp-312-12-1,Quelles sont les conséquences pour quelqu'un qui demande de l'argent sous la menace d'un animal dangereux ?
cp-312-12-1,Quels types de menaces peuvent entraîner une sanction pour extorsion sur la voie publique ?
cp-313-1,Quelles actions sont considérées comme de l'escroquerie dans le cadre de la loi ?
cp-313-1,Quelles sont les conséquences légales pour une personne reconnue coupable d'escroquerie ?
cp-313-3,Quelles sont les conséquences si quelqu'un essaie d'escroquer pendant la succession ?
cp-313-3,Une tentative d'escroquerie est-elle punie de la même manière qu'une escroquerie réussie ?
cp-313-8,Quelles sont les conséquences pour une personne reconnue coupable d'escroquerie ?
cp-313-8,Une personne condamnée peut-elle participer à des marchés publics après une peine ?
cp-314-2,Quelles sont les conséquences pour quelqu'un qui abuse de la confiance d'une personne vulnérable ?
cp-314-2,Est-ce que l'abus de confiance peut entraîner des peines lourdes si cela touche une association ?
cp-314-3,Quelles sont les sanctions encourues en cas d'abus de confiance par un mandataire de justice ?
cp-314-3,Dans quelles situations un officier public peut-il commettre un abus de confiance ?
cp-314-4,Quelles sont les conséquences si quelqu'un utilise de manière malhonnête les biens qui lui ont été confiés ?
cp-314-4,Comment le droit considère-t-il le fait de ne pas rendre un objet prêté à un héritier ?
cp-314-5,Quelles sont les conséquences si quelqu'un détruit un bien mis en gage ?
cp-314-5,Est-ce que tenter de détourner un objet saisi est aussi puni par la loi ?
cp-314-6,Que risque une personne qui détruit ou utilise un objet qui lui a été confié en garantie ?
cp-314-6,Quels sont les peines encourues si quelqu'un tente de détourner un objet saisi ?
cp-314-7,Quelles actions un débiteur peut-il prendre pour éviter de payer ses dettes ?
cp-314-7,Quelles sont les conséquences pour une personne qui cache ses biens pour échapper à ses obligations financières ?
cp-314-9,Que se passe-t-il si un héritier doit payer des charges liées au mariage de la personne décédée ?
cp-314-9,Les décisions de justice sur des paiements de mariage comptent-elles comme des dettes à régler dans une succession ?
cp-314-11,Quelles peuvent être les conséquences pour quelqu'un reconnu coupable d'un délit lié à la propriété ?
cp-314-11,"Est-ce que des objets peuvent être confisqués en cas de délit, même s'ils appartiennent à une personne innocente ?"
cp-311-4-2,Quelles sont les conséquences légales pour quelqu'un qui vole un objet culturel ou historique ?
cp-311-4-2,Quels types de biens sont particulièrement protégés contre le vol selon la loi ?
cp-314-10,Quelles sanctions peuvent être appliquées à quelqu'un qui commet une fraude dans une succession ?
cp-314-10,Est-ce qu'une personne reconnue coupable de fraude peut perdre ses droits civiques ou professionnels ?
cp-314-13,Quelles sont les sanctions possibles pour une entreprise impliquée dans des actions frauduleuses ?
cp-314-13,Comment une entreprise peut-elle être tenue responsable d'infractions liées à des détournements ?
cp-314-12,Quelles sanctions peuvent être appliquées aux entreprises qui commettent des infractions liées à l'appropriation frauduleuse ?
cp-314-12,Comment une entreprise peut-elle être tenue responsable si elle enfreint des lois sur les détournements ?
cp-312-15,Quelles sont les conséquences pour une entreprise si elle est reconnue coupable d'une infraction ?
cp-312-15,Une société peut-elle être punie pour des actes illégaux commis par ses employés ?
cp-311-16,Quelles sanctions peuvent être appliquées aux entreprises qui commettent des infractions liées au vol ?
cp-311-16,Comment une entreprise peut-elle être tenue responsable d'un vol dans le cadre de ses activités ?
cp-311-5,Quelles sont les conséquences légales si un vol est commis avec violence sur une personne ?
cp-311-5,Quels types de vols peuvent entraîner des peines plus sévères selon la loi ?
cp-313-6,Quelles actions peuvent être considérées comme frauduleuses lors d'une vente aux enchères publiques ?
cp-313-6,Quelles sont les conséquences légales si quelqu'un tente de manipuler les enchères ?
cp-313-6-2,Quelles sont les conséquences si on vend des billets sans autorisation ?
cp-313-6-2,Est-ce que la vente de tickets pour un spectacle peut entraîner une amende ?
cp-313-9,Quelles conséquences peuvent avoir les entreprises en cas d'infractions liées à une escroquerie ?
cp-313-9,Quelles peines peuvent être imposées aux personnes morales responsables d'escroqueries ?
cp-312-2,Quelles sanctions peuvent être appliquées en cas d'extorsion impliquant des violences sur une personne ?
cp-312-2,Comment la vulnérabilité d'une personne peut-elle influencer la gravité des sanctions pour extorsion ?
cp-311-12,Est-ce que je peux être puni si je vole quelque chose à un parent proche ?
cp-311-12,Y a-t-il des situations où le vol entre membres de la famille est sanctionné ?
cp-314-1-1,Quelles sont les conséquences si plusieurs personnes commettent une infraction ensemble ?
cp-314-1-1,Que risque une personne qui essaie de commettre une fraude sans y parvenir ?
cp-314-1,Qu'est-ce que l'abus de confiance et quelles conséquences cela peut-il avoir ?
cp-314-1,Quels types de biens peuvent être concernés par l'abus de confiance dans une succession ?
cp-315-1,Quelles sont les conséquences légales si quelqu'un entre dans un logement par la force ?
cp-315-1,Que risque une personne qui reste dans un local après y être entrée illégalement ?
cp-315-2,Que risque une personne qui reste dans un logement après une décision de justice contre elle ?
cp-315-2,Dans quelles situations une personne peut-elle rester dans un local malgré une décision de quitter les lieux ?
cp-313-6-1,Quelles sont les conséquences légales si quelqu'un utilise un bien immobilier sans autorisation du propriétaire ?
cp-313-6-1,Quels types de sanctions peuvent être appliquées à ceux qui mettent un bien immobilier à disposition sans autorisation ?
cp-312-10,Quelles sont les conséquences légales si quelqu'un tente de faire du chantage ?
cp-312-10,Comment le chantage est-il défini et qu'est-ce qui le rend illégal ?
cp-311-9-1,Quelles sont les conséquences pour quelqu'un qui signale un vol en cours ?
cp-311-9-1,Est-ce qu'un complice peut être moins puni s'il prévient les autorités ?
cp-312-6-1,Que se passe-t-il si quelqu'un signale une tentative d'extorsion avant qu'elle ne se produise ?
cp-312-6-1,Comment peut-on réduire une peine en cas d'extorsion en bande organisée ?
cp-311-4,Quelles sont les conséquences légales si plusieurs personnes volent ensemble sans faire partie d'une bande organisée ?
cp-311-4,Quelles peines sont encourues si un vol est commis dans un établissement de santé ?
cp-314-8,Quelles sont les conséquences pour une personne qui aide quelqu'un à frauder lors d'une succession ?
cp-314-8,Comment un tribunal peut-il décider des sanctions en cas de fraude dans une succession ?
cp-313-5,Quelles sont les conséquences si quelqu'un ne paie pas pour des services tels que des repas ou un hébergement ?
cp-313-5,Comment peut-on éviter des poursuites pour avoir consommé sans payer dans un établissement ?
cp-311-3-1,Que se passe-t-il si un objet volé d'une valeur inférieure à 300 euros est rendu à son propriétaire ?
cp-311-3-1,Est-il possible d'éviter des poursuites pénales pour un vol de petite valeur en payant une amende ?
cp-312-13,Quelles conséquences peut avoir une condamnation pour extorsion sur les droits d'une personne ?
cp-312-13,Est-il possible qu'une personne condamnée ne puisse plus exercer certaines professions après une infraction ?
cp-311-14,Quelles sont les conséquences pour une personne reconnue coupable de vol dans une succession ?
cp-311-14,Est-il possible qu'un héritier perde ses droits civiques après une condamnation pour vol ?
cp-313-7,Quelles sanctions peuvent être appliquées à une personne reconnue coupable d'escroquerie ?
cp-313-7,Est-ce qu'une personne condamnée peut être interdite d'exercer certaines professions ?
cp-313-2,Quelles sont les conséquences légales pour quelqu'un qui escroque une personne vulnérable ?
cp-313-2,Quel type de peine peut encourir une personne qui escroque en utilisant un faux statut officiel ?
ord45-2590-1,Quel est le rôle principal d'un notaire dans le cadre d'une succession ?
ord45-2590-1,Comment un notaire peut-il garantir l'authenticité des documents liés à une succession ?
ord45-2590-2,Comment puis-je trouver un notaire pour m'aider avec la succession de mon grand-parent ?
ord45-2590-2,Quels sont les différents niveaux de conseils des notaires en France et à quoi servent-ils ?
ord45-2590-3,Qu'est-ce qu'une chambre des notaires et quel rôle joue-t-elle dans une succession ?
ord45-2590-3,Pourquoi les chambres des notaires sont-elles considérées comme des institutions d'utilité publique ?
ord45-2590-9,Comment sont organisés et gérés les différents conseils des notaires en France ?
ord45-2590-9,Qui décide des règles de fonctionnement des chambres des notaires et des conseils régionaux ?
ord45-2590-10,Quels articles de loi ne sont plus valables à cause de cette ordonnance ?
ord45-2590-10,Quelles modifications ont été apportées aux lois précédentes mentionnées dans ce texte ?
ord45-2590-11,Qu'est-ce que cela signifie si un acte antérieur est déclaré nul pour moi en tant qu'héritier ?
ord45-2590-11,Est-ce que les décisions prises avant la nullité de l'acte affectent ma succession actuelle ?
ord45-2590-12,Quand cette nouvelle ordonnance sera-t-elle appliquée dans le cadre des successions ?
ord45-2590-12,Où pourrai-je trouver le texte de cette ordonnance après sa publication ?
ord45-2590-préambule,Pourquoi le Gouvernement a-t-il voulu réformer le statut des professions juridiques en 1939 ?
ord45-2590-préambule,Quelles modifications ont été apportées aux professions juridiques après 1941 et 1942 ?
ord45-2590-1quater,Pourquoi est-il important que les notaires suivent une formation continue ?
ord45-2590-1quater,Comment le Conseil supérieur du notariat organise la formation des notaires en exercice ?
ord45-2590-7,Les notaires peuvent-ils travailler ensemble au sein d'associations ou de syndicats ?
ord45-2590-7,Quelles sont les règles qui encadrent les associations de notaires ?
ord45-2590-6-2,Comment les notaires sont-ils protégés en cas de problème dans leurs conseils ?
ord45-2590-6-2,Y a-t-il des assurances supplémentaires pour les notaires en plus de leur contrat principal ?
ord45-2590-6-1,Comment le notariat s'assure-t-il que les informations sur les successions sont bien partagées ?
ord45-2590-6-1,Qui peut gérer les données sur les successions si le notariat décide de déléguer cette tâche ?
ord45-2590-5-2,Qui peut s'occuper de la légalisation des documents notariés pour une succession à l'étranger ?
ord45-2590-5-2,Comment obtenir une apostille pour des actes notariés à l'international dans le cadre d'une succession ?
ord45-2590-13,Quelles collectivités sont concernées par les règles de cette ordonnance ?
ord45-2590-13,Qui s'occupe des attributions des établissements d'utilité publique à Saint-Pierre-et-Miquelon et Mayotte ?
ord45-2590-6-3,Comment le notariat assure-t-il des services dans des régions moins rentables ?
ord45-2590-6-3,Quelles sont les responsabilités du conseil supérieur du notariat concernant l'accès aux notaires ?
ord45-2590-6-4,Quelles conséquences peut-on avoir si un membre de la succession ne respecte pas les règles énoncées ?
ord45-2590-6-4,Est-ce que des sanctions peuvent empêcher quelqu'un de participer à des instances professionnelles dans le cadre d'une succession ?
ord45-2590-6-5,Que se passe-t-il si un notaire ne respecte pas ses obligations ?
ord45-2590-6-5,Qui peut décider de suspendre un notaire en cas de problème sérieux ?
ord45-2590-6-6,Combien de temps peut durer la suspension des attributions d'un conseil dans une succession ?
ord45-2590-6-6,Qui prend la relève des conseils régionaux pendant la suspension de leurs activités ?
ord45-2590-6-7,Que se passe-t-il après la dissolution du conseil supérieur du notariat ?
ord45-2590-6-7,Combien de temps peut durer le processus de dissolution du conseil supérieur du notariat ?
ord45-2590-8,Qui peut m'aider à comprendre les démarches de succession à Paris ?
ord45-2590-8,Les notaires à Paris ont-ils un rôle spécifique pour les héritiers ?
ord45-2590-6,Qui peut m'aider si j'ai un problème avec un notaire lors de la succession ?
ord45-2590-6,Comment sont gérées les questions professionnelles entre notaires dans une succession ?
ord45-2590-5,Que fait le conseil régional des notaires en cas de conflit entre notaires ?
ord45-2590-5,Comment le conseil régional soutient-il les notaires dans leur travail quotidien ?
ord45-2590-4,Quels sont les rôles principaux de la chambre des notaires dans la gestion des affaires notariales ?
ord45-2590-4,Comment la chambre des notaires peut-elle résoudre les conflits entre notaires dans un département ?
ord45-2590-1ter,Combien de notaires un office notarial peut-il employer au maximum ?
ord45-2590-1ter,Quelles sont les conséquences si un notaire salarié refuse une mission pour des raisons de conscience ?
ord45-2590-1bisa,Est-ce qu'un notaire peut travailler avec d'autres professionnels dans une même société ?
ord45-2590-1bisa,Quelles sont les règles si un notaire dans une société ne peut plus exercer ?
ord45-2590-1bis,Quelles sont les différentes manières dont un notaire peut exercer son métier ?
ord45-2590-1bis,Un notaire peut-il travailler dans une société ou doit-il être indépendant ?
d73-609-1,Quelles anciennes règles sur les successions ne sont plus valables aujourd'hui ?
d73-609-1,Comment savoir si des règles anciennes s'appliquent encore à ma situation d'héritier ?
d73-609-135,Qui est responsable de la mise en œuvre de ce décret concernant la succession ?
d73-609-135,Où peut-on trouver la publication officielle de ce décret sur la succession ?
d73-609-2,Comment se passe la préparation pour devenir notaire dans le cadre d'une succession ?
d73-609-2,Quelles sont les étapes pour être nommé notaire lors d'une succession ?
d73-609-43-5,Qui compose le jury pour l'examen des notaires spécialisés ?
d73-609-43-5,Combien de temps dure le mandat des membres du jury pour l'examen de notaire ?
d73-609-43-7,Comment un notaire peut-il prouver sa spécialisation avant d'utiliser cette mention ?
d73-609-43-7,Quelles démarches doit effectuer un notaire pour faire reconnaître sa spécialisation ?
d73-609-44,Comment un notaire est-il désigné pour gérer une succession ?
d73-609-44,Qui décide de la nomination d'un notaire dans le cadre d'une succession ?
d73-609-45,Comment un héritier peut-il demander l'autorisation pour succéder à un notaire ?
d73-609-45,Quelles étapes un petit-enfant doit-il suivre pour obtenir l'agrément d'un notaire ?
d73-609-98,Que se passe-t-il si les membres d'un conseil ne sont pas d'accord sur une décision ?
d73-609-98,Est-ce que des personnes extérieures peuvent participer aux réunions du conseil d'administration ?
d73-609-112,Combien de fois par an un concours pour devenir notaire est-il organisé ?
d73-609-112,Comment sont annoncées les dates et les lieux des épreuves pour les concours de notaire ?
d73-609-114,Quelles sont les étapes pour devenir notaire dans certaines régions de France ?
d73-609-114,Comment se déroulent les examens pour les candidats au notariat dans ces départements ?
d73-609-115,Comment le concours pour devenir notaire est-il organisé dans certaines régions de France ?
d73-609-115,"Qui détermine les conditions pour passer le concours de notaire dans le Haut-Rhin, le Bas-Rhin et la Moselle ?"
d73-609-116,Comment se déroule le processus de sélection des notaires dans ces départements ?
d73-609-116,Où peut-on trouver la liste des notaires qui ont réussi les épreuves ?
d73-609-117,Comment se passe la sélection des notaires dans certaines régions de France ?
d73-609-117,Que deviennent les candidats qui échouent au concours pour devenir notaire ?
d73-609-119,Comment sont choisis les notaires pour gérer une succession dans ma région ?
d73-609-119,Que se passe-t-il s'il n'y a pas assez de candidatures pour un office de notaire ?
d73-609-120,Que se passe-t-il si aucune candidature pour notaire n'est retenue par le ministre de la justice ?
d73-609-120,Comment sont gérées les nouvelles candidatures si les premières ne conviennent pas ?
d73-609-122,Comment saura-t-on quand et comment les nouvelles règles s'appliquent dans les départements d'outre-mer ?
d73-609-122,Qui décide des dates et des méthodes pour appliquer ces règles dans les îles françaises ?
d73-609-127,Qu'est-ce qui remplace le diplôme de premier clerc selon le décret actuel ?
d73-609-127,Est-ce que réussir l'examen de premier clerc est suffisant pour certaines démarches ?
d73-609-128,Quelles sont les conditions pour devenir notaire dans un autre département depuis 1973 ?
d73-609-128,Combien d'années de stage sont nécessaires pour devenir notaire selon les différents diplômes ?
d73-609-129,"Quelles conditions doivent remplir les notaires pour exercer dans le Haut-Rhin, le Bas-Rhin ou la Moselle ?"
d73-609-129,Comment devient-on notaire dans ces départements après le 1er octobre 1973 ?
d73-609-130,Quels diplômes permettent de se présenter à l'examen de premier clerc en notariat ?
d73-609-130,Comment les anciens titulaires de la licence en droit sont-ils considérés par rapport aux nouvelles règles ?
d73-609-133,Quels anciens décrets concernant les notaires ont été annulés récemment ?
d73-609-133,Comment les changements affectent-ils les règles de succession pour les héritiers ?
d73-609-134,Comment peut-on changer les règles énoncées dans ce décret concernant la succession ?
d73-609-134,Qui a le pouvoir de modifier ce décret si nécessaire dans le futur ?
d73-609-118,Comment sont choisis les notaires dans certaines régions de France ?
d73-609-118,Qui propose les candidats pour devenir notaire dans le Bas-Rhin et le Haut-Rhin ?
d73-609-43-9,Comment peut-on savoir si un notaire est à jour dans sa formation professionnelle ?
d73-609-43-9,Quelles preuves un notaire doit-il fournir pour prouver sa formation continue ?
d73-609-46,Comment peut-on demander à un notaire d'être nommé pour gérer une succession ?
d73-609-46,Quelles pièces doivent être fournies pour demander la nomination d'un notaire ?
d73-609-55,Quand commence le délai de deux mois pour soumettre une demande liée à un notaire ?
d73-609-55,Où peut-on trouver les avis de l'Autorité de la concurrence sur les notaires ?
d73-609-54,Comment puis-je savoir si un notaire est disponible pour gérer la succession de mon grand-parent ?
d73-609-54,Où puis-je trouver des informations sur les notaires qui peuvent aider avec une succession ?
d73-609-51-1,Quelles sont les conditions à respecter pour demander un office de notaire ?
d73-609-51-1,Que se passe-t-il si ma demande de notaire n'est pas faite dans les délais ?
d73-609-117-1,Comment savoir combien de temps j'ai pour postuler en tant que notaire si un poste se libère ?
d73-609-117-1,Qui peut se porter candidat pour devenir notaire dans ma région en cas de vacance ?
d73-609-122-1,Quelles sont les particularités de la loi concernant les notaires à Saint-Pierre-et-Miquelon ?
d73-609-122-1,Comment un tribunal est désigné à Saint-Pierre-et-Miquelon selon ce décret ?
d73-609-49,Qui peut demander la création d'un nouveau bureau de notaire ?
d73-609-49,Quelles sont les étapes pour un notaire souhaitant changer d'office ?
d73-609-76,Quels types de stages peuvent être faits pour devenir notaire dans le cadre de cette formation ?
d73-609-76,Combien de temps faut-il pour valider la pratique professionnelle nécessaire à l'obtention du diplôme de notaire ?
d73-609-43-4,Quelles sont les conditions pour que la pratique professionnelle d'un notaire soit reconnue ?
d73-609-43-4,Comment prouver que l'on a bien exercé en tant que notaire ?
d73-609-43-1,Comment un notaire peut-il prouver qu'il est spécialisé dans un domaine particulier ?
d73-609-43-1,Qui décide des spécialités que les notaires peuvent obtenir ?
d73-609-43-2,Comment un notaire devient-il spécialiste dans un domaine particulier ?
d73-609-43-2,Combien d'années de pratique un notaire doit-il avoir pour se spécialiser ?
d73-609-43-6,Qui peut être dispensé de l'examen pour devenir notaire selon leur expérience professionnelle ?
d73-609-43-6,Quels types de professionnels peuvent obtenir une spécialisation sans passer d'examen ?
d73-609-43-8,Comment les notaires mettent-ils à jour leurs connaissances pour bien exercer leur métier ?
d73-609-43-8,Quelles sont les différentes façons pour un notaire de suivre sa formation continue ?
d73-609-61,Quelles sont les formations proposées pour les métiers liés aux successions dans les universités ?
d73-609-61,L'Institut national des formations notariales aide-t-il à préparer des diplômes dans le domaine juridique ?
d73-609-62,Qui peut suivre les cours offerts par l'Institut national des formations notariales ?
d73-609-62,Quelles sont les conditions requises pour accéder aux études en notariat ?
d73-609-63,Comment l'Institut national des formations notariales collabore-t-il avec les universités pour former les notaires ?
d73-609-63,Quelles sont les possibilités de coopération entre l'Institut et d'autres organismes d'enseignement ?
d73-609-74,Quelles études doivent avoir été faites pour devenir notaire en France ?
d73-609-74,Quels diplômes permettent de se présenter à l'examen de notariat ?
d73-609-75,Comment se déroule la formation pour devenir notaire selon les règles en vigueur ?
d73-609-75,Quelles sont les conditions pour obtenir un diplôme dans le domaine notarial ?
d73-609-77,À quelle fréquence se déroulent les examens pour obtenir le diplôme notarial ?
d73-609-77,Où les candidats passent-ils les épreuves du diplôme des métiers du notariat ?
d73-609-79,Qui organise les épreuves pour obtenir le diplôme des métiers du notariat ?
d73-609-79,Qu'est-ce qui permet d'obtenir le diplôme des métiers du notariat après l'examen ?
d73-609-87,Qui s'occupe de la formation à distance pour les notaires et leurs assistants ?
d73-609-87,Comment se déroule l'enseignement à distance pour les notaires selon l'institut concerné ?
d73-609-89,Comment puis-je suivre des cours de formation notariale si je ne peux pas me déplacer ?
d73-609-89,Qui doit donner l'autorisation pour étudier à distance dans ce domaine ?
d73-609-91,Est-ce que les personnes travaillant dans le domaine juridique peuvent suivre des cours à distance proposés par l'Institut national des formations notariales ?
d73-609-91,Qui peut être admis à suivre des formations à distance en lien avec le notariat ?
d73-609-106,Comment l'Institut national des formations notariales est-il financé pour sa formation continue ?
d73-609-106,Les sommes reçues par l'Institut peuvent-elles être utilisées pour d'autres dépenses que la formation des notaires ?
d73-609-50,Quand puis-je faire une demande pour un notaire après la publication d'une nouvelle carte ?
d73-609-50,Combien de temps ai-je pour déposer une demande concernant un notaire dans une zone spécifique ?
d73-609-7-2,Comment puis-je demander une dispense pour la formation notariale ?
d73-609-7-2,À qui dois-je m'adresser pour mon inscription au notariat ?
d73-609-7,Quelles sont les conditions pour devenir notaire si l'on a déjà travaillé avec un notaire ?
d73-609-7,Combien de fois peut-on passer l'examen pour obtenir le certificat d'aptitude de notaire ?
d73-609-5,Quelle est la durée minimale de pratique pour devenir notaire avant de passer un examen ?
d73-609-5,Combien de fois une personne peut-elle tenter l'examen pour devenir notaire ?
d73-609-53,Comment se déroule la nomination d'un notaire dans ma région après une création de poste ?
d73-609-53,Que se passe-t-il si je ne confirme pas ma demande de notaire dans les dix jours suivant le tirage au sort ?
d73-609-113,Comment savoir si un notaire est qualifié pour gérer une succession dans ma région ?
d73-609-113,Quels sont les critères pour qu'un notaire puisse participer au concours dans le Haut-Rhin ?
d73-609-55-1,Que se passe-t-il si le notaire nommé à un nouvel office démissionne ?
d73-609-55-1,Qui décide de la suppression d'un office de notaire créé en cas de démission ?
d73-609-3,Quelles sont les conditions nécessaires pour devenir notaire en France ?
d73-609-3,Un notaire doit-il avoir un diplôme spécifique pour exercer sa profession ?
d73-609-6,Comment sont choisis les membres du jury pour l'examen des notaires ?
d73-609-6,Quelle est la durée du mandat des membres du jury dans l'examen de notaire ?
d73-609-7-1,Quelles sont les conditions pour devenir notaire sans diplôme ni stage ?
d73-609-7-1,Est-il possible de devenir notaire avec une expérience professionnelle dans un autre pays ?
d73-609-25,Qu'est-ce qu'un notaire assistant et quel rôle joue-t-il dans une succession ?
d73-609-25,Peut-on travailler dans un office de notaire sans être officiellement nommé notaire ?
d73-609-24,Quelles peuvent être les sanctions pour un élève notaire en cas de problèmes durant sa formation ?
d73-609-24,Comment un élève notaire peut-il défendre ses droits s'il est sanctionné par l'institut ?
d73-609-23,Que se passe-t-il si un stagiaire ne respecte pas ses obligations pendant sa formation de notaire ?
d73-609-23,Combien de temps peut durer la suspension d'un stagiaire en notariat en cas de problème sérieux ?
d73-609-22,Comment un étudiant devient-il notaire stagiaire et où est-il enregistré ?
d73-609-22,Quelles sont les responsabilités d'un notaire stagiaire pendant son stage ?
d73-609-21,Que se passe-t-il si un étudiant en notariat ne trouve pas de stage dans un office de notaire ?
d73-609-21,Comment un étudiant peut-il être aidé pour trouver un stage en notariat ?
d73-609-20,Comment se déroule la formation des futurs notaires en France ?
d73-609-20,Un étudiant en notariat peut-il faire un stage à l'étranger pendant sa formation ?
d73-609-19,Quelles opportunités les étudiants en notariat peuvent-ils avoir pendant leur formation ?
d73-609-19,Comment les étudiants peuvent-ils améliorer leurs compétences en notariat durant leurs études ?
d73-609-18,Comment sont choisis les membres du jury pour les examens de notariat ?
d73-609-18,Quelle est la durée du mandat des membres du jury d'examen pour devenir notaire ?
d73-609-17,Comment sont choisis les lieux de formation pour les futurs notaires ?
d73-609-17,Les étudiants peuvent-ils exprimer leurs préférences pour leur formation de notaire ?
d73-609-16,Qui sont les membres qui composent la commission nationale de sélection pour les notaires ?
d73-609-16,Comment sont nommés les membres de la commission nationale de sélection des notaires ?
d73-609-15,Comment sont choisis les notaires si on ne les admet pas automatiquement ?
d73-609-15,Quelles sont les conditions pour être sélectionné en tant que notaire en France ?
d73-609-14,Qui détermine les critères pour le diplôme de notaire en France ?
d73-609-14,Comment est établi le programme d'études pour devenir notaire ?
d73-609-13,Quelles études sont nécessaires pour devenir notaire en France ?
d73-609-13,Comment un candidat peut-il accéder à la formation de notaire ?
d73-609-9,Comment obtient-on le diplôme pour devenir notaire en France ?
d73-609-9,Quelles sont les conditions pour étudier le notariat dans les établissements publics ?
d73-609-8,Comment les notaires sont-ils formés et par qui sont organisées leurs études supérieures ?
d73-609-8,Quelles institutions s'occupent de la formation des notaires en France ?
d73-609-12,Quels diplômes sont nécessaires pour entrer dans la formation de notaire ?
d73-609-12,Comment devient-on notaire et quelles qualifications sont requises ?
d73-609-11,Comment sont choisis les enseignants qui forment les futurs notaires ?
d73-609-11,Qui établit la liste des notaires capables d'enseigner le notariat chaque année ?
d73-609-10,Comment est choisi le directeur du diplôme de notariat ?
d73-609-10,Qui donne son avis pour la nomination du directeur du diplôme en notariat ?
d73-609-43-3,Quelles expériences professionnelles sont acceptées pour obtenir une spécialisation en notariat ?
d73-609-43-3,Peut-on acquérir une spécialisation en notariat à l'étranger ou ailleurs qu'en France ?
d73-609-59,Comment les employés des notaires se forment-ils pour mieux gérer les successions ?
d73-609-59,Quelles formations sont nécessaires pour travailler dans un office de notaire ?
d73-609-60,Comment les étudiants peuvent-ils se former pour travailler dans le domaine du notariat ?
d73-609-60,Quelles sont les différentes formations offertes pour devenir technicien en notariat ?
d73-609-109,Comment sont financées les formations pour devenir notaire dans les établissements publics d'enseignement supérieur ?
d73-609-109,Quelles sont les conditions de financement des activités d'enseignement liées au notariat dans les universités ?
d73-609-110,Quelles sont les conditions pour devenir notaire dans certaines régions de France ?
d73-609-110,Combien d'années de stage ou de pratique sont nécessaires pour être notaire dans le Haut-Rhin ?
d73-609-4,Quelles sont les professions qui peuvent devenir notaires sans respecter toutes les conditions habituelles ?
d73-609-4,Y a-t-il des dispenses pour devenir notaire en fonction de certaines expériences professionnelles ?
d73-609-78,Qui sont les membres qui composent le jury pour les examens des métiers du notariat ?
d73-609-78,Comment sont choisis les notaires qui font partie du jury d'examen ?
d73-609-57,Quand un notaire commence-t-il réellement à exercer ses fonctions après sa nomination ?
d73-609-57,Pourquoi est-il important pour un notaire de prêter serment avant de travailler ?
d73-609-58-1,Comment puis-je demander une prolongation de mon activité avant mes 70 ans ?
d73-609-58-1,Que se passe-t-il si je ne reçois pas de réponse à ma demande dans les deux mois ?
d73-609-56,Que se passe-t-il si aucun notaire ne se présente pour un office vacant ?
d73-609-56,Comment sont choisies les candidatures pour un office de notaire sans titulaire ?
d73-609-52,Comment se déroule le processus de nomination pour devenir notaire dans une zone donnée ?
d73-609-52,Quelles sont les conséquences si un candidat renonce à sa demande de création d'office de notaire ?
d73-609-51,Comment puis-je faire une demande pour devenir notaire dans une commune ?
d73-609-51,Quelles sont les conséquences si ma demande de notaire est incomplète ?
d73-609-47,Comment peut-on vérifier si un notaire est compétent et digne de confiance ?
d73-609-47,Quel est le temps d'attente pour obtenir des informations sur un notaire ?
d73-609-58,Comment un notaire commence-t-il officiellement son travail dans un bureau ?
d73-609-58,Quelles sont les étapes préalables à la prise de fonction d'un notaire ?
d73-609-94,Quel est le rôle principal de l'Institut national des formations notariales dans la formation des notaires ?
d73-609-94,Comment l'Institut contribue-t-il à l'amélioration de l'enseignement professionnel en notariat ?
d73-609-96,Qui peut faire partie du conseil d'administration de l'institut de formations notariales ?
d73-609-96,Y a-t-il une limite d'âge pour les membres du conseil d'administration de cet institut ?
d73-609-97,Combien de temps les membres du conseil d'administration exercent-ils leur mandat avant de devoir le renouveler ?
d73-609-97,Que se passe-t-il si un membre du conseil démissionne avant la fin de son mandat ?
d73-609-99,Comment sont choisis le secrétaire et le trésorier au sein du conseil d'administration ?
d73-609-99,Qui fait partie du conseil d'administration qui désigne le secrétaire et le trésorier ?
d73-609-100,Qui prend les décisions importantes concernant le fonctionnement de l'Institut national des formations notariales ?
d73-609-100,Quelles sont les principales responsabilités du conseil d'administration de l'Institut national des formations notariales ?
d73-609-101,À quelle fréquence le conseil d'administration se réunit-il pour discuter des affaires notariales ?
d73-609-101,Qui peut demander une réunion du conseil d'administration en cas de besoin ?
d73-609-104,Qui s'assure que l'Institut national des formations notariales fonctionne correctement ?
d73-609-104,Comment le directeur général de l'Institut gère-t-il les finances et les rapports avec le conseil d'administration ?
d73-609-105,Quelles sont les sources de financement pour l'Institut des formations notariales ?
d73-609-105,Comment sont financées les formations notariales si les frais ne sont pas couverts par les droits de scolarité ?
d73-609-107,Qui s'occupe de vérifier le budget des formations pour les notaires ?
d73-609-107,Quel est le rôle du Conseil supérieur du notariat concernant les finances des formations notariales ?
d73-609-95,Quel est le rôle principal de l'Institut national des formations notariales dans le domaine juridique ?
d73-609-95,Qui supervise l'Institut national des formations notariales et comment est-il administré ?
d73-609-108,Qui décide du coût des formations pour devenir notaire et des conditions de dispense ?
d73-609-108,Comment savoir si je peux être exonéré des frais pour une formation notariale ?
d73-609-111,Qui sont les personnes qui évaluent les candidats au concours de notaire ?
d73-609-111,Comment sont choisis les membres du jury pour le concours de notaire chaque année ?
